-- MySQL dump 10.19  Distrib 10.3.29-MariaDB, for debian-linux-gnu (x86_64)
--
-- Host: localhost    Database: sakip_kab
-- ------------------------------------------------------
-- Server version	10.3.29-MariaDB-1:10.3.29+maria~xenial-log

/*!40101 SET @OLD_CHARACTER_SET_CLIENT=@@CHARACTER_SET_CLIENT */;
/*!40101 SET @OLD_CHARACTER_SET_RESULTS=@@CHARACTER_SET_RESULTS */;
/*!40101 SET @OLD_COLLATION_CONNECTION=@@COLLATION_CONNECTION */;
/*!40101 SET NAMES utf8mb4 */;
/*!40103 SET @OLD_TIME_ZONE=@@TIME_ZONE */;
/*!40103 SET TIME_ZONE='+00:00' */;
/*!40014 SET @OLD_UNIQUE_CHECKS=@@UNIQUE_CHECKS, UNIQUE_CHECKS=0 */;
/*!40014 SET @OLD_FOREIGN_KEY_CHECKS=@@FOREIGN_KEY_CHECKS, FOREIGN_KEY_CHECKS=0 */;
/*!40101 SET @OLD_SQL_MODE=@@SQL_MODE, SQL_MODE='NO_AUTO_VALUE_ON_ZERO' */;
/*!40111 SET @OLD_SQL_NOTES=@@SQL_NOTES, SQL_NOTES=0 */;

--
-- Table structure for table `keuangan_tahunan`
--

DROP TABLE IF EXISTS `keuangan_tahunan`;
/*!40101 SET @saved_cs_client     = @@character_set_client */;
/*!40101 SET character_set_client = utf8 */;
CREATE TABLE `keuangan_tahunan` (
  `id` bigint(20) unsigned NOT NULL AUTO_INCREMENT,
  `assignable_id` bigint(20) unsigned NOT NULL,
  `assignable_type` varchar(255) COLLATE utf8mb4_unicode_ci NOT NULL,
  `assignable_kind` varchar(255) COLLATE utf8mb4_unicode_ci DEFAULT NULL,
  `id_periode_per_tahun` bigint(20) unsigned NOT NULL,
  `nilai` varchar(255) COLLATE utf8mb4_unicode_ci NOT NULL,
  `created_at` timestamp NULL DEFAULT NULL,
  `updated_at` timestamp NULL DEFAULT NULL,
  PRIMARY KEY (`id`),
  KEY `target_renja_assignable_id_assignable_type_index` (`assignable_id`,`assignable_type`),
  KEY `assignable_id_type_kind_index` (`assignable_id`,`assignable_type`,`assignable_kind`),
  KEY `keuangan_tahunan_id_periode_per_tahun_foreign` (`id_periode_per_tahun`),
  CONSTRAINT `keuangan_tahunan_id_periode_per_tahun_foreign` FOREIGN KEY (`id_periode_per_tahun`) REFERENCES `mst_periode_per_tahun` (`id`)
) ENGINE=InnoDB AUTO_INCREMENT=156 DEFAULT CHARSET=utf8mb4 COLLATE=utf8mb4_unicode_ci;
/*!40101 SET character_set_client = @saved_cs_client */;

--
-- Dumping data for table `keuangan_tahunan`
--

LOCK TABLES `keuangan_tahunan` WRITE;
/*!40000 ALTER TABLE `keuangan_tahunan` DISABLE KEYS */;
INSERT INTO `keuangan_tahunan` VALUES (91,6,'App\\Models\\Renstra\\Program\\ProgramRenstra','anggaran_renstra',5,'0','2022-04-14 00:00:31','2022-04-14 00:00:31'),(92,6,'App\\Models\\Renstra\\Program\\ProgramRenstra','anggaran_renstra',6,'0','2022-04-14 00:00:31','2022-04-14 00:00:31'),(93,6,'App\\Models\\Renstra\\Program\\ProgramRenstra','anggaran_renstra',7,'144230250','2022-04-14 00:00:31','2022-04-14 00:29:22'),(94,6,'App\\Models\\Renstra\\Program\\ProgramRenstra','anggaran_renstra',8,'70826450','2022-04-14 00:00:31','2022-04-14 00:29:22'),(95,6,'App\\Models\\Renstra\\Program\\ProgramRenstra','anggaran_renstra',9,'115737150','2022-04-14 00:00:31','2022-04-14 00:29:22'),(96,6,'App\\Models\\Renstra\\Program\\ProgramRenstra','anggaran_renja',5,'0','2022-04-14 00:00:31','2022-04-14 00:00:31'),(97,6,'App\\Models\\Renstra\\Program\\ProgramRenstra','anggaran_renja',6,'0','2022-04-14 00:00:31','2022-04-14 00:00:31'),(98,6,'App\\Models\\Renstra\\Program\\ProgramRenstra','anggaran_renja',7,'0','2022-04-14 00:00:31','2022-04-14 00:00:31'),(99,6,'App\\Models\\Renstra\\Program\\ProgramRenstra','anggaran_renja',8,'0','2022-04-14 00:00:31','2022-04-14 00:00:31'),(100,6,'App\\Models\\Renstra\\Program\\ProgramRenstra','anggaran_renja',9,'0','2022-04-14 00:00:31','2022-04-14 00:00:31'),(101,2,'App\\Models\\Renstra\\Kegiatan\\KegiatanRenstra','anggaran_renstra',5,'0','2022-04-14 00:16:57','2022-04-14 00:16:57'),(102,2,'App\\Models\\Renstra\\Kegiatan\\KegiatanRenstra','anggaran_renstra',6,'0','2022-04-14 00:16:57','2022-04-14 00:16:57'),(103,2,'App\\Models\\Renstra\\Kegiatan\\KegiatanRenstra','anggaran_renstra',7,'144230250','2022-04-14 00:16:57','2022-04-14 00:29:22'),(104,2,'App\\Models\\Renstra\\Kegiatan\\KegiatanRenstra','anggaran_renstra',8,'70826450','2022-04-14 00:16:57','2022-04-14 00:29:22'),(105,2,'App\\Models\\Renstra\\Kegiatan\\KegiatanRenstra','anggaran_renstra',9,'115737150','2022-04-14 00:16:57','2022-04-14 00:29:22'),(106,2,'App\\Models\\Renstra\\Kegiatan\\KegiatanRenstra','anggaran_renja',5,'0','2022-04-14 00:16:57','2022-04-14 00:16:57'),(107,2,'App\\Models\\Renstra\\Kegiatan\\KegiatanRenstra','anggaran_renja',6,'0','2022-04-14 00:16:57','2022-04-14 00:16:57'),(108,2,'App\\Models\\Renstra\\Kegiatan\\KegiatanRenstra','anggaran_renja',7,'0','2022-04-14 00:16:57','2022-04-14 00:16:57'),(109,2,'App\\Models\\Renstra\\Kegiatan\\KegiatanRenstra','anggaran_renja',8,'0','2022-04-14 00:16:57','2022-04-14 00:16:57'),(110,2,'App\\Models\\Renstra\\Kegiatan\\KegiatanRenstra','anggaran_renja',9,'0','2022-04-14 00:16:57','2022-04-14 00:16:57'),(111,2,'App\\Models\\Renstra\\SubKegiatan\\SubKegiatanRenstra','anggaran_renstra',5,'0','2022-04-14 00:29:22','2022-04-14 00:29:22'),(112,2,'App\\Models\\Renstra\\SubKegiatan\\SubKegiatanRenstra','anggaran_renstra',6,'0','2022-04-14 00:29:22','2022-04-14 00:29:22'),(113,2,'App\\Models\\Renstra\\SubKegiatan\\SubKegiatanRenstra','anggaran_renstra',7,'144230250','2022-04-14 00:29:22','2022-04-14 00:29:22'),(114,2,'App\\Models\\Renstra\\SubKegiatan\\SubKegiatanRenstra','anggaran_renstra',8,'70826450','2022-04-14 00:29:22','2022-04-14 00:29:22'),(115,2,'App\\Models\\Renstra\\SubKegiatan\\SubKegiatanRenstra','anggaran_renstra',9,'115737150','2022-04-14 00:29:22','2022-04-14 00:29:22'),(116,2,'App\\Models\\Renstra\\SubKegiatan\\SubKegiatanRenstra','anggaran_renja',5,'0','2022-04-14 00:29:22','2022-04-14 00:29:22'),(117,2,'App\\Models\\Renstra\\SubKegiatan\\SubKegiatanRenstra','anggaran_renja',6,'0','2022-04-14 00:29:22','2022-04-14 00:29:22'),(118,2,'App\\Models\\Renstra\\SubKegiatan\\SubKegiatanRenstra','anggaran_renja',7,'0','2022-04-14 00:29:22','2022-04-14 00:29:22'),(119,2,'App\\Models\\Renstra\\SubKegiatan\\SubKegiatanRenstra','anggaran_renja',8,'0','2022-04-14 00:29:22','2022-04-14 00:29:22'),(120,2,'App\\Models\\Renstra\\SubKegiatan\\SubKegiatanRenstra','anggaran_renja',9,'0','2022-04-14 00:29:22','2022-04-14 00:29:22'),(121,2,'App\\Models\\Renstra\\SasaranRenstra','anggaran_renstra',5,'0','2022-04-14 00:29:22','2022-04-14 00:29:22'),(122,2,'App\\Models\\Renstra\\SasaranRenstra','anggaran_renstra',6,'0','2022-04-14 00:29:22','2022-04-14 00:29:22'),(123,2,'App\\Models\\Renstra\\SasaranRenstra','anggaran_renstra',7,'144230250','2022-04-14 00:29:22','2022-04-14 00:29:22'),(124,2,'App\\Models\\Renstra\\SasaranRenstra','anggaran_renstra',8,'70826450','2022-04-14 00:29:22','2022-04-14 00:29:22'),(125,2,'App\\Models\\Renstra\\SasaranRenstra','anggaran_renstra',9,'115737150','2022-04-14 00:29:22','2022-04-14 00:29:22'),(126,7,'App\\Models\\Renstra\\Program\\ProgramRenstra','anggaran_renstra',5,'0','2022-04-14 02:56:12','2022-04-14 02:56:12'),(127,7,'App\\Models\\Renstra\\Program\\ProgramRenstra','anggaran_renstra',6,'0','2022-04-14 02:56:12','2022-04-14 02:56:12'),(128,7,'App\\Models\\Renstra\\Program\\ProgramRenstra','anggaran_renstra',7,'0','2022-04-14 02:56:12','2022-04-14 02:56:12'),(129,7,'App\\Models\\Renstra\\Program\\ProgramRenstra','anggaran_renstra',8,'0','2022-04-14 02:56:12','2022-04-14 02:56:12'),(130,7,'App\\Models\\Renstra\\Program\\ProgramRenstra','anggaran_renstra',9,'0','2022-04-14 02:56:12','2022-04-14 02:56:12'),(131,7,'App\\Models\\Renstra\\Program\\ProgramRenstra','anggaran_renja',5,'0','2022-04-14 02:56:12','2022-04-14 02:56:12'),(132,7,'App\\Models\\Renstra\\Program\\ProgramRenstra','anggaran_renja',6,'0','2022-04-14 02:56:12','2022-04-14 02:56:12'),(133,7,'App\\Models\\Renstra\\Program\\ProgramRenstra','anggaran_renja',7,'0','2022-04-14 02:56:12','2022-04-14 02:56:12'),(134,7,'App\\Models\\Renstra\\Program\\ProgramRenstra','anggaran_renja',8,'0','2022-04-14 02:56:12','2022-04-14 02:56:12'),(135,7,'App\\Models\\Renstra\\Program\\ProgramRenstra','anggaran_renja',9,'0','2022-04-14 02:56:12','2022-04-14 02:56:12'),(136,8,'App\\Models\\Renstra\\Program\\ProgramRenstra','anggaran_renstra',5,'0','2022-04-14 02:57:22','2022-04-14 02:57:22'),(137,8,'App\\Models\\Renstra\\Program\\ProgramRenstra','anggaran_renstra',6,'0','2022-04-14 02:57:22','2022-04-14 02:57:22'),(138,8,'App\\Models\\Renstra\\Program\\ProgramRenstra','anggaran_renstra',7,'0','2022-04-14 02:57:22','2022-04-14 02:57:22'),(139,8,'App\\Models\\Renstra\\Program\\ProgramRenstra','anggaran_renstra',8,'0','2022-04-14 02:57:22','2022-04-14 02:57:22'),(140,8,'App\\Models\\Renstra\\Program\\ProgramRenstra','anggaran_renstra',9,'0','2022-04-14 02:57:22','2022-04-14 02:57:22'),(141,8,'App\\Models\\Renstra\\Program\\ProgramRenstra','anggaran_renja',5,'0','2022-04-14 02:57:22','2022-04-14 02:57:22'),(142,8,'App\\Models\\Renstra\\Program\\ProgramRenstra','anggaran_renja',6,'0','2022-04-14 02:57:22','2022-04-14 02:57:22'),(143,8,'App\\Models\\Renstra\\Program\\ProgramRenstra','anggaran_renja',7,'0','2022-04-14 02:57:22','2022-04-14 02:57:22'),(144,8,'App\\Models\\Renstra\\Program\\ProgramRenstra','anggaran_renja',8,'0','2022-04-14 02:57:22','2022-04-14 02:57:22'),(145,8,'App\\Models\\Renstra\\Program\\ProgramRenstra','anggaran_renja',9,'0','2022-04-14 02:57:23','2022-04-14 02:57:23'),(146,9,'App\\Models\\Renstra\\Program\\ProgramRenstra','anggaran_renstra',5,'0','2022-04-14 02:57:52','2022-04-14 02:57:52'),(147,9,'App\\Models\\Renstra\\Program\\ProgramRenstra','anggaran_renstra',6,'0','2022-04-14 02:57:52','2022-04-14 02:57:52'),(148,9,'App\\Models\\Renstra\\Program\\ProgramRenstra','anggaran_renstra',7,'0','2022-04-14 02:57:52','2022-04-14 02:57:52'),(149,9,'App\\Models\\Renstra\\Program\\ProgramRenstra','anggaran_renstra',8,'0','2022-04-14 02:57:52','2022-04-14 02:57:52'),(150,9,'App\\Models\\Renstra\\Program\\ProgramRenstra','anggaran_renstra',9,'0','2022-04-14 02:57:52','2022-04-14 02:57:52'),(151,9,'App\\Models\\Renstra\\Program\\ProgramRenstra','anggaran_renja',5,'0','2022-04-14 02:57:52','2022-04-14 02:57:52'),(152,9,'App\\Models\\Renstra\\Program\\ProgramRenstra','anggaran_renja',6,'0','2022-04-14 02:57:52','2022-04-14 02:57:52'),(153,9,'App\\Models\\Renstra\\Program\\ProgramRenstra','anggaran_renja',7,'0','2022-04-14 02:57:52','2022-04-14 02:57:52'),(154,9,'App\\Models\\Renstra\\Program\\ProgramRenstra','anggaran_renja',8,'0','2022-04-14 02:57:52','2022-04-14 02:57:52'),(155,9,'App\\Models\\Renstra\\Program\\ProgramRenstra','anggaran_renja',9,'0','2022-04-14 02:57:52','2022-04-14 02:57:52');
/*!40000 ALTER TABLE `keuangan_tahunan` ENABLE KEYS */;
UNLOCK TABLES;

--
-- Table structure for table `migrations`
--

DROP TABLE IF EXISTS `migrations`;
/*!40101 SET @saved_cs_client     = @@character_set_client */;
/*!40101 SET character_set_client = utf8 */;
CREATE TABLE `migrations` (
  `id` int(10) unsigned NOT NULL AUTO_INCREMENT,
  `migration` varchar(255) COLLATE utf8mb4_unicode_ci NOT NULL,
  `batch` int(11) NOT NULL,
  PRIMARY KEY (`id`)
) ENGINE=InnoDB AUTO_INCREMENT=121 DEFAULT CHARSET=utf8mb4 COLLATE=utf8mb4_unicode_ci;
/*!40101 SET character_set_client = @saved_cs_client */;

--
-- Dumping data for table `migrations`
--

LOCK TABLES `migrations` WRITE;
/*!40000 ALTER TABLE `migrations` DISABLE KEYS */;
INSERT INTO `migrations` VALUES (1,'2014_10_12_000000_create_users_table',1),(2,'2014_10_12_100000_create_password_resets_table',1),(3,'2021_04_26_073811_create_prd_walkot',1),(4,'2021_04_27_094100_create_table_mst_opd',1),(5,'2021_04_27_103306_create_mst_satuan',1),(6,'2021_04_28_080241_create_mst_program',1),(7,'2021_04_28_090015_create_mst_kegiatan',1),(8,'2021_04_29_065821_create_mst_sub_kegiatan',1),(9,'2021_04_29_085341_create_sumber_anggaran',1),(10,'2021_04_29_093311_create_prioritas_pembangunan',1),(11,'2021_05_04_165848_add_column_is_selected_on_mst_periode',1),(12,'2021_05_05_102115_create_rpjmd_visi',1),(13,'2021_05_05_102147_create_rpjmd_misi',1),(14,'2021_05_05_124632_create_mst_periode_per_tahun',1),(15,'2021_05_06_082312_create_rpjmd_tujuan',1),(16,'2021_05_18_113452_add_column_misi_id_in_table_tujuan',1),(17,'2021_05_21_111540_add_column_is_deleted_on_any_table',1),(18,'2021_05_21_124835_drop_column_id_opd_in_table_satuan',1),(19,'2021_08_13_100022_create_bidang_urusans_table',1),(20,'2021_08_13_101811_create_mst_urusan',1),(21,'2021_08_13_155614_add_column__p_l_t_in_mst_periode',1),(22,'2021_08_16_091951_add_column_id_bidang_urusan_in_table_mst_program',1),(23,'2021_08_16_133302_create_rpjmd_sasaran',1),(24,'2021_08_16_134442_create_rpjmd_sasaran_detail',1),(25,'2021_08_16_134828_create_rpjmd_sasaran_target',1),(26,'2021_08_18_081448_add_column_id_periode',1),(27,'2021_08_18_115447_edit_column_in_rpjmd_visi',1),(28,'2021_08_23_043903_create_rpjmd_prioritas_pembangunan',1),(29,'2021_08_24_115357_create_rpjmd_strategi',1),(30,'2021_08_26_093628_create_rpjmd_kebijakan',1),(31,'2021_08_31_092146_create_rpjmd_program',1),(32,'2021_08_31_112113_create_rpjmd_program_anggaran',1),(33,'2021_09_03_103555_create_rpjmd_sumber_anggaran',1),(34,'2021_09_07_085509_create_rpjmd_penanggung_jawab',1),(35,'2021_09_07_085548_create_mst_pegawai',1),(36,'2021_09_07_090621_create_pangkat',1),(37,'2021_09_07_090707_create_mst_pangkat_golongan',1),(38,'2021_09_07_090800_create_mst_eselon',1),(39,'2021_09_07_113817_create_rpjmd_program_indikator',1),(40,'2021_09_07_113830_create_rpjmd_program_target',1),(41,'2021_09_13_084457_create_renstra_tujuan',1),(42,'2021_09_13_084523_create_renstra_tujuan_indikator',1),(43,'2021_09_13_084532_create_renstra_tujuan_target',1),(44,'2021_09_13_093932_modify_table_mst_program',1),(45,'2021_09_13_101459_modify_mst_urusan',1),(46,'2021_09_13_101600_modify_mst_bidang_urusan',1),(47,'2021_09_13_101722_modify_mst_kegiatan',1),(48,'2021_09_13_101846_modify_mst_sub_kegiatan',1),(49,'2021_09_13_105100_delete_unique_mst_program',1),(50,'2021_09_16_124226_create_renstra_sasaran',1),(51,'2021_09_18_034353_create_renstra_sasaran_indikator',1),(52,'2021_09_18_034403_create_renstra_sasaran_target',1),(53,'2021_09_20_153943_create_renstra_strategi',1),(54,'2021_09_22_072626_add_id_mst_opd_in_renstra_tujuan',1),(55,'2021_09_28_092919_add_column_renstra_tujuan',1),(56,'2021_09_29_100652_add_column_on_renstra_sasaran',1),(57,'2021_09_30_072047_table_renstra_kebijakan',1),(58,'2021_09_30_112215_add_column_on_table_rpjmd_sasaran_detail',1),(59,'2021_10_07_100549_add_column_on_table_rpjmd_tujuan_indikator',1),(60,'2021_10_07_104758_change_data_type_table_rpjmd_sasaran_detail_column_cara_pengukuran',1),(61,'2021_10_07_112543_add_column_on_table_rpjmd_program_indikator',1),(62,'2021_10_07_123452_add_field_cara_pengukuruan_renstra_sasaran_indikator',1),(63,'2021_10_22_075713_create_renstra_program',1),(64,'2021_10_26_144437_create_renstra_sasaran_program',1),(65,'2021_10_26_144641_create_renstra_sasaran_program_indikator',1),(66,'2021_10_26_144951_create_renstra_sasaran_program_target',1),(67,'2021_11_05_155728_create_renstra_kegiatan',1),(68,'2021_11_05_161848_create_renstra_kegiatan_sumber_anggaran',1),(69,'2021_11_26_105925_create_renstra_sasaran_program_indikator_penanggung_jawab_table',1),(70,'2021_11_27_023055_create_renstra_sasaran_kegiatan_table',1),(71,'2021_11_27_144118_create_renstra_sasaran_kegiatan_indikator_table',1),(72,'2021_11_27_144434_create_renstra_sasaran_kegiatan_indikator_target_table',1),(73,'2021_11_28_032533_create_target_renja_table',1),(74,'2021_11_28_164314_create_renstra_sasaran_kegiatan_indikator_penanggung_jawab_table',1),(75,'2021_11_30_111756_create_pk_renja_table',1),(76,'2021_11_30_180149_create_pk_renja_triwulan',1),(77,'2021_11_30_200728_create_pk_renja_triwulan_penanggung_jawab_table',1),(78,'2021_12_02_173139_create_renstra_sub_kegiatan_table',1),(79,'2021_12_02_174521_create_renstra_sub_kegiatan_sumber_anggaran_table',1),(80,'2021_12_05_070113_create_renstra_sasaran_sub_kegiatan_table',1),(81,'2021_12_05_120220_create_renstra_sasaran_sub_kegiatan_output_table',1),(82,'2021_12_05_124046_create_renstra_sasaran_sub_kegiatan_output_target_table',1),(83,'2021_12_07_054536_create_renstra_sasaran_sub_kegiatan_output_penanggung_jawab_table',1),(84,'2021_12_12_065308_rename_target_renja_into_keuangan_tahunan_table',1),(85,'2021_12_12_103339_rename_keuangan_tahunan_target_into_nilai',1),(86,'2021_12_13_103557_add_assignable_kind_to_keuangan_tahunan_table',1),(87,'2021_12_26_065946_modify_mst_pegawai_table',1),(88,'2022_01_03_081625_create_renstra_target_penanggung_jawab_tahunan_table',1),(89,'2022_01_04_054830_create_renstra_sasaran_indikator_penanggung_jawab_table',1),(90,'2022_01_06_090727_drop_user_roles_table',1),(91,'2022_01_06_091059_modify_users_table',1),(92,'2022_01_06_172838_change_data_structure_for_kabupaten',1),(93,'2022_01_18_030930_create_rpjmd_target_rkpd_table',2),(94,'2022_01_21_083115_refactor_renstra_sub_kegiatan_and_its_related_tables',2),(95,'2022_01_21_085553_refactor_renstra_kegiatan_and_its_related_tables',2),(96,'2022_01_22_031455_refactor_renstra_program_and_its_related_tables',2),(97,'2022_01_22_051245_refactor_renstra_sasaran_and_its_related_table',2),(98,'2022_01_23_060001_refactor_keuangan_tahunan_table',2),(99,'2022_01_23_060504_refactor_renstra_kebijakan_table',2),(100,'2022_01_23_061905_refactor_renstra_strategi_table',2),(101,'2022_01_23_072627_refactor_renstra_tujuan_and_its_related_table',2),(102,'2022_01_24_040021_refactor_rpjmd_program_and_its_related_tables',2),(103,'2022_01_24_073155_refactor_rpjmd_kebijakan_table',2),(104,'2022_01_25_023532_refactor_rpjmd_strategi_table',2),(105,'2022_01_25_052111_refactor_rpjmd_prioritas_pembangunan_table',2),(106,'2022_01_25_052654_refactor_rpjmd_sasaran_and_its_related__tables',2),(107,'2022_01_25_084807_refactor_rpjmd_tujuan_and_its_related__tables',2),(108,'2022_01_25_091213_refactor_rpjmd_misi_table',2),(109,'2022_01_25_094545_refactor_rpjmd_visi_table',2),(110,'2022_01_25_123725_refactor_mst_pegawai_table',2),(111,'2022_01_26_022640_refactor_mst_bidang_urusan_table',2),(112,'2022_01_26_023349_refactor_mst_program_table',2),(113,'2022_03_28_120920_create_pk_renja_tahunan_penanggung_jawab',3),(114,'2022_03_29_123537_modify_pk_renja_tahunan',3),(115,'2022_04_06_084313_alter_pk_renja_triwulan_penanggung_jawab_table',4),(116,'2022_04_07_043839_add_atasan_to_pk_renja_tahunan_table',5),(117,'2022_04_10_023901_revert_previously_migrated_table',5),(118,'2022_04_10_034620_create_target_pk_renja_tahunan_table',5),(119,'2022_04_10_040530_create_target_pk_renja_tahunan_penanggung_jawab_table',5),(120,'2022_04_10_060035_remove_id_satuan_from_pk_renja_tahunan_table',5);
/*!40000 ALTER TABLE `migrations` ENABLE KEYS */;
UNLOCK TABLES;

--
-- Table structure for table `mst_bidang_urusan`
--

DROP TABLE IF EXISTS `mst_bidang_urusan`;
/*!40101 SET @saved_cs_client     = @@character_set_client */;
/*!40101 SET character_set_client = utf8 */;
CREATE TABLE `mst_bidang_urusan` (
  `id` bigint(20) unsigned NOT NULL AUTO_INCREMENT,
  `kode` varchar(255) COLLATE utf8mb4_unicode_ci NOT NULL,
  `name` varchar(255) COLLATE utf8mb4_unicode_ci NOT NULL,
  `id_urusan` bigint(20) unsigned NOT NULL,
  `created_at` timestamp NULL DEFAULT NULL,
  `updated_at` timestamp NULL DEFAULT NULL,
  PRIMARY KEY (`id`),
  KEY `mst_bidang_urusan_id_urusan_foreign` (`id_urusan`),
  CONSTRAINT `mst_bidang_urusan_id_urusan_foreign` FOREIGN KEY (`id_urusan`) REFERENCES `mst_urusan` (`id`)
) ENGINE=InnoDB AUTO_INCREMENT=45 DEFAULT CHARSET=utf8mb4 COLLATE=utf8mb4_unicode_ci;
/*!40101 SET character_set_client = @saved_cs_client */;

--
-- Dumping data for table `mst_bidang_urusan`
--

LOCK TABLES `mst_bidang_urusan` WRITE;
/*!40000 ALTER TABLE `mst_bidang_urusan` DISABLE KEYS */;
INSERT INTO `mst_bidang_urusan` VALUES (1,'XX','(kosong)',1,NULL,NULL),(2,'01','URUSAN PEMERINTAHAN BIDANG PENDIDIKAN',2,NULL,NULL),(3,'02','URUSAN PEMERINTAHAN BIDANG KESEHATAN',2,NULL,NULL),(4,'03','URUSAN PEMERINTAHAN BIDANG PEKERJAAN UMUM DAN PENATAAN RUANG',2,NULL,NULL),(5,'04','URUSAN PEMERINTAHAN BIDANG PERUMAHAN DAN KAWASAN PERMUKIMAN',2,NULL,NULL),(6,'05','URUSAN PEMERINTAHAN BIDANG KETENTERAMAN DAN KETERTIBAN UMUM SERTA PERLINDUNGAN MASYARAKAT',2,NULL,NULL),(7,'06','URUSAN PEMERINTAHAN BIDANG SOSIAL',2,NULL,NULL),(8,'07','URUSAN PEMERINTAHAN BIDANG TENAGA KERJA',3,NULL,NULL),(9,'08','URUSAN PEMERINTAHAN BIDANG PEMBERDAYAAN PEREMPUAN DAN PERLINDUNGAN ANAK',3,NULL,NULL),(10,'09','URUSAN PEMERINTAHAN BIDANG PANGAN',3,NULL,NULL),(11,'10','URUSAN PEMERINTAHAN BIDANG PERTANAHAN',3,NULL,NULL),(12,'11','URUSAN PEMERINTAHAN BIDANG LINGKUNGAN HIDUP',3,NULL,NULL),(13,'12','URUSAN PEMERINTAHAN BIDANG ADMINISTRASI KEPENDUDUKAN DAN PENCATATAN SIPIL',3,NULL,NULL),(14,'13','URUSAN PEMERINTAHAN BIDANG PEMBERDAYAAN MASYARAKAT DAN DESA',3,NULL,NULL),(15,'14','URUSAN PEMERINTAHAN BIDANG PENGENDALIAN PENDUDUK DAN KELUARGA BERENCANA',3,NULL,NULL),(16,'15','URUSAN PEMERINTAHAN BIDANG PERHUBUNGAN',3,NULL,NULL),(17,'16','URUSAN PEMERINTAHAN BIDANG KOMUNIKASI DAN INFORMATIKA',3,NULL,NULL),(18,'17','URUSAN PEMERINTAHAN BIDANG KOPERASI, USAHA KECIL, DAN MENENGAH',3,NULL,NULL),(19,'18','URUSAN PEMERINTAHAN BIDANG PENANAMAN MODAL',3,NULL,NULL),(20,'19','URUSAN PEMERINTAHAN BIDANG KEPEMUDAAN DAN OLAHRAGA',3,NULL,NULL),(21,'20','URUSAN PEMERINTAHAN BIDANG STATISTIK',3,NULL,NULL),(22,'21','URUSAN PEMERINTAHAN BIDANG PERSANDIAN',3,NULL,NULL),(23,'22','URUSAN PEMERINTAHAN BIDANG KEBUDAYAAN',3,NULL,NULL),(24,'23','URUSAN PEMERINTAHAN BIDANG PERPUSTAKAAN',3,NULL,NULL),(25,'24','URUSAN PEMERINTAHAN BIDANG KEARSIPAN',3,NULL,NULL),(26,'25','URUSAN PEMERINTAHAN BIDANG KELAUTAN DAN PERIKANAN',4,NULL,NULL),(27,'26','URUSAN PEMERINTAHAN BIDANG PARIWISATA',4,NULL,NULL),(28,'27','URUSAN PEMERINTAHAN BIDANG PERTANIAN',4,NULL,NULL),(29,'28','URUSAN PEMERINTAHAN BIDANG KEHUTANAN',4,NULL,NULL),(30,'29','URUSAN PEMERINTAHAN BIDANG ENERGI DAN SUMBER DAYA MINERAL',4,NULL,NULL),(31,'30','URUSAN PEMERINTAHAN BIDANG PERDAGANGAN',4,NULL,NULL),(32,'31','URUSAN PEMERINTAHAN BIDANG PERINDUSTRIAN',4,NULL,NULL),(33,'32','URUSAN PEMERINTAHAN BIDANG TRANSMIGRASI',4,NULL,NULL),(34,'01','SEKRETARIAT DAERAH',5,NULL,NULL),(35,'02','SEKRETARIAT DPRD',5,NULL,NULL),(36,'01','PERENCANAAN',6,NULL,NULL),(37,'02','KEUANGAN',6,NULL,NULL),(38,'03','KEPEGAWAIAN',6,NULL,NULL),(39,'04','PENDIDIKAN DAN PELATIHAN',6,NULL,NULL),(40,'05','PENELITIAN DAN PENGEMBANGAN',6,NULL,NULL),(41,'06','PENGELOLAAN PERBATASAN',6,NULL,NULL),(42,'01','INSPEKTORAT DAERAH',7,NULL,NULL),(43,'01','KECAMATAN',8,NULL,NULL),(44,'01','KESATUAN BANGSA DAN POLITIK',9,NULL,NULL);
/*!40000 ALTER TABLE `mst_bidang_urusan` ENABLE KEYS */;
UNLOCK TABLES;

--
-- Table structure for table `mst_eselon`
--

DROP TABLE IF EXISTS `mst_eselon`;
/*!40101 SET @saved_cs_client     = @@character_set_client */;
/*!40101 SET character_set_client = utf8 */;
CREATE TABLE `mst_eselon` (
  `id` bigint(20) unsigned NOT NULL AUTO_INCREMENT,
  `nama` varchar(255) COLLATE utf8mb4_unicode_ci NOT NULL,
  `created_at` timestamp NULL DEFAULT NULL,
  `updated_at` timestamp NULL DEFAULT NULL,
  PRIMARY KEY (`id`)
) ENGINE=InnoDB AUTO_INCREMENT=9 DEFAULT CHARSET=utf8mb4 COLLATE=utf8mb4_unicode_ci;
/*!40101 SET character_set_client = @saved_cs_client */;

--
-- Dumping data for table `mst_eselon`
--

LOCK TABLES `mst_eselon` WRITE;
/*!40000 ALTER TABLE `mst_eselon` DISABLE KEYS */;
INSERT INTO `mst_eselon` VALUES (1,'II.b','2022-01-13 00:19:28','2022-01-13 00:19:28'),(2,'III.a','2022-01-13 00:19:28','2022-01-13 00:19:28'),(3,'Jabatan lain','2022-01-13 00:19:28','2022-01-13 00:19:28'),(4,'III.b','2022-01-13 00:19:28','2022-01-13 00:19:28'),(5,'IV.a','2022-01-13 00:19:28','2022-01-13 00:19:28'),(6,'IV.b','2022-01-13 00:19:29','2022-01-13 00:19:29'),(7,'II.a','2022-01-13 00:19:33','2022-01-13 00:19:33'),(8,'Bupati','2022-01-13 00:19:33','2022-01-13 00:19:33');
/*!40000 ALTER TABLE `mst_eselon` ENABLE KEYS */;
UNLOCK TABLES;

--
-- Table structure for table `mst_kegiatan`
--

DROP TABLE IF EXISTS `mst_kegiatan`;
/*!40101 SET @saved_cs_client     = @@character_set_client */;
/*!40101 SET character_set_client = utf8 */;
CREATE TABLE `mst_kegiatan` (
  `id` bigint(20) unsigned NOT NULL AUTO_INCREMENT,
  `id_program` int(11) NOT NULL,
  `kode_kegiatan` varchar(255) COLLATE utf8mb4_unicode_ci NOT NULL,
  `name` varchar(1255) COLLATE utf8mb4_unicode_ci NOT NULL DEFAULT '',
  `created_at` timestamp NULL DEFAULT NULL,
  `updated_at` timestamp NULL DEFAULT NULL,
  PRIMARY KEY (`id`)
) ENGINE=InnoDB AUTO_INCREMENT=405 DEFAULT CHARSET=utf8mb4 COLLATE=utf8mb4_unicode_ci;
/*!40101 SET character_set_client = @saved_cs_client */;

--
-- Dumping data for table `mst_kegiatan`
--

LOCK TABLES `mst_kegiatan` WRITE;
/*!40000 ALTER TABLE `mst_kegiatan` DISABLE KEYS */;
INSERT INTO `mst_kegiatan` VALUES (1,1,'2.01','Perencanaan, Penganggaran, dan Evaluasi Kinerja Perangkat Daerah\r',NULL,NULL),(2,1,'2.02','Administrasi Keuangan Perangkat Daerah\r',NULL,NULL),(3,1,'2.03','Administrasi Barang Milik Daerah pada Perangkat Daerah\r',NULL,NULL),(4,1,'2.04','Administrasi Pendapatan Daerah Kewenangan Perangkat Daerah\r',NULL,NULL),(5,1,'2.05','Administrasi Kepegawaian Perangkat Daerah\r',NULL,NULL),(6,1,'2.06','Administrasi Umum Perangkat Daerah\r',NULL,NULL),(7,1,'2.07','Pengadaan Barang Milik Daerah Penunjang Urusan Pemerintah Daerah\r',NULL,NULL),(8,1,'2.08','Penyediaan Jasa Penunjang Urusan Pemerintahan Daerah\r',NULL,NULL),(9,1,'2.09','Pemeliharaan Barang Milik Daerah Penunjang Urusan Pemerintahan Daerah\r',NULL,NULL),(10,1,'2.10','Peningkatan Pelayanan BLUD\r',NULL,NULL),(11,1,'2.11','Administrasi Keuangan dan Operasional Kepala Daerah dan Wakil Kepala Daerah (Kegiatan dan Sub Kegiatan hanya digunakan oleh Sekretariat Daerah)\r',NULL,NULL),(12,1,'2.12','Fasilitasi Kerumahtanggaan Sekretariat Daerah (Kegiatan dan Sub Kegiatan hanya digunakan oleh Sekretariat Daerah)\r',NULL,NULL),(13,1,'2.13','Penataan Organisasi (Kegiatan dan Sub Kegiatan hanya digunakan oleh Sekretariat Daerah)\r',NULL,NULL),(14,1,'2.14','Pelaksanaan Protokol dan Komunikasi Pimpinan (Kegiatan dan Sub Kegiatan hanya digunakan oleh Sekretariat Daerah)\r',NULL,NULL),(15,2,'2.15','Pelaksanaan Protokol dan Komunikasi Pimpinan (Kegiatan dan Sub Kegiatan hanya digunakan oleh\nSekretariat DPRD)\r',NULL,NULL),(16,2,'2.16','Layanan Administrasi DPRD (Kegiatan dan Sub Kegiatan hanya digunakan oleh\nSekretariat DPRD)\r',NULL,NULL),(17,3,'2.01','Pengelolaan Pendidikan Sekolah Dasar\r',NULL,NULL),(18,3,'2.02','Pengelolaan Pendidikan Sekolah Menengah Pertama\r',NULL,NULL),(19,3,'2.03','Pengelolaan Pendidikan Anak Usia Dini (PAUD)\r',NULL,NULL),(20,3,'2.04','Pengelolaan Pendidikan Nonformal/Kesetaraan\r',NULL,NULL),(21,4,'2.01','Penetapan Kurikulum Muatan Lokal Pendidikan Dasar\r',NULL,NULL),(22,4,'2.02','Penetapan Kurikulum Muatan Lokal Pendidikan Anak Usia Dini dan Pendidikan Nonformal\r',NULL,NULL),(23,5,'2.01','Pemerataan Kuantitas dan Kualitas Pendidik dan Tenaga Kependidikan bagi Satuan Pendidikan Dasar, PAUD, dan Pendidikan Nonformal/Kesetaraan\r',NULL,NULL),(24,6,'2.01','Penerbitan Izin Pendidikan Dasar yang Diselenggarakan oleh Masyarakat\r',NULL,NULL),(25,6,'2.02','Penerbitan Izin PAUD dan Pendidikan Nonformal yang Diselenggarakan oleh Masyarakat\r',NULL,NULL),(26,7,'2.01','Pembinaan, Pengembangan dan Perlindungan Bahasa dan Sastra yang Penuturannya dalam Daerah Kabupaten/Kota\r',NULL,NULL),(27,8,'2.01','Penyediaan Fasilitas Pelayanan Kesehatan untuk UKM dan UKP Kewenangan Daerah Kabupaten/Kota\r',NULL,NULL),(28,8,'2.02','Penyediaan Layanan Kesehatan untuk UKM dan UKP Rujukan Tingkat Daerah Kabupaten/Kota\r',NULL,NULL),(29,8,'2.03','Penyelenggaraan Sistem Informasi Kesehatan secara Terintegrasi\r',NULL,NULL),(30,8,'2.04','Penerbitan Izin Rumah Sakit Kelas C dan D serta Fasilitas Pelayanan Kesehatan Tingkat Daerah Kabupaten/Kota\r',NULL,NULL),(31,9,'2.01','Pemberian Izin Praktik Tenaga Kesehatan di Wilayah Kabupaten/Kota\r',NULL,NULL),(32,9,'2.02','Perencanaan Kebutuhan dan Pendayagunaan Sumberdaya Manusia Kesehatan untuk UKP dan UKM di Wilayah Kabupaten/Kota\r',NULL,NULL),(33,9,'2.03','Pengembangan Mutu dan Peningkatan Kompetensi Teknis Sumber Daya Manusia Kesehatan Tingkat Daerah Kabupaten/Kota\r',NULL,NULL),(34,10,'2.01','Pemberian Izin Apotek, Toko Obat, Toko Alat Kesehatan dan Optikal, Usaha Mikro Obat Tradisional (UMOT)\r',NULL,NULL),(35,10,'2.02','Pemberian Sertifikat Produksi untuk Sarana Produksi Alat Kesehatan Kelas 1 tertentu dan Perbekalan Kesehatan Rumah Tangga Kelas 1 Tertentu Perusahaan Rumah Tangga\r',NULL,NULL),(36,10,'2.03','Penerbitan Sertifikat Produksi Pangan Industri Rumah Tangga dan Nomor P-IRT sebagai Izin Produksi, untuk Produk Makanan Minuman Tertentu yang dapat Diproduksi oleh Industri Rumah Tangga\r',NULL,NULL),(37,10,'2.04','Penerbitan Sertifikat Laik Higiene Sanitasi Tempat Pengelolaan Makanan (TPM) antara lain Jasa Boga, Rumah Makan/Restoran dan Depot Air Minum (DAM)\r',NULL,NULL),(38,10,'2.05','Penerbitan Stiker Pembinaan pada Makanan Jajanan dan Sentra Makanan Jajanan\r',NULL,NULL),(39,10,'2.06','Pemeriksaan dan Tindak Lanjut Hasil Pemeriksaan Post Market pada Produksi dan Produk Makanan Minuman Industri Rumah Tangga\r',NULL,NULL),(40,11,'2.01','Advokasi, Pemberdayaan, Kemitraan, Peningkatan Peran serta Masyarakat dan Lintas Sektor Tingkat Daerah Kabupaten/Kota\r',NULL,NULL),(41,11,'2.02','Pelaksanaan Sehat dalam rangka Promotif Preventif Tingkat Daerah Kabupaten/Kota\r',NULL,NULL),(42,11,'2.03','Pengembangan dan Pelaksanaan Upaya Kesehatan Bersumber Daya Masyarakat (UKBM) Tingkat Daerah Kabupaten/Kota\r',NULL,NULL),(43,12,'2.01','Pengelolaan SDA dan Bangunan Pengaman Pantai pada Wilayah Sungai (WS) dalam 1 (satu) Daerah Kabupaten/Kota\r',NULL,NULL),(44,12,'2.02','Pengembangan dan Pengelolaan Sistem Irigasi Primer dan Sekunder pada Daerah Irigasi yang Luasnya dibawah 1000 Ha dalam 1 (satu) Daerah Kabupaten/Kota\r',NULL,NULL),(45,13,'2.01','Pengelolaan dan Pengembangan Sistem Penyediaan Air Minum (SPAM) di Daerah Kabupaten/Kota\r',NULL,NULL),(46,14,'2.01','Pengembangan Sistem dan Pengelolaan Persampahan di Daerah Kabupaten/Kota\r',NULL,NULL),(47,15,'2.01','Pengelolaan dan Pengembangan Sistem Air Limbah Domestik dalam Daerah Kabupaten/Kota\r',NULL,NULL),(48,16,'2.01','Pengelolaan dan Pengembangan Sistem Drainase yang Terhubung Langsung dengan Sungai dalam Daerah Kabupaten/Kota\r',NULL,NULL),(49,17,'2.01','Penyelenggaraan Infrastruktur pada Permukiman di Kawasan Strategis Daerah Kabupaten/Kota\r',NULL,NULL),(50,18,'2.01','Penyelenggaraan Bangunan Gedung di Wilayah Daerah Kabupaten/Kota, Pemberian Izin Mendirikan Bangunan (IMB) dan Sertifikat Laik Fungsi Bangunan Gedung\r',NULL,NULL),(51,19,'2.01','Penyelenggaraan Penataan Bangunan dan Lingkungannya di Daerah Kabupaten/Kota\r',NULL,NULL),(52,20,'2.01','Penyelenggaraan Jalan Kabupaten/Kota\r',NULL,NULL),(53,21,'2.01','Penyelenggaraan Pelatihan Tenaga Terampil Konstruksi\r',NULL,NULL),(54,21,'2.02','Penyelenggaraan Sistem Informasi Jasa Konstruksi Cakupan Daerah Kabupaten/Kota\r',NULL,NULL),(55,21,'2.03','Penerbitan Izin Usaha Jasa Konstruksi Nasional (Non Kecil dan Kecil)\r',NULL,NULL),(56,21,'2.04','Pengawasan Tertib Usaha, Tertib Penyelenggaraan dan Tertib Pemanfaatan Jasa Konstruksi\r',NULL,NULL),(57,22,'2.01','Penetapan Rencana Tata Ruang Wilayah (RTRW) dan Rencana Rinci Tata Ruang (RRTR) Kabupaten/Kota\r',NULL,NULL),(58,22,'2.02','Koordinasi dan Sinkronisasi Perencanaan Tata Ruang Daerah Kabupaten/Kota\r',NULL,NULL),(59,22,'2.03','Koordinasi dan Sinkronisasi Pemanfaatan Ruang Daerah Kabupaten/Kota\r',NULL,NULL),(60,22,'2.04','Koordinasi dan Sinkronisasi Pengendalian Pemanfaatan Ruang Daerah Kabupaten/Kota\r',NULL,NULL),(61,23,'2.01','Pendataan Penyediaan dan Rehabilitasi Rumah Korban Bencana atau Relokasi Program Kabupaten/Kota\r',NULL,NULL),(62,23,'2.02','Sosialisasi dan Persiapan Penyediaan dan Rehabilitasi Rumah Korban Bencana atau Relokasi Program Kabupaten/Kota\r',NULL,NULL),(63,23,'2.03','Pembangunan dan Rehabilitasi Rumah Korban Bencana atau Relokasi Program Kabupaten/Kota\r',NULL,NULL),(64,23,'2.04','Pendistribusian dan Serah Terima Rumah bagi Korban Bencana atau Relokasi Program Kabupaten/Kota\r',NULL,NULL),(65,23,'2.05','Pembinaan Pengelolaan Rumah Susun Umum dan/atau Rumah Khusus\r',NULL,NULL),(66,23,'2.06','Penerbitan Izin Pembangunan dan Pengembangan Perumahan\r',NULL,NULL),(67,23,'2.07','Penerbitan Sertifikat Kepemilikan Bangunan Gedung (SKGB)\r',NULL,NULL),(68,24,'2.01','Penerbitan Izin Pembangunan dan Pengembangan Kawasan Permukiman\r',NULL,NULL),(69,24,'2.02','Penataan dan Peningkatan Kualitas Kawasan Permukiman Kumuh dengan Luas di Bawah 10 (sepuluh) Ha\r',NULL,NULL),(70,24,'2.03','Peningkatan Kualitas Kawasan Permukiman Kumuh dengan Luas di Bawah 10 (sepuluh) Ha\r',NULL,NULL),(71,25,'2.01','Pencegahan Perumahan dan Kawasan Permukiman Kumuh pada Daerah Kabupaten/Kota\r',NULL,NULL),(72,26,'2.01','Urusan Penyelenggaraan PSU Perumahan\r',NULL,NULL),(73,27,'2.01','Sertifikasi dan Registrasi bagi Orang atau Badan Hukum yang Melaksanakan Perancangan dan Perencanaan Rumah serta Perencanaan Prasarana, Sarana dan Utilitas Umum PSU Tingkat Kemampuan Kecil\r',NULL,NULL),(74,28,'2.01','Penanganan Gangguan Ketenteraman dan Ketertiban Umum dalam 1 (satu) Daerah Kabupaten/Kota\r',NULL,NULL),(75,28,'2.02','Penegakan Peraturan Daerah Kabupaten/Kota dan Peraturan Bupati/Wali Kota\r',NULL,NULL),(76,28,'2.03','Pembinaan Penyidik Pegawai Negeri Sipil (PPNS) Kabupaten/Kota\r',NULL,NULL),(77,29,'2.01','Pelayanan Informasi Rawan Bencana Kabupaten/Kota\r',NULL,NULL),(78,29,'2.02','Pelayanan Pencegahan dan Kesiapsiagaan terhadap Bencana\r',NULL,NULL),(79,29,'2.03','Pelayanan Penyelamatan dan Evakuasi Korban Bencana\r',NULL,NULL),(80,29,'2.04','Penataan Sistem Dasar Penanggulangan Bencana\r',NULL,NULL),(81,30,'2.01','Pencegahan, Pengendalian, Pemadaman, Penyelamatan, dan Penanganan Bahan Berbahaya dan Beracun Kebakaran dalam Daerah Kabupaten/Kota\r',NULL,NULL),(82,30,'2.02','Inspeksi Peralatan Proteksi Kebakaran\r',NULL,NULL),(83,30,'2.03','Investigasi Kejadian Kebakaran\r',NULL,NULL),(84,30,'2.04','Pemberdayaan Masyarakat dalam Pencegahan Kebakaran\r',NULL,NULL),(85,30,'2.05','Penyelenggaraan Operasi Pencarian dan Pertolongan terhadap Kondisi Membahayakan Manusia\r',NULL,NULL),(86,31,'2.01','Pemberdayaan Sosial Komunitas Adat Terpencil (KAT)\r',NULL,NULL),(87,31,'2.02','Pengumpulan Sumbangan dalam Daerah Kabupaten/Kota\r',NULL,NULL),(88,31,'2.03','Pengembangan Potensi Sumber Kesejahteraan Sosial Daerah Kabupaten/Kota\r',NULL,NULL),(89,32,'2.01','Pemulangan Warga Negara Migran Korban Tindak Kekerasan dari Titik Debarkasi di Daerah Kabupaten/Kota untuk dipulangkan ke Desa/Kelurahan Asal\r',NULL,NULL),(90,33,'2.01','Rehabilitasi Sosial Dasar Penyandang Disabilitas Terlantar, Anak Terlantar, Lanjut Usia Terlantar, serta Gelandangan Pengemis di Luar Panti Sosial\r',NULL,NULL),(91,33,'2.02','Rehabilitasi Sosial Penyandang Masalah Kesejahteraan Sosial (PMKS) Lainnya Bukan Korban HIV/AIDS dan NAPZA di Luar Panti Sosial\r',NULL,NULL),(92,34,'2.01','Pemeliharaan Anak-Anak Terlantar\r',NULL,NULL),(93,34,'2.02','Pengelolaan Data Fakir Miskin Cakupan Daerah Kabupaten/Kota\r',NULL,NULL),(94,35,'2.01','Perlindungan Sosial Korban Bencana Alam dan Sosial Kabupaten/Kota\r',NULL,NULL),(95,35,'2.02','Penyelenggaraan Pemberdayaan Masyarakat terhadap Kesiapsiagaan Bencana Kabupaten/Kota\r',NULL,NULL),(96,36,'2.01','Pemeliharaan Taman Makam Pahlawan Nasional Kabupaten/Kota\r',NULL,NULL),(97,37,'2.01','Penyusunan Rencana Tenaga Kerja (RTK)\r',NULL,NULL),(98,38,'2.01','Pelaksanaan Pelatihan berdasarkan Unit Kompetensi\r',NULL,NULL),(99,38,'2.02','Pembinaan Lembaga Pelatihan Kerja Swasta\r',NULL,NULL),(100,38,'2.03','Perizinan dan Pendaftaran Lembaga Pelatihan Kerja\r',NULL,NULL),(101,38,'2.04','Konsultansi Produktivitas pada Perusahaan Kecil\r',NULL,NULL),(102,38,'2.05','Pengukuran Produktivitas Tingkat Daerah Kabupaten/Kota\r',NULL,NULL),(103,39,'2.01','Pelayanan Antarkerja di Daerah Kabupaten/Kota\r',NULL,NULL),(104,39,'2.02','Penerbitan Izin Lembaga Penempatan Tenaga Kerja Swasta (LPTKS) dalam 1 (satu) Daerah Kabupaten/Kota\r',NULL,NULL),(105,39,'2.03','Pengelolaan Informasi Pasar Kerja\r',NULL,NULL),(106,39,'2.04','Pelindungan PMI (Pra dan Purna Penempatan) di Daerah Kabupaten/Kota\r',NULL,NULL),(107,39,'2.05','Penerbitan Perpanjangan IMTA yang Lokasi Kerja dalam 1 (satu) Daerah Kabupaten/Kota\r',NULL,NULL),(108,40,'2.01','Pengesahan Peraturan Perusahaan dan Pendaftaran Perjanjian Kerja Bersama untuk Perusahaan yang hanya Beroperasi dalam 1 (satu) Daerah Kabupaten/Kota\r',NULL,NULL),(109,40,'2.02','Pencegahan dan Penyelesaian Perselisihan Hubungan Industrial, Mogok Kerja dan Penutupan Perusahaan di Daerah Kabupaten/Kota\r',NULL,NULL),(110,42,'2.01','Pelembagaan Pengarusutamaan Gender (PUG) pada Lembaga Pemerintah Kewenangan Kabupaten/Kota\r',NULL,NULL),(111,42,'2.02','Pemberdayaan Perempuan Bidang Politik, Hukum, Sosial, dan Ekonomi pada Organisasi Kemasyarakatan Kewenangan Kabupaten/Kota\r',NULL,NULL),(112,42,'2.03','Penguatan dan Pengembangan Lembaga Penyedia Layanan Pemberdayaan Perempuan Kewenangan Kabupaten/Kota\r',NULL,NULL),(113,43,'2.01','Pencegahan Kekerasan terhadap Perempuan Lingkup Daerah Kabupaten/Kota\r',NULL,NULL),(114,43,'2.02','Penyediaan Layanan Rujukan Lanjutan bagi Perempuan Korban Kekerasan yang Memerlukan Koordinasi Kewenangan Kabupaten/Kota\r',NULL,NULL),(115,43,'2.03','Penguatan dan Pengembangan Lembaga Penyedia  Layanan Perlindungan Perempuan Tingkat Daerah Kabupaten/Kota\r',NULL,NULL),(116,44,'2.01','Peningkatan Kualitas Keluarga dalam Mewujudkan Kesetaraan Gender (KG) dan Hak Anak Tingkat Daerah Kabupaten/Kota\r',NULL,NULL),(117,44,'2.02','Penguatan dan Pengembangan Lembaga Penyedia Layanan Peningkatan Kualitas Keluarga dalam Mewujudkan KG dan Hak Anak yang Wilayah Kerjanya dalam Daerah Kabupaten/Kota\r',NULL,NULL),(118,44,'2.03','Penyediaan Layanan bagi Keluarga dalam Mewujudkan KG dan Hak Anak yang Wilayah Kerjanya dalam Daerah Kabupaten/Kota\r',NULL,NULL),(119,45,'2.01','Pengumpulan, Pengolahan Analisis dan Penyajian Data Gender dan Anak Dalam Kelembagaan Data di Tingkat Daerah Kabupaten/Kota\r',NULL,NULL),(120,46,'2.01','Pelembagaan PHA pada Lembaga Pemerintah, Nonpemerintah, dan Dunia Usaha Kewenangan Kabupaten/Kota\r',NULL,NULL),(121,46,'2.02','Penguatan dan Pengembangan Lembaga Penyedia Layanan Peningkatan Kualitas Hidup Anak Kewenangan Kabupaten/Kota\r',NULL,NULL),(122,47,'2.01','Pencegahan Kekerasan terhadap Anak yang Melibatkan para Pihak Lingkup Daerah Kabupaten/Kota\r',NULL,NULL),(123,47,'2.02','Penyediaan Layanan bagi Anak yang Memerlukan Perlindungan Khusus yang Memerlukan Koordinasi Tingkat Daerah Kabupaten/Kota\r',NULL,NULL),(124,47,'2.03','Penguatan dan Pengembangan Lembaga Penyedia Layanan bagi Anak yang Memerlukan Perlindungan Khusus Tingkat Daerah Kabupaten/Kota\r',NULL,NULL),(125,48,'2.01','Penyediaan Infrastruktur dan Seluruh Pendukung Kemandirian Pangan sesuai Kewenangan Daerah Kabupaten/Kota\r',NULL,NULL),(126,49,'2.01','Penyediaan dan Penyaluran Pangan Pokok atau Pangan Lainnya sesuai dengan Kebutuhan Daerah Kabupaten/Kota dalam rangka Stabilisasi Pasokan dan Harga Pangan\r',NULL,NULL),(127,49,'2.02','Pengelolaan dan Keseimbangan Cadangan Pangan Kabupaten/Kota\r',NULL,NULL),(128,49,'2.03','Penentuan Harga Minimum Daerah untuk Pangan Lokal yang Tidak Ditetapkan oleh Pemerintah Pusat dan Pemerintah Provinsi\r',NULL,NULL),(129,49,'2.04','Pelaksanaan Pencapaian Target Konsumsi Pangan Perkapita/Tahun sesuai dengan Angka Kecukupan Gizi\r',NULL,NULL),(130,50,'2.01','Penyusunan Peta Kerentanan dan Ketahanan Pangan Kecamatan\r',NULL,NULL),(131,50,'2.02','Penanganan Kerawanan Pangan Kewenangan Kabupaten/Kota\r',NULL,NULL),(132,51,'2.01','Pelaksanaan Pengawasan Keamanan Pangan Segar Daerah Kabupaten/Kota\r',NULL,NULL),(133,52,'2.01','Pemberian Izin Lokasi Dalam 1 (satu) Daerah Kabupaten/Kota\r',NULL,NULL),(134,53,'2.01','Penyelesaian Sengketa Tanah Garapan dalam Daerah Kabupaten/Kota\r',NULL,NULL),(135,54,'2.01','Penyelesaian Masalah Ganti Kerugian dan Santunan Tanah untuk Pembangunan oleh Pemerintah Daerah Kabupaten/Kota\r',NULL,NULL),(136,55,'2.01','Penetapan Subjek dan Objek Redistribusi Tanah serta Ganti Kerugian Tanah Kelebihan Maksimum dan Tanah Absentee dalam 1 (satu) Daerah Kabupaten/Kota\r',NULL,NULL),(137,55,'2.02','Penetapan Ganti Kerugian Tanah Kelebihan Maksimum dan Tanah Absentee Lintas Daerah Kabupaten/Kota dalam 1 (satu) Daerah Kabupaten/Kota\r',NULL,NULL),(138,56,'2.01','Penetapan Tanah Ulayat yang Lokasinya dalam Daerah Kabupaten/Kota\r',NULL,NULL),(139,57,'2.01','Penyelesaian Masalah Tanah Kosong\r',NULL,NULL),(140,57,'2.02','Inventarisasi dan Pemanfaatan Tanah Kosong\r',NULL,NULL),(141,58,'2.01','Penerbitan Izin Membuka Tanah\r',NULL,NULL),(142,59,'2.01','Penggunaan Tanah yang Hamparannya dalam satu Daerah Kabupaten/Kota\r',NULL,NULL),(143,60,'2.01','Rencana Perlindungan dan Pengelolaan Lingkungan Hidup (RPPLH) Kabupaten/Kota\r',NULL,NULL),(144,60,'2.02','Penyelenggaraan Kajian Lingkungan Hidup Strategis (KLHS) Kabupaten/Kota\r',NULL,NULL),(145,61,'2.01','Pencegahan Pencemaran dan/atau Kerusakan Lingkungan Hidup Kabupaten/Kota\r',NULL,NULL),(146,61,'2.02','Penanggulangan Pencemaran dan/atau Kerusakan Lingkungan Hidup Kabupaten/Kota\r',NULL,NULL),(147,61,'2.03','Pemulihan Pencemaran dan/atau Kerusakan Lingkungan Hidup Kabupaten/Kota\r',NULL,NULL),(148,62,'2.01','Pengelolaan Keanekaragaman Hayati Kabupaten/Kota\r',NULL,NULL),(149,63,'2.01','Penyimpanan Sementara Limbah B3\r',NULL,NULL),(150,63,'2.02','Pengumpulan Limbah B3 dalam 1 (satu) Daerah Kabupaten/Kota\r',NULL,NULL),(151,64,'2.01','Pembinaan dan Pengawasan terhadap Usaha dan/atau Kegiatan yang Izin Lingkungan dan Izin PPLH diterbitkan oleh Pemerintah Daerah Kabupaten/Kota\r',NULL,NULL),(152,65,'2.01','Pengakuan MHA, Kearifan Lokal, Pengetahuan Tradisional, dan Hak MHA yang terkait dengan PPLH\r',NULL,NULL),(153,65,'2.02','Peningkatan Kapasitas MHA dan Kearifan Lokal, Pengetahuan Tradisional dan Hak MHA yang terkait dengan PPLH\r',NULL,NULL),(154,66,'2.01','Penyelenggaraan Pendidikan, Pelatihan, dan Penyuluhan Lingkungan Hidup untuk Lembaga Kemasyarakatan Tingkat Daerah Kabupaten/Kota\r',NULL,NULL),(155,67,'2.01','Pemberian Penghargaan Lingkungan Hidup Tingkat Daerah Kabupaten/Kota\r',NULL,NULL),(156,68,'2.01','Penyelesaian Pengaduan Masyarakat di Bidang Perlindungan dan Pengelolaan Lingkungan Hidup (PPLH) Kabupaten/Kota\r',NULL,NULL),(157,69,'2.01','Pengelolaan Sampah\r',NULL,NULL),(158,69,'2.02','Penerbitan Izin Pendaurulangan Sampah/Pengelolaan Sampah, Pengangkutan Sampah dan Pemrosesan Akhir Sampah yang Diselenggarakan oleh Swasta\r',NULL,NULL),(159,69,'2.03','Pembinaan dan Pengawasan Pengelolaan Sampah yang Diselenggarakan oleh Pihak Swasta\r',NULL,NULL),(160,70,'2.01','Pelayanan Pendaftaran Penduduk\r',NULL,NULL),(161,70,'2.02','Penataan Pendaftaran Penduduk\r',NULL,NULL),(162,70,'2.03','Penyelenggaraan Pendaftaran Penduduk\r',NULL,NULL),(163,70,'2.04','Pembinaan dan Pengawasan Penyelenggaraan Pendaftaran Penduduk\r',NULL,NULL),(164,71,'2.01','Pelayanan Pencatatan Sipil\r',NULL,NULL),(165,71,'2.02','Penyelenggaraan Pencatatan Sipil\r',NULL,NULL),(166,71,'2.03','Pembinaan dan Pengawasan Penyelenggaraan Pencatatan Sipil\r',NULL,NULL),(167,72,'2.01','Pengumpulan Data Kependudukan dan Pemanfaatan dan Penyajian Database Kependudukan\r',NULL,NULL),(168,72,'2.02','Penataan Pengelolaan Informasi Administrasi Kependudukan\r',NULL,NULL),(169,72,'2.03','Penyelenggaraan Pengelolaan Informasi Administrasi Kependudukan\r',NULL,NULL),(170,72,'2.04','Pembinaan dan Pengawasan Pengelolaan Informasi Administrasi Kependudukan\r',NULL,NULL),(171,73,'2.01','Penyusunan Profil Kependudukan\r',NULL,NULL),(172,74,'2.01','Penyelenggaraan Penataan Desa\r',NULL,NULL),(173,75,'2.01','Fasilitasi Kerja Sama Antar Desa\r',NULL,NULL),(174,76,'2.01','Pembinaan dan Pengawasan Penyelenggaraan Administrasi Pemerintahan Desa\r',NULL,NULL),(175,77,'2.01','Pemberdayaan Lembaga Kemasyarakatan yang Bergerak di Bidang Pemberdayaan Desa dan Lembaga Adat Tingkat Daerah Kabupaten/Kota serta Pemberdayaan Masyarakat Hukum Adat yang Masyarakat Pelakunya Hukum Adat yang Sama dalam Daerah Kabupaten/Kota\r',NULL,NULL),(176,78,'2.01','Pemaduan dan Sinkronisasi Kebijakan Pemerintah Daerah Provinsi dengan Pemerintah Daerah Kabupaten/Kota dalam rangka Pengendalian Kuantitas Penduduk\r',NULL,NULL),(177,78,'2.02','Pemetaan Perkiraan Pengendalian Penduduk Cakupan Daerah Kabupaten/Kota\r',NULL,NULL),(178,79,'2.01','Pelaksanaan Advokasi, Komunikasi, Informasi dan Edukasi (KIE) Pengendalian Penduduk dan KB sesuai Kearifan Budaya Lokal\r',NULL,NULL),(179,79,'2.02','Pendayagunaan Tenaga Penyuluh KB/Petugas Lapangan KB (PKB/PLKB)\r',NULL,NULL),(180,79,'2.03','Pengendalian dan Pendistribusian Kebutuhan Alat dan Obat Kontrasepsi serta Pelaksanaan Pelayanan KB di Daerah Kabupaten/Kota\r',NULL,NULL),(181,79,'2.04','Pemberdayaan dan Peningkatan Peran serta Organisasi Kemasyarakatan Tingkat Daerah Kabupaten/Kota dalam Pelaksanaan Pelayanan dan Pembinaan Kesertaan Ber-KB\r',NULL,NULL),(182,80,'2.01','Pelaksanaan Pembangunan Keluarga melalui Pembinaan Ketahanan dan Kesejahteraan Keluarga\r',NULL,NULL),(183,80,'2.02','Pelaksanaan dan Peningkatan Peran Serta Organisasi Kemasyarakatan Tingkat Daerah Kabupaten/ Kota dalam Pembangunan Keluarga Melalui Pembinaan Ketahanan dan Kesejahteraan Keluarga\r',NULL,NULL),(184,81,'2.01','Penetapan Rencana Induk Jaringan LLAJ Kabupaten/Kota\r',NULL,NULL),(185,81,'2.02','Penyediaan Perlengkapan Jalan di Jalan Kabupaten/Kota\r',NULL,NULL),(186,81,'2.03','Pengelolaan Terminal Penumpang Tipe C\r',NULL,NULL),(187,81,'2.04','Penerbitan Izin Penyelenggaraan dan Pembangunan Fasilitas Parkir\r',NULL,NULL),(188,81,'2.05','Pengujian Berkala Kendaraan Bermotor\r',NULL,NULL),(189,81,'2.06','Pelaksanaan Manajemen dan Rekayasa Lalu Lintas untuk Jaringan Jalan Kabupaten/Kota\r',NULL,NULL),(190,81,'2.07','Persetujuan Hasil Analisis Dampak Lalu Lintas (Andalalin) untuk Jalan Kabupaten/Kota\r',NULL,NULL),(191,81,'2.08','Audit dan Inspeksi Keselamatan LLAJ di Jalan\r',NULL,NULL),(192,81,'2.09','Penyediaan Angkutan Umum untuk Jasa Angkutan Orang dan/atau Barang antar Kota dalam 1 (satu) Daerah Kabupaten/Kota\r',NULL,NULL),(193,81,'2.10','Penetapan Kawasan Perkotaan untuk Pelayanan Angkutan Perkotaan yang Melampaui Batas 1 (satu) Daerah Kabupaten/Kota dalam 1 (Satu) Daerah Kabupaten/Kota\r',NULL,NULL),(194,81,'2.11','Penetapan Rencana Umum Jaringan Trayek Perkotaan dalam 1 (satu) Daerah Kabupaten/Kota\r',NULL,NULL),(195,81,'2.12','Penetapan Rencana Umum Jaringan Trayek Pedesaan dalam 1 (satu) Daerah Kabupaten/Kota\r',NULL,NULL),(196,81,'2.13','Penetapan Wilayah Operasi Angkutan Orang dengan Menggunakan Taksi dalam Kawasan Perkotaan yang Wilayah Operasinya dalam 1 (satu) Daerah Kabupaten/Kota\r',NULL,NULL),(197,81,'2.14','Penerbitan Izin Penyelenggaraan Angkutan Orang dalam Trayek Lintas Daerah Kabupaten/Kota dalam 1 (satu) Daerah Kabupaten/Kota\r',NULL,NULL),(198,81,'2.15','Penerbitan Izin Penyelenggaraan Angkutan Taksi yang Wilayah Operasinya dalam 1 (satu) Daerah Kabupaten/Kota\r',NULL,NULL),(199,81,'2.16','Penetapan Tarif Kelas Ekonomi untuk Angkutan Orang yang Melayani Trayek serta Angkutan Perkotaan dan Perdesaan dalam 1 (satu) Daerah Kabupaten/Kota\r',NULL,NULL),(200,82,'2.01','Penerbitan Izin Usaha Angkutan Laut bagi Badan Usaha yang Berdomisili dalam Daerah Kabupaten/Kota dan Beroperasi pada Lintas Pelabuhan di Daerah Kabupaten/Kota\r',NULL,NULL),(201,82,'2.02','Penerbitan Izin Usaha Angkutan Laut Pelayaran Rakyat bagi Orang Perorangan atau Badan Usaha yang Berdomisili dan yang Beroperasi pada Lintas Pelabuhan dalam Daerah Kabupaten/Kota\r',NULL,NULL),(202,82,'2.03','Penerbitan Izin Usaha Penyelenggaraan Angkutan Sungai dan Danau sesuai dengan Domisili Orang Perseorangan Warga Negara Indonesia atau Badan Usaha\r',NULL,NULL),(203,82,'2.04','Pembangunan dan Penerbitan Izin Pelabuhan Sungai dan Danau yang Melayani Trayek dalam 1 Daerah Kabupaten/Kota\r',NULL,NULL),(204,82,'2.05','Penerbitan Izin Usaha Penyelenggaraan Angkutan Penyeberangan sesuai dengan Domisili Badan Usaha\r',NULL,NULL),(205,82,'2.06','Penetapan Lintas Penyeberangan dan Persetujuan Pengoperasian Kapal dalam Daerah Kabupaten/Kota yang Terletak pada Jaringan Jalan Kabupaten/Kota dan/atau Jaringan Jalur Kereta Api Kabupaten/Kota\r',NULL,NULL),(206,82,'2.07','Penetapan Lintas Penyeberangan dan Persetujuan Pengoperasian untuk Kapal yang Melayani Penyeberangan dalam Daerah Kabupaten/Kota\r',NULL,NULL),(207,82,'2.08','Penerbitan Izin Usaha Jasa terkait dengan Perawatan dan Perbaikan Kapal\r',NULL,NULL),(208,82,'2.09','Penetapan Tarif Angkutan Penyeberangan Penumpang Kelas Ekonomi dan Kendaraan beserta Muatannya pada Lintas Penyeberangan dalam Daerah Kabupaten/Kota\r',NULL,NULL),(209,82,'2.10','Penetapan Rencana Induk dan Daerah Lingkungan Kerja (DLKR)/Daerah Lingkungan Kepentingan (DLKP) Pelabuhan Pengumpan Lokal\r',NULL,NULL),(210,82,'2.11','Penetapan Rencana Induk dan DLKR/DLKP untuk Pelabuhan Sungai dan Danau\r',NULL,NULL),(211,82,'2.12','Pembangunan, Penerbitan Izin Pembangunan dan Pengoperasian Pelabuhan Pengumpan Lokal\r',NULL,NULL),(212,82,'2.13','Pembangunan dan Penerbitan Izin Pembangunan dan Pengoperasian Pelabuhan Sungai dan Danau\r',NULL,NULL),(213,82,'2.14','Penerbitan Izin Usaha untuk Badan Usaha Pelabuhan di Pelabuhan Pengumpan Lokal\r',NULL,NULL),(214,82,'2.15','Penerbitan Izin Pengembangan Pelabuhan untuk Pelabuhan Pengumpan Lokal\r',NULL,NULL),(215,82,'2.16','Penerbitan Izin Pengoperasian Pelabuhan Selama 24 Jam untuk Pelabuhan Pengumpan Lokal\r',NULL,NULL),(216,82,'2.17','Penerbitan Izin Pekerjaan Pengerukan di Wilayah Perairan Pelabuhan Pengumpan Lokal\r',NULL,NULL),(217,82,'2.18','Penerbitan Izin Reklamasi di Wilayah Perairan Pelabuhan Pengumpan Lokal\r',NULL,NULL),(218,82,'2.19','Penerbitan Izin Pengelolaan Terminal untuk Kepentingan Sendiri (TUKS) di dalam DLKR/DLKP Pelabuhan Pengumpan Lokal\r',NULL,NULL),(219,83,'2.01','Penerbitan Izin Mendirikan Bangunan Tempat Pendaratan dan Lepas Landas Helikopter\r',NULL,NULL),(220,84,'2.01','Penetapan Rencana Induk Perkeretaapian\r',NULL,NULL),(221,84,'2.02','Penerbitan Izin Usaha, Izin Pembangunan dan Izin Operasi Prasarana Perkeretaapian Umum yang Jaringan Jalurnya dalam 1 (satu) Daerah Kabupaten/Kota\r',NULL,NULL),(222,84,'2.03','Penetapan Jaringan Jalur Kereta Api yang Jaringannya dalam 1 (satu) Daerah Kabupaten/Kota\r',NULL,NULL),(223,84,'2.04','Penetapan Kelas Stasiun untuk Stasiun pada Jaringan Jalur Kereta Api Kabupaten/Kota\r',NULL,NULL),(224,84,'2.05','Penerbitan Izin Operasi Sarana Perkeretaapian Umum yang Jaringan Jalurnya Melintasi Batas dalam 1 (satu) Daerah Kabupaten/Kota\r',NULL,NULL),(225,84,'2.06','Penetapan Jaringan Pelayanan Perkeretaapian pada Jaringan Jalur Perkeretaapian Kabupaten/Kota\r',NULL,NULL),(226,84,'2.07','Penerbitan Izin Pengadaan atau Pembangunan Perkeretapian Khusus, Izin Operasi, dan Penetapan Jalur Kereta Api Khusus yang Jaringannya Dalam Daerah Kabupaten/Kota\r',NULL,NULL),(227,85,'2.01','Pengelolaan Informasi dan Komunikasi Publik Pemerintah Daerah Kabupaten/Kota\r',NULL,NULL),(228,86,'2.01','Pengelolaan Nama Domain yang telah Ditetapkan oleh Pemerintah Pusat dan Sub Domain di Lingkup Pemerintah Daerah Kabupaten/Kota\r',NULL,NULL),(229,86,'2.02','Pengelolaan e-government Di Lingkup Pemerintah Daerah Kabupaten/Kota\r',NULL,NULL),(230,87,'2.01','Penerbitan Izin Usaha Simpan Pinjam untuk Koperasi dengan Wilayah Keanggotaan dalam Daerah Kabupaten/Kota\r',NULL,NULL),(231,87,'2.02','Penerbitan Izin Pembukaan Kantor Cabang, Cabang Pembantu dan Kantor Kas Koperasi Simpan Pinjam untuk Koperasi dengan Wilayah Keanggotaan dalam Daerah Kabupaten/Kota\r',NULL,NULL),(232,88,'2.01','Pemeriksaan dan Pengawasan Koperasi, Koperasi Simpan Pinjam/Unit Simpan Pinjam Koperasi yang Wilayah Keanggotaannya dalam Daerah Kabupaten/ Kota\r',NULL,NULL),(233,89,'2.01','Penilaian Kesehatan Koperasi Simpan Pinjam/Unit Simpan Pinjam Koperasi yang Wilayah Keanggotaannya dalam 1 (satu) Daerah Kabupaten/Kota\r',NULL,NULL),(234,90,'2.01','Pendidikan dan Latihan Perkoperasian bagi Koperasi yang Wilayah Keanggotaan dalam Daerah Kabupaten/Kota\r',NULL,NULL),(235,91,'2.01','Pemberdayaan dan Perlindungan Koperasi yang Keanggotaannya dalam Daerah Kabupaten/Kota\r',NULL,NULL),(236,92,'2.01','Pemberdayaan Usaha Mikro yang Dilakukan melalui Pendataan, Kemitraan, Kemudahan Perizinan, Penguatan Kelembagaan dan Koordinasi dengan Para Pemangku Kepentingan\r',NULL,NULL),(237,93,'2.01','Pengembangan Usaha Mikro dengan Orientasi Peningkatan Skala Usaha menjadi Usaha Kecil\r',NULL,NULL),(238,94,'2.01','Penetapan Pemberian Fasilitas/Insentif Di bidang Penanaman Modal yang menjadi Kewenangan Daerah Kabupaten/Kota\r',NULL,NULL),(239,94,'2.02','Pembuatan Peta Potensi Investasi Kabupaten/Kota\r',NULL,NULL),(240,95,'2.01','Penyelenggaraan Promosi Penanaman Modal yang menjadi Kewenangan Daerah Kabupaten/Kota\r',NULL,NULL),(241,96,'2.01','Pelayanan Perizinan dan Non Perizinan secara Terpadu Satu Pintu dibidang Penanaman Modal yang menjadi Kewenangan Daerah Kabupaten/ Kota\r',NULL,NULL),(242,97,'2.01','Pengendalian Pelaksanaan Penanaman Modal yang menjadi Kewenangan Daerah Kabupaten/Kota\r',NULL,NULL),(243,98,'2.01','Pengelolaan Data dan Informasi Perizinan dan Non Perizinan yang Terintegrasi pada Tingkat Daerah Kabupaten/Kota\r',NULL,NULL),(244,99,'2.01','Penyadaran, Pemberdayaan, dan Pengembangan Pemuda dan Kepemudaan terhadap Pemuda Pelopor Kabupaten/Kota, Wirausaha Muda Pemula, dan Pemuda Kader Kabupaten/Kota\r',NULL,NULL),(245,99,'2.02','Pemberdayaan dan Pengembangan Organisasi Kepemudaan Tingkat Daerah Kabupaten/Kota\r',NULL,NULL),(246,100,'2.01','Pembinaan dan Pengembangan Olahraga Pendidikan pada Jenjang Pendidikan yang menjadi Kewenangan Daerah Kabupaten/Kota\r',NULL,NULL),(247,100,'2.02','Penyelenggaraan Kejuaraan Olahraga Tingkat Daerah Kabupaten/Kota\r',NULL,NULL),(248,100,'2.03','Pembinaan dan Pengembangan Olahraga Prestasi Tingkat Daerah Provinsi\r',NULL,NULL),(249,100,'2.04','Pembinaan dan Pengembangan Organisasi Olahraga\r',NULL,NULL),(250,100,'2.05','Pembinaan dan Pengembangan Olahraga Rekreasi\r',NULL,NULL),(251,101,'2.01','Pembinaan dan Pengembangan Organisasi Kepramukaan\r',NULL,NULL),(252,102,'2.01','Penyelenggaraan Statistik Sektoral di Lingkup Daerah Kabupaten/Kota\r',NULL,NULL),(253,103,'2.01','Penyelenggaraan Persandian untuk Pengamanan Informasi Pemerintah Daerah Kabupaten/Kota\r',NULL,NULL),(254,103,'2.02','Penetapan Pola Hubungan Komunikasi Sandi Antar Perangkat Daerah Kabupaten/Kota\r',NULL,NULL),(255,104,'2.01','Pengelolaan Kebudayaan yang Masyarakat Pelakunya dalam Daerah Kabupaten/Kota\r',NULL,NULL),(256,104,'2.02','Pelestarian Kesenian Tradisional yang Masyarakat Pelakunya dalam Daerah Kabupaten/Kota\r',NULL,NULL),(257,104,'2.03','Pembinaan Lembaga Adat yang Penganutnya dalam Daerah Kabupaten/Kota\r',NULL,NULL),(258,105,'2.01','Pembinaan Kesenian yang Masyarakat Pelakunya dalam Daerah Kabupaten/Kota\r',NULL,NULL),(259,106,'2.01','Pembinaan Sejarah Lokal dalam 1 (satu) Daerah Kabupaten/Kota\r',NULL,NULL),(260,107,'2.01','Penetapan Cagar Budaya Peringkat Kabupaten/Kota\r',NULL,NULL),(261,107,'2.02','Pengelolaan Cagar Budaya Peringkat Kabupaten/Kota\r',NULL,NULL),(262,107,'2.03','Penerbitan Izin membawa Cagar Budaya ke Luar Daerah Kabupaten/Kota dalam 1 (satu) Daerah Kabupaten/Kota\r',NULL,NULL),(263,108,'2.01','Pengelolaan Museum Kabupaten/Kota\r',NULL,NULL),(264,109,'2.01','Pengelolaan Perpustakaan Tingkat Daerah Kabupaten/Kota\r',NULL,NULL),(265,109,'2.02','Pembudayaan Gemar Membaca Tingkat Daerah Kabupaten/Kota\r',NULL,NULL),(266,110,'2.01','Pelestarian Naskah Kuno Milik Daerah Kabupaten/Kota\r',NULL,NULL),(267,110,'2.02','Pengembangan Koleksi Budaya Etnis Nusantara yang ditemukan oleh Pemerintah Daerah Kabupaten/Kota\r',NULL,NULL),(268,111,'2.01','Pengelolaan Arsip Dinamis Daerah Kabupaten/Kota\r',NULL,NULL),(269,111,'2.02','Pengelolaan Arsip Statis Daerah Kabupaten/Kota\r',NULL,NULL),(270,111,'2.03','Pengelolaan Simpul Jaringan Informasi Kearsipan Nasional Tingkat Kabupaten/Kota\r',NULL,NULL),(271,112,'2.01','Pemusnahan Arsip Dilingkungan Pemerintah Daerah Kabupaten/Kota yang Memiliki Retensi di Bawah 10 (sepuluh) Tahun\r',NULL,NULL),(272,112,'2.02','Perlindungan dan Penyelamatan Arsip Akibat Bencana yang Berskala Kabupaten/Kota\r',NULL,NULL),(273,112,'2.03','Penyelamatan Arsip Perangkat Daerah Kabupaten/Kota yang Digabung dan/atau Dibubarkan, dan Pemekaran Daerah Kecamatan dan Desa/Kelurahan\r',NULL,NULL),(274,112,'2.04','Autentikasi Arsip Statis dan Arsip Hasil Alih Media Kabupaten/Kota\r',NULL,NULL),(275,112,'2.05','Pencarian Arsip Statis Kabupaten/Kota yang Dinyatakan Hilang\r',NULL,NULL),(276,113,'2.01','Pelayanan Izin Penggunaan Arsip yang Bersifat Tertutup di Kabupaten/Kota\r',NULL,NULL),(277,115,'2.01','Pengelolaan Penangkapan Ikan di Wilayah Sungai, Danau, Waduk, Rawa, dan Genangan Air Lainnya yang dapat Diusahakan dalam 1 (satu) Daerah Kabupaten/ Kota\r',NULL,NULL),(278,115,'2.02','Pemberdayaan Nelayan Kecil dalam Daerah Kabupaten/Kota\r',NULL,NULL),(279,115,'2.03','Pengelolaan dan Penyelenggaraan Tempat Pelelangan Ikan (TPI)\r',NULL,NULL),(280,115,'2.04','Penerbitan Tanda Daftar Kapal Perikanan Berukuran sampai dengan 10 GT di Wilayah Sungai, Danau, Waduk, Rawa, dan Genangan Air Lainnya yang dapat Diusahakan dalam 1 (satu) Daerah Kabupaten/Kota\r',NULL,NULL),(281,115,'2.05','Penerbitan Izin Pengadaan Kapal Penangkap Ikan dan Kapal Pengangkut Ikan dengan Ukuran sampai dengan 10 GT di Wilayah Sungai, Danau, Waduk, Rawa, dan Genangan Air Lainnya yang dapat Diusahakan dalam 1 (satu) Daerah Kabupaten/ Kota\r',NULL,NULL),(282,115,'2.06','Pendaftaran Kapal Perikanan Berukuran Sampai Dengan 10 GT yang Beroperasi di Sungai, Danau, Waduk, Rawa, dan Genangan Air Lainnya yang dapat Diusahakan dalam 1 (satu) Daerah Kabupaten/Kota\r',NULL,NULL),(283,116,'2.01','Penerbitan Izin Usaha Perikanan di Bidang Pembudidayaan Ikan yang Usahanya dalam 1 (satu) Daerah Kabupaten/Kota\r',NULL,NULL),(284,116,'2.02','Pemberdayaan Pembudi Daya Ikan Kecil\r',NULL,NULL),(285,116,'2.03','Penerbitan Tanda Daftar bagi Pembudi Daya Ikan Kecil (TDPIK) dalam 1 (satu) Daerah Kabupaten/Kota\r',NULL,NULL),(286,116,'2.04','Pengelolaan Pembudidayaan Ikan\r',NULL,NULL),(287,117,'2.01','Pengawasan Sumber Daya Perikanan di Wilayah Sungai, Danau, Waduk, Rawa, dan Genangan Air Lainnya yang dapat Diusahakan dalam Kabupaten/Kota\r',NULL,NULL),(288,118,'2.01','Penerbitan Tanda Daftar Usaha Pengolahan Hasil Perikanan bagi Usaha Skala Mikro dan Kecil\r',NULL,NULL),(289,118,'2.02','Pembinaan Mutu dan Keamanan Hasil Perikanan bagi Usaha Pengolahan dan Pemasaran Skala Mikro dan Kecil\r',NULL,NULL),(290,118,'2.03','Penyediaan dan Penyaluran Bahan Baku Industri Pengolahan Ikan dalam 1 (satu) Daerah Kabupaten/ Kota\r',NULL,NULL),(291,119,'2.01','Pengelolaan Daya Tarik Wisata Kabupaten/Kota\r',NULL,NULL),(292,119,'2.02','Pengelolaan Kawasan Strategis Pariwisata Kabupaten/Kota\r',NULL,NULL),(293,119,'2.03','Pengelolaan Destinasi Pariwisata Kabupaten/Kota\r',NULL,NULL),(294,119,'2.04','Penetapan Tanda Daftar Usaha Pariwisata Daerah Kabupaten/Kota\r',NULL,NULL),(295,120,'2.01','Pemasaran Pariwisata Dalam dan Luar Negeri Daya Tarik, Destinasi dan Kawasan Strategis Pariwisata Kabupaten/Kota\r',NULL,NULL),(296,121,'2.01','Penyediaan Prasarana (Zona Kreatif/Ruang Kreatif/Kota Kreatif) sebagai Ruang Berekspresi, Berpromosi dan Berinteraksi bagi Insan Kreatif di Daerah Kabupaten/Kota\r',NULL,NULL),(297,121,'2.02','Pengembangan Ekosistem Ekonomi Kreatif\r',NULL,NULL),(298,122,'2.01','Pelaksanaan Peningkatan Kapasitas Sumber Daya Manusia Pariwisata dan Ekonomi Kreatif Tingkat Dasar\r',NULL,NULL),(299,122,'2.02','Pengembangan Kapasitas Pelaku Ekonomi Kreatif\r',NULL,NULL),(300,123,'2.01','Pengawasan Penggunaan Sarana Pertanian\r',NULL,NULL),(301,123,'2.02','Pengelolaan Sumber Daya Genetik (SDG) Hewan, Tumbuhan, dan Mikro Organisme Kewenangan Kabupaten/Kota\r',NULL,NULL),(302,123,'2.03','Peningkatan Mutu dan Peredaran Benih/Bibit Ternak dan Tanaman Pakan Ternak serta Pakan dalam Daerah Kabupaten/Kota\r',NULL,NULL),(303,123,'2.04','Pengawasan Obat Hewan di Tingkat Pengecer\r',NULL,NULL),(304,123,'2.05','Pengendalian dan Pengawasan Penyediaan dan Peredaran Benih/Bibit Ternak, dan Hijauan Pakan Ternak dalam Daerah Kabupaten/Kota\r',NULL,NULL),(305,123,'2.06','Penyediaan Benih/Bibit Ternak dan Hijauan Pakan Ternak yang Sumbernya dalam 1 (satu) Daerah Kabupaten/Kota Lain\r',NULL,NULL),(306,124,'2.01','Pengembangan Prasarana Pertanian\r',NULL,NULL),(307,124,'2.02','Pembangunan Prasarana Pertanian\r',NULL,NULL),(308,124,'2.03','Pengelolaan Wilayah Sumber Bibit Ternak dan Rumpun/Galur Ternak dalam Daerah Kabupaten/ Kota\r',NULL,NULL),(309,124,'2.04','Pengembangan Lahan Penggembalaan Umum\r',NULL,NULL),(310,125,'2.01','Penjaminan Kesehatan Hewan, Penutupan dan Pembukaan Daerah Wabah Penyakit Hewan Menular Dalam Daerah Kabupaten/Kota\r',NULL,NULL),(311,125,'2.02','Pengawasan Pemasukan dan Pengeluaran Hewan dan Produk Hewan Daerah Kabupaten/Kota\r',NULL,NULL),(312,125,'2.03','Pengelolaan Pelayanan Jasa Laboratorium dan Jasa Medik Veteriner dalam Daerah Kabupaten/Kota\r',NULL,NULL),(313,125,'2.04','Penerapan dan Pengawasaan Persyaratan Teknis Kesehatan Masyarakat Veteriner\r',NULL,NULL),(314,125,'2.05','Penerapan dan Pengawasan Persyaratan Teknis Kesejahteraan Hewan\r',NULL,NULL),(315,126,'2.01','Pengendalian dan Penanggulangan Bencana Pertanian Kabupaten/Kota\r',NULL,NULL),(316,127,'2.01','Penerbitan Izin Usaha Pertanian yang Kegiatan Usahanya dalam Daerah Kabupaten/Kota\r',NULL,NULL),(317,127,'2.02','Penerbitan Izin Usaha Produksi Benih/Bibit Ternak dan Pakan, Fasilitas Pemeliharaan Hewan, Rumah Sakit Hewan/Pasar Hewan, Rumah Potong Hewan\r',NULL,NULL),(318,127,'2.03','Izin Usaha Pengecer (Toko, Retail, Sub Distributor) Obat Hewan\r',NULL,NULL),(319,128,'2.01','Pelaksanaan Penyuluhan Pertanian\r',NULL,NULL),(320,131,'2.01','Pengelolaan Taman Hutan Raya (TAHURA) Kabupaten/Kota\r',NULL,NULL),(321,137,'2.01','Penatausahaan Izin Pemanfaatan Langsung Panas Bumi dalam Daerah Kabupaten/Kota\r',NULL,NULL),(322,139,'2.01','Penerbitan Izin Pengelolaan Pasar Rakyat, Pusat Perbelanjaan, dan Izin Usaha Toko Swalayan\r',NULL,NULL),(323,139,'2.02','Penerbitan Tanda Daftar Gudang\r',NULL,NULL),(324,139,'2.03','Penerbitan Surat Tanda Pendaftaran Waralaba (STPW) untuk Penerima Waralaba dari Waralaba Dalam Negeri\r',NULL,NULL),(325,139,'2.04','Penerbitan Surat Tanda Pendaftaran Waralaba (STPW) untuk Penerima Waralaba Lanjutan dari Waralaba Luar Negeri\r',NULL,NULL),(326,139,'2.05','Penerbitan Surat Izin Usaha Perdagangan Minuman Beralkohol Golongan B dan C untuk Pengecer dan Penjual Langsung Minum di Tempat\r',NULL,NULL),(327,139,'2.06','Pengendalian Fasilitas Penyimpanan Bahan Berbahaya dan Pengawasan Distribusi, Pengemasan dan Pelabelan Bahan Berbahaya di Tingkat Daerah Kabupaten/ Kota\r',NULL,NULL),(328,139,'2.07','Penerbitan Surat Keterangan Asal (bagi Daerah Kabupaten/Kota yang Telah Ditetapkan Sebagai Instansi Penerbit Surat Keterangan Asal)\r',NULL,NULL),(329,140,'2.01','Pembangunan dan Pengelolaan Sarana Distribusi Perdagangan\r',NULL,NULL),(330,140,'2.02','Pembinaan terhadap Pengelola Sarana Distribusi Perdagangan Masyarakat di Wilayah Kerjanya\r',NULL,NULL),(331,141,'2.01','Menjamin Ketersediaan Barang Kebutuhan Pokok dan Barang Penting di Tingkat Daerah Kabupaten/ Kota\r',NULL,NULL),(332,141,'2.02','Pengendalian Harga, dan Stok Barang Kebutuhan Pokok dan Barang Penting di Tingkat Pasar Kabupaten/Kota\r',NULL,NULL),(333,141,'2.03','Pengawasan Pupuk dan Pestisida Bersubsidi di Tingkat Daerah Kabupaten/Kota\r',NULL,NULL),(334,142,'2.01','Penyelenggaraan Promosi Dagang melalui Pameran Dagang dan Misi Dagang bagi Produk Ekspor Unggulan yang terdapat pada 1 (satu) Daerah Kabupaten/Kota\r',NULL,NULL),(335,143,'2.01','Pelaksanaan Metrologi Legal berupa, Tera, Tera Ulang, dan Pengawasan\r',NULL,NULL),(336,144,'2.01','Pelaksanaan Promosi, Pemasaran dan Peningkatan Penggunaan Produk Dalam Negeri\r',NULL,NULL),(337,145,'2.01','Penyusunan, Penerapan dan Evaluasi Rencana Pembangunan Industri Kabupaten/Kota\r',NULL,NULL),(338,146,'2.01','Penerbitan Izin Usaha Industri (IUI), Izin Perluasan Usaha Industri (IPUI), Izin Usaha Kawasan Industri (IUKI) dan Izin Perluasan Kawasan Industri (IPKI) Kewenangan Kabupaten/Kota Berbasis Sistem Informasi Industri Nasional (SIINAS)\r',NULL,NULL),(339,147,'2.01','Penyediaan Informasi Industri untuk Informasi Industri untuk IUI, IPUI, IUKI dan IPKI Kewenangan Kabupaten/Kota\r',NULL,NULL),(340,148,'2.01','Pencadangan Tanah untuk Kawasan Transmigrasi\r',NULL,NULL),(341,149,'2.01','Penataan Persebaran Penduduk yang Berasal dari 1 (satu) Daerah Kabupaten/Kota\r',NULL,NULL),(342,150,'2.01','Pengembangan Satuan Permukiman pada Tahap Kemandirian\r',NULL,NULL),(343,152,'2.01','Administrasi Tata Pemerintahan\r',NULL,NULL),(344,152,'2.02','Pelaksanaan Kebijakan Kesejahteraan Rakyat\r',NULL,NULL),(345,152,'2.03','Fasilitasi dan Koordinasi Hukum\r',NULL,NULL),(346,152,'2.04','Fasilitasi Kerjasama Daerah\r',NULL,NULL),(347,153,'2.01','Pelaksanaan Kebijakan Perekonomian\r',NULL,NULL),(348,153,'2.02','Pelaksanaan Administrasi Pembangunan\r',NULL,NULL),(349,153,'2.03','Pengelolaan Pengadaan Barang dan Jasa\r',NULL,NULL),(350,153,'2.04','Pemantauan Kebijakan Sumber Daya Alam\r',NULL,NULL),(351,155,'2.01','Pembentukan Peraturan Daerah dan Peraturan DPRD\r',NULL,NULL),(352,155,'2.02','Pembahasan Kebijakan Anggaran\r',NULL,NULL),(353,155,'2.03','Pengawasan Penyelenggaraan Pemerintahan\r',NULL,NULL),(354,155,'2.04','Peningkatan Kapasitas DPRD\r',NULL,NULL),(355,155,'2.05','Penyerapan dan Penghimpunan Aspirasi Masyarakat\r',NULL,NULL),(356,155,'2.06','Pelaksanaan dan Pengawasan Kode Etik DPRD\r',NULL,NULL),(357,155,'2.07','Pembahasan Kerja Sama Daerah\r',NULL,NULL),(358,155,'2.08','Fasilitasi Tugas DPRD\r',NULL,NULL),(359,156,'2.01','Penyusunan Perencanaan dan Pendanaan\r',NULL,NULL),(360,156,'2.02','Analisis Data dan Informasi Pemerintahan Daerah Bidang Perencanaan Pembangunan Daerah\r',NULL,NULL),(361,156,'2.03','Pengendalian, Evaluasi dan Pelaporan Bidang Perencanaan Pembangunan Daerah\r',NULL,NULL),(362,157,'2.01','Koordinasi Perencanaan Bidang Pemerintahan dan Pembangunan Manusia\r',NULL,NULL),(363,157,'2.02','Koordinasi Perencanaan Bidang Perekonomian dan SDA (Sumber Daya Alam)\r',NULL,NULL),(364,157,'2.03','Koordinasi Perencanaan Bidang Infrastruktur dan Kewilayahan\r',NULL,NULL),(365,158,'2.01','Koordinasi dan Penyusunan Rencana Anggaran Daerah\r',NULL,NULL),(366,158,'2.02','Koordinasi dan Pengelolaan Perbendaharaan Daerah\r',NULL,NULL),(367,158,'2.03','Koordinasi dan Pelaksanaan Akuntansi dan Pelaporan Keuangan Daerah\r',NULL,NULL),(368,158,'2.04','Penunjang Urusan Kewenangan Pengelolaan Keuangan Daerah\r',NULL,NULL),(369,158,'2.05','Pengelolaan Data dan Implementasi Sistem Informasi Pemerintah Daerah Lingkup Keuangan Daerah\r',NULL,NULL),(370,159,'2.01','Pengelolaan Barang Milik Daerah\r',NULL,NULL),(371,160,'2.01','Kegiatan Pengelolaan pendapatan Daerah\r',NULL,NULL),(372,161,'2.01','Pengadaan, Pemberhentian dan Informasi Kepegawaian ASN\r',NULL,NULL),(373,161,'2.02','Mutasi dan Promosi ASN\r',NULL,NULL),(374,161,'2.03','Pengembangan Kompetensi ASN\r',NULL,NULL),(375,161,'2.04','Penilaian dan Evaluasi Kinerja Aparatur\r',NULL,NULL),(376,162,'2.01','Pengembangan Kompetensi Teknis\r',NULL,NULL),(377,162,'2.02','Sertifikasi, Kelembagaan, Pengembangan Kompetensi Manajerial dan Fungsional\r',NULL,NULL),(378,163,'2.01','Penelitian dan Pengembangan Bidang Penyelenggaraan Pemerintahan dan Pengkajian Peraturan\r',NULL,NULL),(379,163,'2.02','Penelitian dan Pengembangan Bidang Sosial dan Kependudukan\r',NULL,NULL),(380,163,'2.03','Penelitian dan Pengembangan Bidang Ekonomi dan Pembangunan\r',NULL,NULL),(381,163,'2.04','Pengembangan Inovasi dan Teknologi\r',NULL,NULL),(382,164,'2.01','Perencanaan dan Fasilitasi Kerja Sama\r',NULL,NULL),(383,164,'2.02','Pelaksanaan Kewilayahan Perbatasan\r',NULL,NULL),(384,164,'2.03','Monitoring dan Evaluasi\r',NULL,NULL),(385,165,'2.01','Penyelenggaraan Pengawasan Internal\r',NULL,NULL),(386,165,'2.02','Penyelenggaraan Pengawasan dengan Tujuan Tertentu\r',NULL,NULL),(387,166,'2.01','Perumusan Kebijakan Teknis di Bidang Pengawasan dan Fasilitasi Pengawasan\r',NULL,NULL),(388,166,'2.02','Pendampingan dan Asistensi\r',NULL,NULL),(389,167,'2.01','Koordinasi Penyelenggaraan Kegiatan Pemerintahan di Tingkat Kecamatan\r',NULL,NULL),(390,167,'2.02','Penyelenggaraan Urusan Pemerintahan yang tidak Dilaksanakan oleh Unit Kerja Perangkat Daerah yang Ada di Kecamatan\r',NULL,NULL),(391,167,'2.03','Koordinasi Pemeliharaan Prasarana dan Sarana Pelayanan Umum\r',NULL,NULL),(392,167,'2.04','Pelaksanaan Urusan Pemerintahan yang Dilimpahkan kepada Camat\r',NULL,NULL),(393,168,'2.01','Koordinasi Kegiatan Pemberdayaan Desa\r',NULL,NULL),(394,168,'2.02','Kegiatan Pemberdayaan Kelurahan\r',NULL,NULL),(395,168,'2.03','Pemberdayaan Lembaga Kemasyarakatan Tingkat Kecamatan (Urusan Pemberdayaan Masyarakat Dilaksanakan oleh Kecamatan bagi Pemerintah Kota yang Tidak Memiliki Desa)\r',NULL,NULL),(396,169,'2.01','Koordinasi Upaya Penyelenggaraan Ketenteraman dan Ketertiban Umum\r',NULL,NULL),(397,169,'2.02','Koordinasi Penerapan dan Penegakan Peraturan Daerah dan Peraturan Kepala Daerah\r',NULL,NULL),(398,170,'2.01','Penyelenggaraan Urusan Pemerintahan Umum sesuai Penugasan Kepala Daerah\r',NULL,NULL),(399,171,'2.01','Fasilitasi, Rekomendasi dan Koordinasi Pembinaan dan Pengawasan Pemerintahan Desa\r',NULL,NULL),(400,172,'2.01','Perumusan Kebijakan Teknis dan Pemantapan Pelaksanaan Bidang Ideologi Pancasila dan Karakter Kebangsaan\r',NULL,NULL),(401,173,'2.01','Perumusan Kebijakan Teknis dan Pemantapan Pelaksanaan Bidang Pendidikan Politik, Etika Budaya Politik, Peningkatan Demokrasi, Fasilitasi Kelembagaan Pemerintahan, Perwakilan dan Partai Politik, Pemilihan Umum/Pemilihan Umum Kepala Daerah, serta Pemantauan Situasi Politik\r',NULL,NULL),(402,174,'2.01','Perumusan Kebijakan Teknis dan Pemantapan Pelaksanaan Bidang Pemberdayaan dan Pengawasan Organisasi Kemasyarakatan\r',NULL,NULL),(403,175,'2.01','Perumusan Kebijakan Teknis dan Pemantapan Pelaksanaan Bidang Ketahanan Ekonomi, Sosial dan Budaya\r',NULL,NULL),(404,176,'2.01','Perumusan Kebijakan Teknis dan Pelaksanaan Pemantapan Kewaspadaan Nasional dan Penanganan Konflik Sosial',NULL,NULL);
/*!40000 ALTER TABLE `mst_kegiatan` ENABLE KEYS */;
UNLOCK TABLES;

--
-- Table structure for table `mst_opd`
--

DROP TABLE IF EXISTS `mst_opd`;
/*!40101 SET @saved_cs_client     = @@character_set_client */;
/*!40101 SET character_set_client = utf8 */;
CREATE TABLE `mst_opd` (
  `id` bigint(20) unsigned NOT NULL AUTO_INCREMENT,
  `name` varchar(255) COLLATE utf8mb4_unicode_ci NOT NULL,
  `created_at` timestamp NULL DEFAULT NULL,
  `updated_at` timestamp NULL DEFAULT NULL,
  PRIMARY KEY (`id`)
) ENGINE=InnoDB AUTO_INCREMENT=183 DEFAULT CHARSET=utf8mb4 COLLATE=utf8mb4_unicode_ci;
/*!40101 SET character_set_client = @saved_cs_client */;

--
-- Dumping data for table `mst_opd`
--

LOCK TABLES `mst_opd` WRITE;
/*!40000 ALTER TABLE `mst_opd` DISABLE KEYS */;
INSERT INTO `mst_opd` VALUES (1,'Sekretariat Daerah','2022-01-13 00:19:28','2022-01-13 00:19:28'),(2,'Kecamatan Cariu','2022-01-13 00:19:28','2022-01-13 00:19:28'),(3,'Kecamatan Ciseeng','2022-01-13 00:19:28','2022-01-13 00:19:28'),(4,'Kecamatan Bojonggede','2022-01-13 00:19:28','2022-01-13 00:19:28'),(5,'Kecamatan Sukamakmur','2022-01-13 00:19:28','2022-01-13 00:19:28'),(6,'Kecamatan Sukajaya','2022-01-13 00:19:28','2022-01-13 00:19:28'),(7,'Kecamatan Gunung Sindur','2022-01-13 00:19:28','2022-01-13 00:19:28'),(8,'Kecamatan Gunung Putri','2022-01-13 00:19:28','2022-01-13 00:19:28'),(9,'Kecamatan Caringin','2022-01-13 00:19:28','2022-01-13 00:19:28'),(10,'Kecamatan Ciomas','2022-01-13 00:19:28','2022-01-13 00:19:28'),(11,'Kecamatan Parung','2022-01-13 00:19:28','2022-01-13 00:19:28'),(12,'Kecamatan Jasinga','2022-01-13 00:19:28','2022-01-13 00:19:28'),(13,'Kecamatan Pamijahan','2022-01-13 00:19:28','2022-01-13 00:19:28'),(14,'Kecamatan Rumpin','2022-01-13 00:19:28','2022-01-13 00:19:28'),(15,'Kecamatan Cigudeg','2022-01-13 00:19:28','2022-01-13 00:19:28'),(16,'Kecamatan Ciawi','2022-01-13 00:19:28','2022-01-13 00:19:28'),(17,'Kecamatan Kemang','2022-01-13 00:19:28','2022-01-13 00:19:28'),(18,'Kecamatan Leuwisadeng','2022-01-13 00:19:28','2022-01-13 00:19:28'),(19,'Kecamatan Jonggol','2022-01-13 00:19:28','2022-01-13 00:19:28'),(20,'Kecamatan Cigombong','2022-01-13 00:19:28','2022-01-13 00:19:28'),(21,'Kecamatan Cibinong','2022-01-13 00:19:28','2022-01-13 00:19:28'),(22,'Kecamatan Tenjo','2022-01-13 00:19:28','2022-01-13 00:19:28'),(23,'Kecamatan Cileungsi','2022-01-13 00:19:28','2022-01-13 00:19:28'),(24,'Kecamatan Tajurhalang','2022-01-13 00:19:28','2022-01-13 00:19:28'),(25,'Kecamatan Citeureup','2022-01-13 00:19:28','2022-01-13 00:19:28'),(26,'Kecamatan Rancabungur','2022-01-13 00:19:28','2022-01-13 00:19:28'),(27,'Kecamatan Cijeruk','2022-01-13 00:19:28','2022-01-13 00:19:28'),(28,'Kecamatan Cibungbulang','2022-01-13 00:19:28','2022-01-13 00:19:28'),(29,'Kecamatan Dramaga','2022-01-13 00:19:28','2022-01-13 00:19:28'),(30,'Kecamatan Parung Panjang','2022-01-13 00:19:28','2022-01-13 00:19:28'),(31,'Kecamatan Klapanunggal','2022-01-13 00:19:28','2022-01-13 00:19:28'),(32,'Kecamatan Megamendung','2022-01-13 00:19:28','2022-01-13 00:19:28'),(33,'Kecamatan Leuwiliang','2022-01-13 00:19:28','2022-01-13 00:19:28'),(34,'Kecamatan Nanggung','2022-01-13 00:19:28','2022-01-13 00:19:28'),(35,'Kecamatan Sukaraja','2022-01-13 00:19:28','2022-01-13 00:19:28'),(36,'Kecamatan Babakan Madang','2022-01-13 00:19:28','2022-01-13 00:19:28'),(37,'Kecamatan Ciampea','2022-01-13 00:19:28','2022-01-13 00:19:28'),(38,'Kecamatan Cisarua','2022-01-13 00:19:28','2022-01-13 00:19:28'),(39,'Kecamatan Tenjolaya','2022-01-13 00:19:28','2022-01-13 00:19:28'),(40,'Kecamatan Tamansari','2022-01-13 00:19:28','2022-01-13 00:19:28'),(41,'Kecamatan Tanjungsari','2022-01-13 00:19:28','2022-01-13 00:19:28'),(42,'Rumah Sakit Umum Daerah Cileungsi','2022-01-13 00:19:28','2022-01-13 00:19:28'),(43,'Rumah Sakit Umum Daerah Ciawi','2022-01-13 00:19:28','2022-01-13 00:19:28'),(44,'Rumah Sakit Umum Daerah Leuwiliang','2022-01-13 00:19:28','2022-01-13 00:19:28'),(45,'Dinas Kependudukan dan Pencatatan Sipil','2022-01-13 00:19:28','2022-01-13 00:19:28'),(46,'Inspektorat','2022-01-13 00:19:28','2022-01-13 00:19:28'),(47,'Sekretariat DPRD','2022-01-13 00:19:28','2022-01-13 00:19:28'),(48,'Rumah Sakit Umum Daerah Cibinong','2022-01-13 00:19:28','2022-01-13 00:19:28'),(49,'Badan Pengelolaan Keuangan dan Aset Daerah','2022-01-13 00:19:28','2022-01-13 00:19:28'),(50,'Dinas Perhubungan','2022-01-13 00:19:28','2022-01-13 00:19:28'),(51,'Dinas Komunikasi dan Informatika','2022-01-13 00:19:28','2022-01-13 00:19:28'),(52,'Dinas Penanaman Modal dan Pelayanan Terpadu Satu Pintu','2022-01-13 00:19:28','2022-01-13 00:19:28'),(53,'Dinas Pemadam Kebakaran','2022-01-13 00:19:28','2022-01-13 00:19:28'),(54,'Dinas Ketahanan Pangan','2022-01-13 00:19:28','2022-01-13 00:19:28'),(55,'Dinas Tanaman Pangan, Hortikultura dan Perkebunan','2022-01-13 00:19:28','2022-01-13 00:19:28'),(56,'Dinas Tenaga Kerja','2022-01-13 00:19:28','2022-01-13 00:19:28'),(57,'Badan Kesatuan Bangsa dan Politik','2022-01-13 00:19:28','2022-01-13 00:19:28'),(58,'Badan Perencanaan Pembangunan, Penelitian dan Pengembangan Daerah','2022-01-13 00:19:28','2022-01-13 00:19:28'),(59,'Dinas Pekerjaan Umum dan Penataan Ruang','2022-01-13 00:19:28','2022-01-13 00:19:28'),(60,'Dinas Perumahan, Kawasan Pemukiman, dan Pertanahan','2022-01-13 00:19:28','2022-01-13 00:19:28'),(61,'Dinas Kebudayaan dan Pariwisata','2022-01-13 00:19:28','2022-01-13 00:19:28'),(62,'Badan Penanggulangan Bencana Daerah','2022-01-13 00:19:28','2022-01-13 00:19:28'),(63,'Dinas Koperasi, Usaha Kecil dan Menengah','2022-01-13 00:19:28','2022-01-13 00:19:28'),(64,'Dinas Pemberdayaan Perempuan dan Perlindungan Anak, Pengendalian Penduduk dan KB','2022-01-13 00:19:28','2022-01-13 00:19:28'),(65,'Dinas Perikanan dan Peternakan','2022-01-13 00:19:28','2022-01-13 00:19:28'),(66,'Dinas Kesehatan','2022-01-13 00:19:28','2022-01-13 00:19:28'),(67,'Satuan Polisi Pamong Praja','2022-01-13 00:19:28','2022-01-13 00:19:28'),(68,'Dinas Pemuda dan Olah Raga','2022-01-13 00:19:28','2022-01-13 00:19:28'),(69,'Badan Pengelolaan Pendapatan Daerah','2022-01-13 00:19:28','2022-01-13 00:19:28'),(70,'Dinas Pemberdayaan Masyarakat dan Desa','2022-01-13 00:19:28','2022-01-13 00:19:28'),(71,'Dinas Sosial','2022-01-13 00:19:28','2022-01-13 00:19:28'),(72,'Dinas Arsip dan Perpustakaan Daerah','2022-01-13 00:19:28','2022-01-13 00:19:28'),(73,'Dinas Pendidikan','2022-01-13 00:19:28','2022-01-13 00:19:28'),(74,'Dinas Lingkungan Hidup','2022-01-13 00:19:28','2022-01-13 00:19:28'),(75,'Badan Kepegawaian dan Pengembangan Sumber Daya Manusia','2022-01-13 00:19:29','2022-01-13 00:19:29'),(76,'Dinas Perdagangan dan Perindustrian','2022-01-13 00:19:29','2022-01-13 00:19:29'),(77,'Kelurahan Pakansari Kecamatan Cibinong','2022-01-13 00:19:29','2022-01-13 00:19:29'),(78,'Kelurahan Cisarua Kecamatan Cisarua','2022-01-13 00:19:29','2022-01-13 00:19:29'),(79,'Kelurahan Padasuka Kecamatan Ciomas','2022-01-13 00:19:29','2022-01-13 00:19:29'),(80,'Kelurahan Tengah Kecamatan Cibinong','2022-01-13 00:19:29','2022-01-13 00:19:29'),(81,'Kelurahan Nangewer Kecamatan Cibinong','2022-01-13 00:19:29','2022-01-13 00:19:29'),(82,'Kelurahan Cirimekar Kecamatan Cibinong','2022-01-13 00:19:29','2022-01-13 00:19:29'),(83,'Kelurahan Harapan Jaya Kecamatan Cibinong','2022-01-13 00:19:29','2022-01-13 00:19:29'),(84,'Kelurahan Atang Sanjaya Kecamatan Kemang','2022-01-13 00:19:29','2022-01-13 00:19:29'),(85,'Kelurahan Pabuaran Kecamatan Bojonggede','2022-01-13 00:19:29','2022-01-13 00:19:29'),(86,'Kelurahan Sukahati Kecamatan Cibinong','2022-01-13 00:19:29','2022-01-13 00:19:29'),(87,'Kelurahan Cibinong Kecamatan Cibinong','2022-01-13 00:19:29','2022-01-13 00:19:29'),(88,'Kelurahan Pondok Rajeg Kecamatan Cibinong','2022-01-13 00:19:29','2022-01-13 00:19:29'),(89,'Kelurahan Pabuaran Mekar Kecamatan Cibinong','2022-01-13 00:19:29','2022-01-13 00:19:29'),(90,'Kelurahan Ciriung Kecamatan Cibinong','2022-01-13 00:19:29','2022-01-13 00:19:29'),(91,'Kelurahan Karang Asem Barat Kecamatan Citeureup','2022-01-13 00:19:29','2022-01-13 00:19:29'),(92,'Kelurahan Karadenan Kecamatan Cibinong','2022-01-13 00:19:29','2022-01-13 00:19:29'),(93,'Kelurahan Pabuaran Kecamatan Cibinong','2022-01-13 00:19:29','2022-01-13 00:19:29'),(94,'Kelurahan Nangewer Mekar Kecamatan Cibinong','2022-01-13 00:19:29','2022-01-13 00:19:29'),(95,'Kelurahan Puspanegara Kecamatan Citeureup','2022-01-13 00:19:29','2022-01-13 00:19:29'),(96,'Kelurahan Tengah Kecamatan Klapanunggal','2022-01-13 00:19:30','2022-01-13 00:19:30'),(97,'UPT Pusat Pelayanan Kesehatan Kerja Dinas Kesehatan','2022-01-13 00:19:32','2022-01-13 00:19:32'),(98,'Dinas Tenaga Kerja ( jangan pilih yang ini )','2022-01-13 00:19:32','2022-03-30 15:29:45'),(99,'UPT Pengelolaan Sampah Wilayah IV Dinas Lingkungan Hidup','2022-01-13 00:19:32','2022-01-13 00:19:32'),(100,'UPT Perlindungan Perempuan dan Anak (PPA) Wilayah III Dinas Pemberdayaan Perempuan dan Perlindungan Anak, Pengendalian Penduduk dan KB','2022-01-13 00:19:32','2022-01-13 00:19:32'),(101,'UPT Perlindungan Perempuan dan Anak (PPA) Wilayah IV Dinas Pemberdayaan Perempuan dan Perlindungan Anak, Pengendalian Penduduk dan KB','2022-01-13 00:19:32','2022-01-13 00:19:32'),(102,'Dinas Perhubungan ( jangan pilih yang ini )','2022-01-13 00:19:32','2022-03-30 16:16:53'),(103,' Dinas Pemberdayaan Perempuan dan Perlindungan Anak, Pengendalian Penduduk dan KB','2022-01-13 00:19:32','2022-01-13 00:19:32'),(104,'UPT Pusat Kesehatan Hewan Kelas A Wilayah IV Dinas Perikanan dan Peternakan','2022-01-13 00:19:32','2022-01-13 00:19:32'),(105,'UPT Pusat Kesehatan Hewan Kelas A Wilayah I Dinas Perikanan dan Peternakan','2022-01-13 00:19:32','2022-01-13 00:19:32'),(106,'UPT KEPENDUDUKAN DAN PENCATATAN SIPIL WILAYAH IV Dinas Kependudukan dan Pencatatan Sipil','2022-01-13 00:19:32','2022-01-13 00:19:32'),(107,'Dinas Pekerjaan Umum dan Penataan Ruang ( jangan pilih yang ini )','2022-01-13 00:19:32','2022-03-30 15:04:05'),(108,' Dinas Perikanan dan Peternakan','2022-01-13 00:19:32','2022-01-13 00:19:32'),(109,'UPT KEPENDUDUKAN DAN PENCATATAN SIPIL WILAYAH II Dinas Kependudukan dan Pencatatan Sipil','2022-01-13 00:19:32','2022-01-13 00:19:32'),(111,'UPT Radio dan Televisi Siaran Pemerintah Daerah Dinas Komunikasi dan Informatika','2022-01-13 00:19:32','2022-01-13 00:19:32'),(112,'UPT PUSAT KESEHATAN HEWAN KELAS A WILAYAH III Dinas Perikanan dan Peternakan','2022-01-13 00:19:32','2022-01-13 00:19:32'),(113,'UPT Pusat Kesehatan Hewan Kelas A Wilayah VI Dinas Perikanan dan Peternakan','2022-01-13 00:19:32','2022-01-13 00:19:32'),(114,'UPT Pertanian Wilayah XII Dinas Tanaman Pangan, Hortikultura dan Perkebunan','2022-01-13 00:19:32','2022-01-13 00:19:32'),(115,'UPT Pertanian Wilayah IV Dinas Tanaman Pangan, Hortikultura dan Perkebunan','2022-01-13 00:19:32','2022-01-13 00:19:32'),(116,' Dinas Tanaman Pangan, Hortikultura dan Perkebunan','2022-01-13 00:19:32','2022-01-13 00:19:32'),(117,'UPT Balai Benih Ikan Kelas A Cibitung Dinas Perikanan dan Peternakan','2022-01-13 00:19:32','2022-01-13 00:19:32'),(118,'UPT Kesehatan Hewan Wilayah II Dinas Perikanan dan Peternakan','2022-01-13 00:19:32','2022-01-13 00:19:32'),(119,'UPT Perbenihan I (Kec. Dramaga) Dinas Tanaman Pangan, Hortikultura dan Perkebunan','2022-01-13 00:19:32','2022-01-13 00:19:32'),(120,'UPT RUMAH POTONG HEWAN Dinas Perikanan dan Peternakan','2022-01-13 00:19:32','2022-01-13 00:19:32'),(121,'UPT Pertanian Wilayah IX Dinas Tanaman Pangan, Hortikultura dan Perkebunan','2022-01-13 00:19:32','2022-01-13 00:19:32'),(122,'UPT Penataan Bangunan III Dinas Perumahan, Kawasan Pemukiman, dan Pertanahan','2022-01-13 00:19:32','2022-01-13 00:19:32'),(123,'UPT KEPENDUDUKAN DAN PENCATATAN SIPIL WILAYAH VII Dinas Kependudukan dan Pencatatan Sipil','2022-01-13 00:19:32','2022-01-13 00:19:32'),(124,'UPT Infrasttruktur Jalan dan Jemabatan Wilayah IV Dinas Pekerjaan Umum dan Penataan Ruang','2022-01-13 00:19:32','2022-01-13 00:19:32'),(125,'UPT Pengembagan Teknologi Lahan Kering Dinas Tanaman Pangan, Hortikultura dan Perkebunan','2022-01-13 00:19:32','2022-01-13 00:19:32'),(126,'UPT Penataan Bangunan I Dinas Perumahan, Kawasan Pemukiman, dan Pertanahan','2022-01-13 00:19:32','2022-01-13 00:19:32'),(127,'UPT Perlindungan Perempuan dan Anak (PPA) Wilayah V Dinas Pemberdayaan Perempuan dan Perlindungan Anak, Pengendalian Penduduk dan KB','2022-01-13 00:19:32','2022-01-13 00:19:32'),(128,'UPT Pengelolaan Sampah Wilayah II Dinas Lingkungan Hidup','2022-01-13 00:19:32','2022-01-13 00:19:32'),(129,'UPT Pengelolaan Sampah Wilayah I Dinas Lingkungan Hidup','2022-01-13 00:19:32','2022-01-13 00:19:32'),(130,'UPT Pengelolaan Sarana dan Prasarana Olahraga Dinas Pemuda dan Olah Raga','2022-01-13 00:19:32','2022-01-13 00:19:32'),(131,'UPT Rumah Susun Umum Sewa Dinas Perumahan, Kawasan Pemukiman, dan Pertanahan','2022-01-13 00:19:32','2022-01-13 00:19:32'),(132,'UPT Pengelolaan Prasarana dan Perlengkapan Perhubungan Wilayah II Dinas Perhubungan','2022-01-13 00:19:32','2022-01-13 00:19:32'),(133,'UPT Pengelolaan Sampah Wilayah III Dinas Lingkungan Hidup','2022-01-13 00:19:32','2022-01-13 00:19:32'),(134,'UPT Infrasttruktur Jalan dan Jemabatan Wilayah II Dinas Pekerjaan Umum dan Penataan Ruang','2022-01-13 00:19:32','2022-01-13 00:19:32'),(135,'UPT Sistem Pengelolaan Air Limbah Domestik Dinas Pekerjaan Umum dan Penataan Ruang','2022-01-13 00:19:32','2022-01-13 00:19:32'),(136,'UPT Balai Kesejahteraan Sosial Tegar Beriman Dinas Sosial','2022-01-13 00:19:32','2022-01-13 00:19:32'),(137,'Dinas Ketahanan Pangan ( jangan pilih yang ini )','2022-01-13 00:19:32','2022-03-30 15:56:49'),(138,' UPT Teknik Jalan dan Jembatan IV (Kec. Ciampea) Dinas Pekerjaan Umum dan Penataan Ruang','2022-01-13 00:19:32','2022-01-13 00:19:32'),(139,'UPT KEPENDUDUKAN DAN PENCATATAN SIPIL WILAYAH V Dinas Kependudukan dan Pencatatan Sipil','2022-01-13 00:19:32','2022-01-13 00:19:32'),(140,'UPT KEPENDUDUKAN DAN PENCATATAN SIPIL WILAYAH III Dinas Kependudukan dan Pencatatan Sipil','2022-01-13 00:19:32','2022-01-13 00:19:32'),(141,'UPT Infrastruktur Irigasi Wilayah V Dinas Pekerjaan Umum dan Penataan Ruang','2022-01-13 00:19:32','2022-01-13 00:19:32'),(142,'UPT Infrasttruktur Jalan dan Jemabatan Wilayah VII Dinas Pekerjaan Umum dan Penataan Ruang','2022-01-13 00:19:32','2022-01-13 00:19:32'),(143,' Dinas Perumahan, Kawasan Pemukiman, dan Pertanahan','2022-01-13 00:19:32','2022-01-13 00:19:32'),(144,'UPT Pengelolaan Sampah Wilayah VI Dinas Lingkungan Hidup','2022-01-13 00:19:32','2022-01-13 00:19:32'),(145,'UPT Pengelolaan Prasarana dan Perlengkapan Perhubungan Wilayah IV Dinas Perhubungan','2022-01-13 00:19:32','2022-01-13 00:19:32'),(146,'UPT KEPENDUDUKAN DAN PENCATATAN SIPIL WILAYAH VI Dinas Kependudukan dan Pencatatan Sipil','2022-01-13 00:19:32','2022-01-13 00:19:32'),(147,'UPT Infrasttruktur Jalan dan Jemabatan Wilayah V Dinas Pekerjaan Umum dan Penataan Ruang','2022-01-13 00:19:32','2022-01-13 00:19:32'),(148,' Dinas Lingkungan Hidup','2022-01-13 00:19:32','2022-01-13 00:19:32'),(149,'UPT Pertanian Wilayah VII Dinas Tanaman Pangan, Hortikultura dan Perkebunan','2022-01-13 00:19:32','2022-01-13 00:19:32'),(150,'UPT Pengelolaan Sampah Wilayah VII Dinas Lingkungan Hidup','2022-01-13 00:19:32','2022-01-13 00:19:32'),(151,'UPT Pertanian Wilayah I Dinas Tanaman Pangan, Hortikultura dan Perkebunan','2022-01-13 00:19:32','2022-01-13 00:19:32'),(152,'UPT Balai Benih Ikan Kelas A Cijeruk Dinas Perikanan dan Peternakan','2022-01-13 00:19:32','2022-01-13 00:19:32'),(153,'UPT Infrastruktur Irigasi Wilayah III Dinas Pekerjaan Umum dan Penataan Ruang','2022-01-13 00:19:32','2022-01-13 00:19:32'),(154,'UPT KEPENDUDUKAN DAN PENCATATAN SIPIL WILAYAH I Dinas Kependudukan dan Pencatatan Sipil','2022-01-13 00:19:32','2022-01-13 00:19:32'),(155,'UPT Pendidikan dan Pelatihan Olahraga Pelajar dan Mahasiswa Dinas Pemuda dan Olah Raga','2022-01-13 00:19:32','2022-01-13 00:19:32'),(156,'UPT LABORATORIUM KESEHATAN DAERAH Dinas Kesehatan','2022-01-13 00:19:32','2022-01-13 00:19:32'),(157,'KELURAHAN NANGGEWER Kecamatan Cibinong','2022-01-13 00:19:32','2022-01-13 00:19:32'),(160,'Badan Pengelolaan Pendapatan Daerah ( jangan pilih yang ini )','2022-03-03 23:56:08','2022-03-30 17:27:32'),(161,' Dinas Perhubungan','2022-04-04 22:58:40','2022-04-04 22:58:40'),(162,' Dinas Pekerjaan Umum dan Penataan Ruang','2022-04-04 22:58:40','2022-04-04 22:58:40'),(163,'UPT Peralatan dan Perbengkelan Dinas Pekerjaan Umum dan Penataan Ruang','2022-04-04 22:58:40','2022-04-04 22:58:40'),(164,'UPT Infrasttruktur Jalan dan Jemabatan Wilayah I Dinas Pekerjaan Umum dan Penataan Ruang','2022-04-04 22:58:40','2022-04-04 22:58:40'),(165,'UPT Pertanian Wilayah X Dinas Tanaman Pangan, Hortikultura dan Perkebunan','2022-04-04 22:58:40','2022-04-04 22:58:40'),(166,'UPT Pertanian Wilayah XI Dinas Tanaman Pangan, Hortikultura dan Perkebunan','2022-04-04 22:58:40','2022-04-04 22:58:40'),(167,' Badan Pengelolaan Pendapatan Daerah','2022-04-04 22:58:40','2022-04-04 22:58:40'),(168,'UPT Pengelolaan Sampah Wilayah V Dinas Lingkungan Hidup','2022-04-04 22:58:40','2022-04-04 22:58:40'),(169,'UPT Pertanian Wilayah VIII Dinas Tanaman Pangan, Hortikultura dan Perkebunan','2022-04-04 22:58:40','2022-04-04 22:58:40'),(170,'UPT Pertanian Wilayah II Dinas Tanaman Pangan, Hortikultura dan Perkebunan','2022-04-04 22:58:40','2022-04-04 22:58:40'),(171,'UPT Pertanian Wilayah VI Dinas Tanaman Pangan, Hortikultura dan Perkebunan','2022-04-04 22:58:40','2022-04-04 22:58:40'),(172,'UPT Pajak Daerah Citeureup Badan Pengelolaan Pendapatan Daerah','2022-04-04 22:58:40','2022-04-04 22:58:40'),(173,'UPT Pajak Daerah Jonggol Badan Pengelolaan Pendapatan Daerah','2022-04-04 22:58:40','2022-04-04 22:58:40'),(174,'UPT Pertanian Wilayah V Dinas Tanaman Pangan, Hortikultura dan Perkebunan','2022-04-04 22:58:40','2022-04-04 22:58:40'),(175,'UPT Pajak Daerah Caringin Badan Pengelolaan Pendapatan Daerah','2022-04-04 22:58:40','2022-04-04 22:58:40'),(176,' Dinas Ketahanan Pangan','2022-04-04 22:58:40','2022-04-04 22:58:40'),(177,'UPT Pertanian Wilayah III Dinas Tanaman Pangan, Hortikultura dan Perkebunan','2022-04-04 22:58:40','2022-04-04 22:58:40'),(178,'UPT Pengelolaan Prasarana dan Perlengkapan Perhubungan Wilayah III Dinas Perhubungan','2022-04-04 22:58:40','2022-04-04 22:58:40'),(179,' Dinas Tenaga Kerja','2022-04-04 22:58:40','2022-04-04 22:58:40'),(180,'KELURAHAN NANGGEWER MEKAR Kecamatan Cibinong','2022-04-04 22:58:40','2022-04-04 22:58:40'),(181,'Pemerintah Daerah Kabupaten Bogor','2022-04-06 21:38:09','2022-04-06 21:38:09');
/*!40000 ALTER TABLE `mst_opd` ENABLE KEYS */;
UNLOCK TABLES;

--
-- Table structure for table `mst_pangkat`
--

DROP TABLE IF EXISTS `mst_pangkat`;
/*!40101 SET @saved_cs_client     = @@character_set_client */;
/*!40101 SET character_set_client = utf8 */;
CREATE TABLE `mst_pangkat` (
  `id` bigint(20) unsigned NOT NULL AUTO_INCREMENT,
  `nama` varchar(255) COLLATE utf8mb4_unicode_ci NOT NULL,
  `created_at` timestamp NULL DEFAULT NULL,
  `updated_at` timestamp NULL DEFAULT NULL,
  PRIMARY KEY (`id`)
) ENGINE=InnoDB DEFAULT CHARSET=utf8mb4 COLLATE=utf8mb4_unicode_ci;
/*!40101 SET character_set_client = @saved_cs_client */;

--
-- Dumping data for table `mst_pangkat`
--

LOCK TABLES `mst_pangkat` WRITE;
/*!40000 ALTER TABLE `mst_pangkat` DISABLE KEYS */;
/*!40000 ALTER TABLE `mst_pangkat` ENABLE KEYS */;
UNLOCK TABLES;

--
-- Table structure for table `mst_pangkat_golongan`
--

DROP TABLE IF EXISTS `mst_pangkat_golongan`;
/*!40101 SET @saved_cs_client     = @@character_set_client */;
/*!40101 SET character_set_client = utf8 */;
CREATE TABLE `mst_pangkat_golongan` (
  `id` bigint(20) unsigned NOT NULL AUTO_INCREMENT,
  `nama` varchar(255) COLLATE utf8mb4_unicode_ci NOT NULL,
  `created_at` timestamp NULL DEFAULT NULL,
  `updated_at` timestamp NULL DEFAULT NULL,
  PRIMARY KEY (`id`)
) ENGINE=InnoDB DEFAULT CHARSET=utf8mb4 COLLATE=utf8mb4_unicode_ci;
/*!40101 SET character_set_client = @saved_cs_client */;

--
-- Dumping data for table `mst_pangkat_golongan`
--

LOCK TABLES `mst_pangkat_golongan` WRITE;
/*!40000 ALTER TABLE `mst_pangkat_golongan` DISABLE KEYS */;
/*!40000 ALTER TABLE `mst_pangkat_golongan` ENABLE KEYS */;
UNLOCK TABLES;

--
-- Table structure for table `mst_pegawai`
--

DROP TABLE IF EXISTS `mst_pegawai`;
/*!40101 SET @saved_cs_client     = @@character_set_client */;
/*!40101 SET character_set_client = utf8 */;
CREATE TABLE `mst_pegawai` (
  `id` bigint(20) unsigned NOT NULL AUTO_INCREMENT,
  `nip` varchar(255) COLLATE utf8mb4_unicode_ci NOT NULL,
  `nama` varchar(256) COLLATE utf8mb4_unicode_ci NOT NULL,
  `gelar_depan` varchar(64) COLLATE utf8mb4_unicode_ci DEFAULT NULL,
  `gelar_belakang` varchar(64) COLLATE utf8mb4_unicode_ci DEFAULT NULL,
  `id_eselon` bigint(20) unsigned DEFAULT NULL,
  `jabatan` varchar(256) COLLATE utf8mb4_unicode_ci DEFAULT NULL,
  `id_opd` bigint(20) unsigned DEFAULT NULL,
  `created_at` timestamp NULL DEFAULT NULL,
  `updated_at` timestamp NULL DEFAULT NULL,
  PRIMARY KEY (`id`),
  KEY `mst_pegawai_id_eselon_foreign` (`id_eselon`),
  KEY `mst_pegawai_id_opd_foreign` (`id_opd`),
  CONSTRAINT `mst_pegawai_id_eselon_foreign` FOREIGN KEY (`id_eselon`) REFERENCES `mst_eselon` (`id`),
  CONSTRAINT `mst_pegawai_id_opd_foreign` FOREIGN KEY (`id_opd`) REFERENCES `mst_opd` (`id`)
) ENGINE=InnoDB AUTO_INCREMENT=1334 DEFAULT CHARSET=utf8mb4 COLLATE=utf8mb4_unicode_ci;
/*!40101 SET character_set_client = @saved_cs_client */;

--
-- Dumping data for table `mst_pegawai`
--

LOCK TABLES `mst_pegawai` WRITE;
/*!40000 ALTER TABLE `mst_pegawai` DISABLE KEYS */;
INSERT INTO `mst_pegawai` VALUES (1,'196903061990101001','HADIJANA','Drs','S.Sos, MSi.',1,'Asisten Pemerintahan dan Kesejahteraan Rakyat',1,'2022-01-13 00:19:28','2022-03-03 23:56:06'),(2,'196208231989031006','NURADI','','S.H, M.M, M.Hum',1,'Asisten Perekonomian dan Pembangunan',1,'2022-01-13 00:19:28','2022-01-13 00:19:28'),(3,'196702031986031004','BANGBANG PADMANEGARA','Drs','',2,'Camat',2,'2022-01-13 00:19:28','2022-01-13 00:19:28'),(4,'196403041985031008','ADI SETYABEKTI','Drs','',2,'Camat',3,'2022-01-13 00:19:28','2022-01-13 00:19:28'),(5,'196609061986091001','YODI MUHROD SUDJANA ERMAYA','Drs','',2,'Kabag Tata Pemerintahan',1,'2022-01-13 00:19:28','2022-04-04 22:58:38'),(6,'196508011987121005','AGUS MANJAR','Drs','M.Si',2,'Sekretaris',54,'2022-01-13 00:19:28','2022-04-04 22:58:40'),(7,'196702201987121001','ROSIDIN','Drs','MSi.',2,'Camat',6,'2022-01-13 00:19:28','2022-01-13 00:19:28'),(8,'196705251988031008','JAJANG DACE HATOMI','','S.IP',2,'Camat',7,'2022-01-13 00:19:28','2022-01-13 00:19:28'),(9,'196909131989031003','DIDIN WAHIDIN','Drs','M.Si',2,'Camat',8,'2022-01-13 00:19:28','2022-01-13 00:19:28'),(10,'197004101990032003','EUIS RATNA KOMALA','Dra','',2,'Inspektur Pembantu III',46,'2022-01-13 00:19:28','2022-04-04 22:58:38'),(11,'197005151990101001','CHAIRUKA JUDHYANTO NUGROHO','Drs','M.Si',2,'Camat',10,'2022-01-13 00:19:28','2022-01-13 00:19:28'),(12,'197010271991011002','YUDI SANTOSA','','S.Sos',2,'Camat',37,'2022-01-13 00:19:28','2022-03-03 23:56:06'),(13,'197202241992031004','SANTOSO','Drs','MA',2,'Camat',12,'2022-01-13 00:19:28','2022-01-13 00:19:28'),(14,'197111301992031003','IMAM MAHMUDI','Drs','M.Si',2,'Camat',13,'2022-01-13 00:19:28','2022-01-13 00:19:28'),(15,'197212021992111002','ADE ZULFAHMI','Drs','M.Si',2,'Camat',14,'2022-01-13 00:19:28','2022-01-13 00:19:28'),(16,'197503051993111002','PARDI','Drs','',2,'Camat',15,'2022-01-13 00:19:28','2022-01-13 00:19:28'),(17,'197507171993111001','ADI HENRYANA','Drs','AP, MSi.',2,'Camat',11,'2022-01-13 00:19:28','2022-03-03 23:56:06'),(18,'197305041994021003','EDY SUWITO SUTONO PUTRO','','AP, M. Si',2,'Camat',4,'2022-01-13 00:19:28','2022-04-04 22:58:38'),(19,'197607131994121001','RUDY MULYANA','Drs','',2,'Camat',18,'2022-01-13 00:19:28','2022-01-13 00:19:28'),(20,'197609181996031002','ANDRI RAHMAN','','S.S.T.P., M.Si.',2,'Camat',19,'2022-01-13 00:19:28','2022-01-13 00:19:28'),(21,'197807301997111001','RADEN EMAN IRWAN SOMANTRI','','S.STP',2,'Camat',20,'2022-01-13 00:19:28','2022-01-13 00:19:28'),(22,'198004251998101001','RUSLIANDY','Dr','S.STP,M.Si,M.E',2,'Camat',21,'2022-01-13 00:19:28','2022-01-13 00:19:28'),(23,'198205112000121003','KURNIA INDRA','','S.STP, M.Ec.Dev',2,'Kabag Protokol dan Komunikasi Pimpinan',1,'2022-01-13 00:19:28','2022-04-04 22:58:38'),(24,'198212032001121002','ADHI NUGRAHA','','S.STP',2,'Camat',23,'2022-01-13 00:19:28','2022-01-13 00:19:28'),(25,'198306052001121001','FIKRI IKHSANI','','S.STP, M.Si',2,'Camat',24,'2022-01-13 00:19:28','2022-01-13 00:19:28'),(26,'198209082001121001','RIDWAN SAID','','S.STP, MSi',2,'Camat',25,'2022-01-13 00:19:28','2022-01-13 00:19:28'),(27,'198404162002122002','DITA APRILLIA','','S.STP',2,'Camat',26,'2022-01-13 00:19:28','2022-01-13 00:19:28'),(28,'198209072002121001','BANGUN SEPTA SISWA','','S.STP',2,'Camat',27,'2022-01-13 00:19:28','2022-01-13 00:19:28'),(29,'198412082003121001','AGUNG SURACHMAN ALI','','S.STP., M.M.',2,'Camat',28,'2022-01-13 00:19:28','2022-03-07 23:51:58'),(30,'198505222003121001','TENNY RAMDHANI','','S.STP',2,'Camat',29,'2022-01-13 00:19:28','2022-01-13 00:19:28'),(31,'196910291990031001','ICANG ALIUDIN','','S.Pd, S.Ip, MM.',2,'Camat',30,'2022-01-13 00:19:28','2022-03-07 23:51:58'),(32,'196502111992031002','AHMAD KOSASIH','Drs','M.Si',2,'Camat',31,'2022-01-13 00:19:28','2022-01-13 00:19:28'),(33,'196704131989011001','ENDI RISMAWAN','','S.Sos',2,'Camat',9,'2022-01-13 00:19:28','2022-04-04 22:58:38'),(34,'196504181993121001','DASWARA SULANJANA','','S.H',2,'Camat',33,'2022-01-13 00:19:28','2022-01-13 00:19:28'),(35,'197011221994031004','A.E. SAEPULOH','','S.E, M.A',2,'Camat',34,'2022-01-13 00:19:28','2022-01-13 00:19:28'),(36,'197102021997031009','R. MAKMUN NAWAWI','Drs','M.Si',2,'Camat',36,'2022-01-13 00:19:28','2022-04-04 22:58:38'),(37,'196909221997031007','CECEP IMAM NAGARASID','','S.E,MSi.',1,'Kepala Satuan',67,'2022-01-13 00:19:28','2022-04-04 22:58:40'),(38,'196806131999011001','CHAERUDIN FELANI','Drs','M.M',2,'Camat',37,'2022-01-13 00:19:28','2022-01-13 00:19:28'),(39,'197110192002121002','IVAN PRAMUDIA','','S.Sos, M.M',2,'Camat',38,'2022-01-13 00:19:28','2022-04-04 22:58:38'),(40,'197612312002121014','FARID MA`RUP','','S.H, M.Hum',2,'Camat',39,'2022-01-13 00:19:28','2022-01-13 00:19:28'),(41,'197312122006041010','YUDI HARTONO','','S.E',2,'Camat',40,'2022-01-13 00:19:28','2022-01-13 00:19:28'),(42,'196603291986031003','SUTISNA','Drs','',2,'Camat',16,'2022-01-13 00:19:28','2022-03-08 22:17:29'),(43,'196405021992122001','WIWIK WAHYUNINGSIH','drg','M.KM',3,'Direktur',42,'2022-01-13 00:19:28','2022-01-13 00:19:28'),(44,'197504252005021003','MOHAMMAD TSANI MUSYAFA','dr','M.Kes, Sp.OT.',3,'Direktur',43,'2022-01-13 00:19:28','2022-01-13 00:19:28'),(45,'196304081992122001','HESTI ISWANDARI SOEDARSONO','drg','M.Kes',3,'Direktur',44,'2022-01-13 00:19:28','2022-01-13 00:19:28'),(46,'199507292017081004','MOHAMAD IQBAL AL MAMURI','','S.STP',2,'Fungsional Umum',45,'2022-01-13 00:19:28','2022-01-13 00:19:28'),(47,'196610241992021002','MOHAMMAD MAKMUR ROZAK','Drs','M.M',2,'Inspektur Pembantu I',46,'2022-01-13 00:19:28','2022-01-13 00:19:28'),(48,'196612261987031002','ARIEF SETIADI','','S.E,Ak',2,'Inspektur Pembantu II',46,'2022-01-13 00:19:28','2022-01-13 00:19:28'),(49,'196811271987031002','ADE HASRAT','','S.IP, M.Si',1,'Sekretaris DPRD',47,'2022-01-13 00:19:28','2022-04-04 22:58:40'),(50,'196810281995031003','SUMARDI','','S.Sos,M.Si',2,'Sekretaris',76,'2022-01-13 00:19:28','2022-04-04 22:58:40'),(51,'197212062003121001','TEMSY NURDIN','','S.H, M.M',2,'Inspektur Pembantu V',46,'2022-01-13 00:19:28','2022-01-13 00:19:28'),(52,'197305012005011009','BAMBAM SETIA AJI','Dr.','S.T, MBA',2,'Kabag Administrasi Pembangunan',1,'2022-01-13 00:19:28','2022-01-13 00:19:28'),(53,'196706261988031008','ENDAY ZARKASYI','','S.Sos, MA',2,'Kabag Fasilitasi Penganggaran dan Pengawasan',47,'2022-01-13 00:19:28','2022-01-13 00:19:28'),(54,'197110181991031003','ANANG SUJANA','','SKM, MKM',4,'Kabag Keuangan',44,'2022-01-13 00:19:28','2022-01-13 00:19:28'),(55,'197208151998032005','R. YUYUK SUKMAWATI','','S.IP, M.Si',4,'Kabag Keuangan',48,'2022-01-13 00:19:28','2022-01-13 00:19:28'),(56,'196905031993032013','RAHMI WINANDARI','','SKM, M.Kes',4,'Kabag Keuangan',43,'2022-01-13 00:19:28','2022-01-13 00:19:28'),(57,'197612062006041005','ADIB JAUHARIN','','SKM, MARS.',4,'Kabag Keuangan',42,'2022-01-13 00:19:28','2022-01-13 00:19:28'),(58,'196808201995032002','SUSSY RAHAYU AGUSTINI','Ir','M.T',2,'Kabag Organisasi',1,'2022-01-13 00:19:28','2022-01-13 00:19:28'),(59,'196602162006041005','ADRIAWAN','','S.E, M.Si',2,'Kabag Pengadaan Barang/Jasa',1,'2022-01-13 00:19:28','2022-01-13 00:19:28'),(60,'196706231995032001','RR EMY SRIWAHYUNI','Ir','M.Si',2,'Kabag Perekonomian',1,'2022-01-13 00:19:28','2022-01-13 00:19:28'),(61,'196705291986032001','INA HERLINA','Dra','M.Si',2,'Kabag Perencanaan dan Keuangan',1,'2022-01-13 00:19:28','2022-01-13 00:19:28'),(62,'197406081998032004','YUNITA MUSTIKA PUTRI','','S.H, M.Hum',2,'Kabag Persidangan dan Perundang-Undangan',47,'2022-01-13 00:19:28','2022-01-13 00:19:28'),(63,'196909151997031005','HERISON','','S.H, M.Si',2,'Kabag Perundang-Undangan',1,'2022-01-13 00:19:28','2022-01-13 00:19:28'),(64,'197007251992021002','ACEP SAJIDIN','Drs','M.Si',2,'Camat',32,'2022-01-13 00:19:28','2022-04-04 22:58:38'),(65,'197811061997111002','HERI RISNANDAR','','S.STP',2,'Kabag Program dan Keuangan',47,'2022-01-13 00:19:28','2022-04-04 22:58:38'),(66,'196610191998031002','BUDI CAHYADI WIRYADI','Ir.','M.M',2,'Kabag Sumber Daya Alam',1,'2022-01-13 00:19:28','2022-01-13 00:19:28'),(67,'197106291991011003','BAYU RAMAWANTO','Drs','',1,'Kepala Dinas',51,'2022-01-13 00:19:28','2022-04-04 22:58:40'),(68,'196703231991031008','MARDANI','H','S.Pd.,MM',4,'Kabag Tata Usaha',43,'2022-01-13 00:19:28','2022-01-13 00:19:28'),(69,'197006141990021001','DENNY KUSWARA','','MM',4,'Kabag Tata Usaha',44,'2022-01-13 00:19:28','2022-01-13 00:19:28'),(70,'196904101995031003','AMIRSYAH','Drs','',2,'Kabag Tata Usaha',42,'2022-01-13 00:19:28','2022-01-13 00:19:28'),(71,'196609231987031010','SOLIHIN','','SKM',4,'Kabag Tata Usaha',48,'2022-01-13 00:19:28','2022-01-13 00:19:28'),(72,'196512071992012001','LENNY RACHMAWATI','Dra','M.Si',2,'Kabag Umum',47,'2022-01-13 00:19:28','2022-01-13 00:19:28'),(73,'197103121997032006','ENDAH NURMAYATI','Ir','',2,'Sekretaris',74,'2022-01-13 00:19:28','2022-04-04 22:58:40'),(74,'196809301998032003','WIWIN YETI HARYATI','','S.E, M.M',4,'Kabid Akuntansi Dan Teknologi Informasi',49,'2022-01-13 00:19:28','2022-01-13 00:19:28'),(75,'197608262002121005','ACHMAD WILDAN','','S.E',4,'Kabid Anggaran',49,'2022-01-13 00:19:28','2022-01-13 00:19:28'),(76,'197801271999031002','MUHAMAD SAPHARRI','','S.Sos, M.M',4,'Kabid Angkutan',50,'2022-01-13 00:19:28','2022-01-13 00:19:28'),(77,'197206062002121009','DADANG IMANSYAH','','S.Kom, M.M',4,'Kabid Aplikasi Informatika',51,'2022-01-13 00:19:28','2022-01-13 00:19:28'),(78,'196808122005011012','W.R. PELITAWAN','','S.H, M.Si',4,'Kabid Aset Daerah',49,'2022-01-13 00:19:28','2022-01-13 00:19:28'),(79,'196401061998032001','ANNA TRISSEWATY','','ST. M.Si',4,'Kabid Data',52,'2022-01-13 00:19:28','2022-01-13 00:19:28'),(80,'196512111997031001','DEDI ROHANA','Drs','M.M',4,'Kabid Data Informasi dan Pengawasan Sistem Proteksi Kebakaran',53,'2022-01-13 00:19:28','2022-01-13 00:19:28'),(81,'196502161993031004','JONA SIJABAT','','S.E',4,'Kabid Distribusi dan Cadangan Pangan',54,'2022-01-13 00:19:28','2022-01-13 00:19:28'),(82,'196505261991032003','IDA SRIWIDANINGSIH','Ir','M.M',4,'Kabid Prasarana Pertanian',55,'2022-01-13 00:19:28','2022-04-04 22:58:38'),(83,'197103111998031003','MOHAMAD IDRIS','','S.T, M.Si',4,'Kabid Hubungan Industrial dan Syarat Kerja',56,'2022-01-13 00:19:28','2022-01-13 00:19:28'),(84,'196509301994032001','TRI SUBIYATI','','S.Sos, M.Si',4,'Sekretaris Kecamatan',32,'2022-01-13 00:19:28','2022-04-04 22:58:40'),(85,'197006281996031003','DANNI RACHMAT','','S.T, MM',4,'Kabid Infrastruktur dan Pengembangan Wilayah',58,'2022-01-13 00:19:28','2022-01-13 00:19:28'),(86,'197411162000031001','RADEN INDRA NURCAHYA','','S.Hut, M.A.',4,'Kabid Irigasi dan Sumber Daya Air',59,'2022-01-13 00:19:28','2022-01-13 00:19:28'),(87,'196906181997031002','BAMBANG WIDADI','Ir','M.M',4,'Kabid Jasa Konstruksi',59,'2022-01-13 00:19:28','2022-01-13 00:19:28'),(88,'196607211992031004','ASEP SULAEMAN','Ir','',2,'Sekretaris Badan',62,'2022-01-13 00:19:28','2022-04-04 22:58:40'),(89,'196702231994031009','SRI ARYANTOKO','Ir','M.M',4,'Kabid Keamanan Pangan',54,'2022-01-13 00:19:28','2022-01-13 00:19:28'),(90,'197509271995012001','IKE SELVIANY','','AP, M.Si',4,'Kabid Kebudayaan',61,'2022-01-13 00:19:28','2022-01-13 00:19:28'),(91,'197304191994031004','ARIS NURJATMIKO','','S.Sos',4,'Kabid Kedaruratan dan Logistik',62,'2022-01-13 00:19:28','2022-01-13 00:19:28'),(92,'196903271994031002','ATEP SOLEH SUMARYO','','S.H, M.M',5,'Kabid Kelembagaan dan Pemberdayaan',63,'2022-01-13 00:19:28','2022-01-13 00:19:28'),(93,'196705281992031007','ASEP FAHRUDIN','Drs','M.M',4,'Kabid Pembinaan Keluarga Berencana',64,'2022-01-13 00:19:28','2022-04-04 22:58:38'),(94,'197608012002122004','TITI SUGIARTI','','S.T',4,'Kabid Sumber Daya Manusia Pariwisata dan Ekonomi Kreatif ',61,'2022-01-13 00:19:28','2022-04-04 22:58:38'),(95,'196507011989032009','AMBAR YULIASTUTI','','S.KM, MARS',4,'Kabid Keperawatan',43,'2022-01-13 00:19:28','2022-01-13 00:19:28'),(96,'196705081988032009','FATIMATUL ZAHRO','','SKM, MARS',4,'Kabid Keperawatan',48,'2022-01-13 00:19:28','2022-01-13 00:19:28'),(97,'197012151991032005','AI GUNARSIH','Hj','S.Si.T,M.Kes',4,'Kabid Keperawatan',44,'2022-01-13 00:19:28','2022-01-13 00:19:28'),(98,'196812241992032006','ISTI QHOMAH','','S.Kep',4,'Kabid Keperawatan',42,'2022-01-13 00:19:28','2022-01-13 00:19:28'),(99,'196604161992032007','PRIHATINI MULYAWATI','drh','M.M',4,'Kabid Kesehatan Hewan dan Kesmavet',65,'2022-01-13 00:19:28','2022-01-13 00:19:28'),(100,'197303202006042005','INTAN WIDAYATI','dr','M.A',4,'Kabid Kesehatan Masyarakat',66,'2022-01-13 00:19:28','2022-01-13 00:19:28'),(101,'196512161986031007','SUDIYANTA','H','S.Pd , M.M',4,'Kabid Penanggulangan Kebakaran',53,'2022-01-13 00:19:28','2022-04-04 22:58:38'),(102,'197709272000121001','RISNANDAR','','S.Sos',4,'Kabid Keselamatan',50,'2022-01-13 00:19:28','2022-01-13 00:19:28'),(103,'197312061993012001','RAHMAWATI ARIES','Dra','M.Si',4,'Sekretaris Kecamatan',38,'2022-01-13 00:19:28','2022-04-04 22:58:40'),(104,'196602281994031005','TOTO ISMANTO','Ir','M.M',4,'Kabid Penguatan Daya Saing Produk Perikanan',65,'2022-01-13 00:19:28','2022-04-04 22:58:38'),(105,'197009141992111001','MUHAMAD JUNAN HATALA','','S.IP',4,'Kabid Ketertiban Umum',67,'2022-01-13 00:19:28','2022-01-13 00:19:28'),(106,'196711101991021006','ASEP NURDIN','','S.Sos',4,'Kabid Kewaspadaan Nasional dan Penanganan Konflik',57,'2022-01-13 00:19:28','2022-01-13 00:19:28'),(107,'197502132005012007','RATIH PURNAMASARI','','SH, MH',4,'Kabid Mutasi dan Promosi',75,'2022-01-13 00:19:28','2022-04-04 22:58:38'),(108,'197007111993021001','JUDI RACHMAT SULAELI','','S.Hut, M.M',4,'Kabid Perlindungan dan Pelayanan Pertanian',55,'2022-01-13 00:19:28','2022-04-04 22:58:38'),(109,'197403011998031004','HEDI HERYADI','','SE, M.M',4,'Kabid Lalu Lintas',50,'2022-01-13 00:19:28','2022-01-13 00:19:28'),(110,'197011051998022010','NINA NURMASARI','Dr','S.Pd. M.Pd.',4,'Kabid Layanan Kepemudaan',68,'2022-01-13 00:19:28','2022-01-13 00:19:28'),(111,'196612101997031003','DESRIZA RATMAN','dr','SH, MH.Kes',4,'Kabid Medik',42,'2022-01-13 00:19:28','2022-01-13 00:19:28'),(112,'197206202006042013','FERTAMI DIANA SARI','dr','MARS',4,'Kabid Medik',48,'2022-01-13 00:19:28','2022-01-13 00:19:28'),(113,'197411052001122002','EVAWANGI','dr','M.Epid',4,'Kabid Medik',44,'2022-01-13 00:19:28','2022-04-04 22:58:38'),(114,'196504201994031001','ZULKIFLI','Ir. H','',4,'Kabid Pelatihan dan Produktivitas Kerja',56,'2022-01-13 00:19:28','2022-01-13 00:19:28'),(115,'196605071986032008','NANI YUNINGSIH','','S.A.P',4,'Kabid Pelayanan dan Penetapan',69,'2022-01-13 00:19:28','2022-01-13 00:19:28'),(116,'197310172006042013','ESTHER MELANNI','dr','M.Kes',4,'Kabid Pelayanan Kesehatan',66,'2022-01-13 00:19:28','2022-01-13 00:19:28'),(117,'197208111999032005','TRINI SYAHMINAN','','S.H, MM',4,'Kabid Pelayanan Pencatatan Sipil',45,'2022-01-13 00:19:28','2022-01-13 00:19:28'),(118,'196603161987032002','ANI NURHAENI','','S.Sos',4,'Kabid Pelayanan Pendaftaran Penduduk',45,'2022-01-13 00:19:28','2022-01-13 00:19:28'),(119,'196711102006042006','SOIMAH MURNININGSIH','','S.E,MM',4,'Kabid Pelayanan Perizinan',52,'2022-01-13 00:19:28','2022-01-13 00:19:28'),(120,'197507172005011008','RULI HERMAWAN','','S.Kom., M.M',4,'Kabid Pelayanan Perizinan Pemanfaatan Ruang',52,'2022-01-13 00:19:28','2022-01-13 00:19:28'),(121,'197110211998032002','EMILIA OKIANTHY MOERTHY','','SE. MM',4,'Kabid Pemanfaatan Data dan Inovasi Pelayanan',45,'2022-01-13 00:19:28','2022-01-13 00:19:28'),(122,'196510232002121002','DEDI HERNADI','Ir','M.A',4,'Kabid Perdagangan',76,'2022-01-13 00:19:28','2022-04-04 22:58:38'),(123,'196401171985032005','TIKA SITI JATNIKA','Dra','M.Si',4,'Kabid Pembangunan Ekonomi dan Pendapatan Desa',70,'2022-01-13 00:19:28','2022-01-13 00:19:28'),(124,'196512261987031003','KRISMAN NUGRAHA','','S.T, M.Si',4,'Kabid Pembangunan Jalan dan Jembatan',59,'2022-01-13 00:19:28','2022-01-13 00:19:28'),(125,'197306102010012001','DEWI PUSPITASARI','','S.E, M.Si',5,'Kabid Pemberdayaan Masyarakat',34,'2022-01-13 00:19:28','2022-01-13 00:19:28'),(126,'196904061991011001','SURADI SUPRIYADI','','S.Sos, MM',5,'Kabid Pemberdayaan Masyarakat',4,'2022-01-13 00:19:28','2022-01-13 00:19:28'),(127,'196404171996031001','MUHAMMAD LUKMAN','','S.H',4,'Kabid Pemberdayaan Masyarakat Desa',70,'2022-01-13 00:19:28','2022-01-13 00:19:28'),(128,'198403102002122001','RIA MARLISA ARITONANG','','S.STP, M.Si',2,'Camat',35,'2022-01-13 00:19:28','2022-04-04 22:58:38'),(129,'196507261991021001','DIAN MULYA DIANSYAH','Drs','MM',4,'Kabid Pemberdayaan Sosial',71,'2022-01-13 00:19:28','2022-01-13 00:19:28'),(130,'197201312002121005','YUDI TAUFIQ','','S.E, MSi.',4,'Kabid Pemberdayaan Usaha Mikro',63,'2022-01-13 00:19:28','2022-01-13 00:19:28'),(131,'197103061998031006','IWAN IRAWAN','','S.E, M.Si',4,'Kabid Pembinaan',67,'2022-01-13 00:19:28','2022-01-13 00:19:28'),(132,'196704241993032008','SHINTA DAMAYANTI','Dra','M.M',4,'Kabid Pembinaan Kearsipan',72,'2022-01-13 00:19:28','2022-01-13 00:19:28'),(133,'196512241992121001','AGUS SUHENDI','Dr','S.Pd, M.Pd',4,'Kabid Pembinaan Pendidikan Anak Usia Dini dan Pendidikan Masyarakat',73,'2022-01-13 00:19:28','2022-01-13 00:19:28'),(134,'196604131996012001','NURJANAH','','S.H, M.Si',2,'Kabag Umum',1,'2022-01-13 00:19:28','2022-04-04 22:58:38'),(135,'197004161997031008','UCU SUNARYA','','S.Pd.MM',4,'Kabid Pembinaan Sekolah Menengah Pertama',73,'2022-01-13 00:19:28','2022-01-13 00:19:28'),(136,'197103291994031005','ELWI SULISTIYANTO','','S.Sos, M.Si.',4,'Kabid Pembudayaan Olahraga',68,'2022-01-13 00:19:28','2022-01-13 00:19:28'),(137,'197709182008011002','GANTARA LENGGANA','','S.Sos, M.Si',4,'Kabid Pemeliharaan Jalan dan Jembatan',59,'2022-01-13 00:19:28','2022-01-13 00:19:28'),(138,'196808031998031005','ENDIK SUPIANI','','S.P, M.Si',4,'Kabid Pemerintahan dan Pembangunan Manusia',58,'2022-01-13 00:19:28','2022-01-13 00:19:28'),(139,'197606201998032006','LINA YULIANA','','S. Sos, M.M',4,'Kabid Pemerintahan Desa',70,'2022-01-13 00:19:28','2022-01-13 00:19:28'),(140,'196403101991011001','DEDEN SUKMAAJI','Ir','M.M',4,'Kabid Penegakan Hukum dan Pengelolaan Limbah Bahan Berbahaya dan Beracun',74,'2022-01-13 00:19:28','2022-04-04 22:58:38'),(141,'198209242009021001','GANDI PUTRA SIREGAR','','S.T, M.Si',4,'Kabid Penagihan, Keberatan dan Pengawasan Pendapatan Daerah',69,'2022-01-13 00:19:28','2022-01-13 00:19:28'),(142,'196707061988031005','JAJA SUJATMA','','S.H, M.M',4,'Kabid Penanggulangan Kebakaran',53,'2022-01-13 00:19:28','2022-01-13 00:19:28'),(143,'197912192005012007','RATNA PRATINI','','S.T, M.M',4,'Kabid Penataan Bangunan',60,'2022-01-13 00:19:28','2022-01-13 00:19:28'),(144,'196608201987031004','EKA WARTO','','S.H',4,'Kabid Penataan Ruang',59,'2022-01-13 00:19:28','2022-01-13 00:19:28'),(145,'196609181987081002','AGUS LIDWAN','Drs','',4,'Kabid Pencegahan dan Kesiagaan Bahaya Kebakaran',53,'2022-01-13 00:19:28','2022-01-13 00:19:28'),(146,'196807101990031004','AGUS SUYATNA','','S.Sos, MSi.',4,'Kabid Pencegahan dan Kesiapsiagaan',62,'2022-01-13 00:19:29','2022-01-13 00:19:29'),(147,'197212031995031001','ADANG MULYANA','','SKM, M.Epid',4,'Kabid Pencegahan dan Pengendalian Penyakit',66,'2022-01-13 00:19:29','2022-01-13 00:19:29'),(148,'197205052002121009','IRAWAN SUSANTO','','S.E, M.E',4,'Kabid Pendataan dan Penilaian',69,'2022-01-13 00:19:29','2022-01-13 00:19:29'),(149,'196402241986021001','BUDI MULYAWAN','','S.H., MM.',4,'Kabid Penegakan Perundang-Undangan Daerah',67,'2022-01-13 00:19:29','2022-01-13 00:19:29'),(150,'197207072005012009','RINY KUSUMAWATI','Dr','S.P, M.M',4,'Kabid Penelitian dan Pengembangan',58,'2022-01-13 00:19:29','2022-01-13 00:19:29'),(151,'196410221994031005','JOKO SUMARNO','Drs','M.M',4,'Kabid Penempatan dan Perluasan Kerja',56,'2022-01-13 00:19:29','2022-01-13 00:19:29'),(152,'197511062005012005','NIA KUSMARDINI','','SP, MA',4,'Kabid Pengadaan, Pemberhentian dan Informasi',75,'2022-01-13 00:19:29','2022-01-13 00:19:29'),(153,'196406161990031008','R. BISMA WISUDA','','A.Ma.PKB, S.E, M.A',4,'Kabid Pengawasan',50,'2022-01-13 00:19:29','2022-01-13 00:19:29'),(154,'197203231992031006','ABDURACHMAN','Drs','',4,'Kabid Pengawasan dan Pemeriksaan',63,'2022-01-13 00:19:29','2022-01-13 00:19:29'),(155,'196805171989031008','DADAN DHARMATIN DIRGANTARA','Drs','M.Si.',4,'Kabid Pengelolaan Informasi Administrasi Kependudukan',45,'2022-01-13 00:19:29','2022-01-13 00:19:29'),(156,'196611162002121001','ERWAN SUHERWAN','Drs','M.Si',4,'Kabid Perlindungan, Pemberdayaan Perempuan dan Pengarusutamaan Gender',64,'2022-01-13 00:19:29','2022-04-04 22:58:38'),(157,'197306042002121004','ISMAMBAR FADLI','','S.E, M.Si.',4,'Kabid Pengelolaan Persampahan',74,'2022-01-13 00:19:29','2022-04-04 22:58:38'),(158,'196806262002121005','ZECKY ZAKARIA','','S.Sos, MM',4,'Kabid Pengembangan dan Promosi',52,'2022-01-13 00:19:29','2022-01-13 00:19:29'),(159,'196603211996031001','RUSLAN','','S.IP',4,'Kabid Pengendalian',52,'2022-01-13 00:19:29','2022-01-13 00:19:29'),(160,'197908202005011010','HOLID MAWARDI','','S.E, M.M',4,'Kabid Pengendalian Pencemaran dan Kemitraan',74,'2022-01-13 00:19:29','2022-01-13 00:19:29'),(161,'196712131993121001','RUSMAN TAUFIK','Drs. H.','M.Si',4,'Kabid Pengendalian Penduduk dan Keluarga Sejahtera',64,'2022-01-13 00:19:29','2022-04-04 22:58:38'),(162,'198203172000122001','FEBRIYANTI','','S.STP. M.Si',4,'Kabid Penilaian Kinerja Aparatur dan Penghargaan',75,'2022-01-13 00:19:29','2022-01-13 00:19:29'),(163,'196906151998031001','YEDI AHMAD MULYADI','','S.H, M.H',4,'Kabid Peningkatan Prestasi Olahraga',68,'2022-01-13 00:19:29','2022-01-13 00:19:29'),(164,'196703041998031008','ACHMAD SAMUDERA','','S.T, M.M',4,'Kabid Penyehatan Lingkungan',59,'2022-01-13 00:19:29','2022-01-13 00:19:29'),(165,'196805201991031006','RUHENDRA','','S.P, M.M',4,'Kabid Penyuluhan',55,'2022-01-13 00:19:29','2022-01-13 00:19:29'),(166,'197406022002121006','ANDRI HADIAN','','S.E,S.T,M.M',2,'Sekretaris Badan',49,'2022-01-13 00:19:29','2022-04-04 22:58:40'),(167,'197202111999011001','PEDRI HARIYANTO','','S.E,MM',2,'Kabag Kesejahteraan Rakyat',1,'2022-01-13 00:19:29','2022-04-04 22:58:38'),(168,'197208211998032004','RAHMI KARMELLIA','','S.Hut, M.Si',4,'Kabid Perekonomian dan Sumber Daya Alam',58,'2022-01-13 00:19:29','2022-01-13 00:19:29'),(169,'197903112002122004','DELLIANIE UKMAN (NUNIE)','','S.P, M.M',4,'Kabid Perencanaan dan Pengembangan Pendapatan Daerah',69,'2022-01-13 00:19:29','2022-01-13 00:19:29'),(170,'197509061999012001','HEKSI LESTARI','','S.T, M.Si',4,'Kabid Perencanaan, Pengendalian dan Evaluasi Pembangunan Daerah',58,'2022-01-13 00:19:29','2022-01-13 00:19:29'),(171,'196802181994032004','JULAIHA DUWILA','','S.E',4,'Kabid Perindustrian',76,'2022-01-13 00:19:29','2022-01-13 00:19:29'),(172,'196601081999012001','A. YENI HARYATI','Ir','',4,'Kabid Konsumsi dan Penganekaragaman Pangan',54,'2022-01-13 00:19:29','2022-04-04 22:58:38'),(173,'196606281994032006','ENI IRAWATI','Dra','M.M',4,'Kabid Perlindungan dan Jaminan Sosial',71,'2022-01-13 00:19:29','2022-01-13 00:19:29'),(174,'197111282008011002','TEGUH SUGIARTO','','S.H, M.H',4,'Kabid Perlindungan Masyarakat',67,'2022-01-13 00:19:29','2022-01-13 00:19:29'),(175,'196508191987122002','TATI MARYATI','Hj','S.Sos., M.SI',4,'Kabid Perpustakaan',72,'2022-01-13 00:19:29','2022-01-13 00:19:29'),(176,'196712041994031007','ISKANDAR ZULKARNAIN','Drs','SE, M.Si',4,'Kabid Persandian dan Statistik',51,'2022-01-13 00:19:29','2022-01-13 00:19:29'),(177,'197602142008011003','EKO MUJIARTO','','S.H, M.H',4,'Kabid Pertanahan',60,'2022-01-13 00:19:29','2022-01-13 00:19:29'),(178,'197105141999011001','DEDE ARMANSYAH','','ST',4,'Kabid Perumahan',60,'2022-01-13 00:19:29','2022-01-13 00:19:29'),(179,'196411081992032006','RAMILAH ERLIANI NASUTION','drh. Hj','M.M',4,'Kabid Peternakan',65,'2022-01-13 00:19:29','2022-01-13 00:19:29'),(180,'196910191989031003','SUPENDI','','S.E., M.A.',4,'Kabid Politik Dalam Negeri',57,'2022-01-13 00:19:29','2022-01-13 00:19:29'),(181,'196610071987031002','NUNUNG TOYIBAH','H','S.Sos, M.Si',4,'Kabid Prasarana, Sarana dan Utilitas Umum (PSU)',60,'2022-01-13 00:19:29','2022-01-13 00:19:29'),(182,'196904021997031009','ROHMAN','','S.Pi, M.M',4,'Kabid Perikanan Budidaya dan Perikanan Tangkap',65,'2022-01-13 00:19:29','2022-04-04 22:58:38'),(183,'196504271999011001','ADJI SUKMADJAJA','','S.T, M.Si, M.T',4,'Kabid Rehabilitasi dan Konstruksi',62,'2022-01-13 00:19:29','2022-01-13 00:19:29'),(184,'197011141992122001','ELFI NILA HARTANI','','S.Pd, MM',4,'Kabid Rehabilitasi Sosial',71,'2022-01-13 00:19:29','2022-01-13 00:19:29'),(185,'198303032002121002','RAMENI','','SSTP, M.Si',2,'Camat',17,'2022-01-13 00:19:29','2022-04-04 22:58:38'),(186,'196811121997031005','EDY MULYADI','','S.T, M.T',4,'Kabid Sarana Prasarana dan Kewilayahan Ekonomi Desa',70,'2022-01-13 00:19:29','2022-04-04 22:58:38'),(187,'197102221995012004','ANNI BERSARI KRISTINA HARAHAP','','SKM, M.KM',4,'Kabid Sumber Daya Kesehatan',66,'2022-01-13 00:19:29','2022-01-13 00:19:29'),(188,'196704031994032006','IRMA VILLAYANTI','Ir','',4,'Kabid Ketersediaan dan Kerawanan Pangan',54,'2022-01-13 00:19:29','2022-04-04 22:58:38'),(189,'196811242003121001','RAHMAT MULYANA','','S.T, M.M',4,'Kabid Tata Lingkungan',74,'2022-01-13 00:19:29','2022-01-13 00:19:29'),(190,'196405211996031002','MUHAMMAD IBAN','Ir','M.M',4,'Kabid Tertib Niaga',76,'2022-01-13 00:19:29','2022-01-13 00:19:29'),(191,'196809211993122002','SURYA SUMINI','Dra','',5,'Kasi Kemitraan dan Peran Serta Masyarakat',74,'2022-01-13 00:19:29','2022-01-13 00:19:29'),(192,'196603071989031012','DIDIN SYAFRUDIN','Dr','SPd. MM',5,'Kasi Kurikulum dan Kelembagaan Sekolah Dasar',73,'2022-01-13 00:19:29','2022-01-13 00:19:29'),(193,'196809101994032006','SUSILAWATI','Dra','MM',5,'Kasi Kurikulum dan Kelembagaan Sekolah Menengah Pertama',73,'2022-01-13 00:19:29','2022-01-13 00:19:29'),(194,'197209232002121005','DEDE KOSASIH','','S.E, M.Si',5,'Kasi Pengumpulan, Pengolahan dan Analisis Data Statistik',51,'2022-01-13 00:19:29','2022-01-13 00:19:29'),(195,'197005151998032005','DEDE HARTINI','','S.E, M.Si',5,'Kasi Publikasi Data Statistik pada Bidang Persandian dan Statistik',51,'2022-01-13 00:19:29','2022-01-13 00:19:29'),(196,'197609272002122003','PURRISTIYANA','','S.H, M.P',5,'Kasie Administrasi Pertanahan',60,'2022-01-13 00:19:29','2022-01-13 00:19:29'),(197,'196910231990031006','MAMAN SUPARDI','','S.Pd, M.Si',5,'Kasie Advokasi dan Penggerakan',64,'2022-01-13 00:19:29','2022-01-13 00:19:29'),(198,'197802192002121006','FUFUNG','','ST, M.AP',5,'Kasie Air Minum',59,'2022-01-13 00:19:29','2022-01-13 00:19:29'),(199,'197809052010011002','ACHMAD HADIYATUL MUNAWAR','','MM',5,'Kasie Aparatur Pemerintahan Desa',70,'2022-01-13 00:19:29','2022-01-13 00:19:29'),(200,'197501082007012007','RITA SARI','','S.Kep, Ner',5,'Kasie Asuhan dan Mutu Keperawatan',48,'2022-01-13 00:19:29','2022-01-13 00:19:29'),(201,'197204161994031009','YUSUP DJAMILI','','A.Md.Kep',5,'Kasie Asuhan dan Mutu Keperawatan',42,'2022-01-13 00:19:29','2022-01-13 00:19:29'),(202,'197304061998031003','WASESO','','SKM, M.Kes',5,'Kasie Asuhan dan Mutu Keperawatan',43,'2022-01-13 00:19:29','2022-01-13 00:19:29'),(203,'197309021993031001','HELMI ADAM','','S.Kep',5,'Kasie Asuhan dan Mutu Keperawatan',44,'2022-01-13 00:19:29','2022-01-13 00:19:29'),(204,'196405101987031006','MURTANIH','','S.H.',5,'Kasie Bimbingan Masyarakat dan Pemberdayaan Sumber Daya Aparatur',67,'2022-01-13 00:19:29','2022-01-13 00:19:29'),(205,'196812281992031005','EKA SUKARNA','','S.ST, M.T',5,'Kasie Bina Jasa Konstruksi',59,'2022-01-13 00:19:29','2022-01-13 00:19:29'),(206,'196509191986031011','AMIN MUNANDAR','','S.H',5,'Kasie Bina Ketahanan Remaja',64,'2022-01-13 00:19:29','2022-01-13 00:19:29'),(207,'196911271996032002','LILI NUS CHALIMAH','','S.Pt',5,'Kasie Bina Mutu dan Pemasaran Hasil Perikanan',65,'2022-01-13 00:19:29','2022-01-13 00:19:29'),(208,'197405012002121004','INDRA PERMANA SUKANDA P','','S.T',5,'Kasie Bina Syarat Kerja',56,'2022-01-13 00:19:29','2022-01-13 00:19:29'),(209,'198404062011011002','KHAIRUL AMARULLAH','','S.T',5,'Kasie Bina Teknik Jalan dan Jembatan',59,'2022-01-13 00:19:29','2022-01-13 00:19:29'),(210,'197705062002122011','MIRA DEWI SITANGGANG','','S.E, M.M',5,'Kasie Cadangan Pangan',54,'2022-01-13 00:19:29','2022-01-13 00:19:29'),(211,'196806191997031004','INDI RICHDIAN','','S.E',5,'Kasie Cagar Budaya dan Sejarah',61,'2022-01-13 00:19:29','2022-01-13 00:19:29'),(212,'196409132007012003','OMAY MARDIAH','Dra','',5,'Kasie Data dan Informasi Anak',64,'2022-01-13 00:19:29','2022-01-13 00:19:29'),(213,'197805262002122006','HANY MEILANY','','S.Sos',5,'Kasie Data dan Informasi Gender',64,'2022-01-13 00:19:29','2022-01-13 00:19:29'),(214,'196402041994032003','RENI JUMHARTINI','Dra','M.M',5,'Kasie Data dan Sistem Informasi',61,'2022-01-13 00:19:29','2022-01-13 00:19:29'),(215,'196502041998031003','NANA SURYANA','','S.H',5,'Kasie Data Informasi',53,'2022-01-13 00:19:29','2022-01-13 00:19:29'),(216,'197510012005012009','DYAH SUSILOWATI','','S.Kom',5,'Kasie Data, Informasi dan Mobilisasi',67,'2022-01-13 00:19:29','2022-01-13 00:19:29'),(217,'196910191999031001','YOGI TRITUGASTYO','','SE, MM',4,'Kabid Destinasi Pariwisata',61,'2022-01-13 00:19:29','2022-04-04 22:58:38'),(218,'197607192005021004','MOCHAMMAD ICHSAN THAYEB','','S.Kom, M.Si',5,'Kasie Deteksi Dini',67,'2022-01-13 00:19:29','2022-01-13 00:19:29'),(219,'197111282006041007','SUTRIANA','','S.P., M.M',5,'Kasie Distribusi dan Harga Pangan',54,'2022-01-13 00:19:29','2022-01-13 00:19:29'),(220,'197601272005012011','TIKA RACHMAWATI','','S.T., M.Sc.',5,'Kasie Drainase',59,'2022-01-13 00:19:29','2022-01-13 00:19:29'),(221,'197611132006042011','IRMAWATI','','S.Pt, M.AP',6,'Kasie Ekonomi dan Pembangunan',77,'2022-01-13 00:19:29','2022-01-13 00:19:29'),(222,'197305142007011003','DEDEN ANDI AZHAR NATAKUSUMAH','','SH',6,'Kasie Ekonomi dan Pembangunan',78,'2022-01-13 00:19:29','2022-01-13 00:19:29'),(223,'196608292007011001','KUWAT','','S.Sos',6,'Kasie Ekonomi dan Pembangunan',25,'2022-01-13 00:19:29','2022-01-13 00:19:29'),(224,'197505062008012003','IMA SURYANI','','S.Sos',6,'Kasie Ekonomi dan Pembangunan',79,'2022-01-13 00:19:29','2022-01-13 00:19:29'),(225,'197307022008012006','DADEN YULIYANTI','Hj','S.AP, M.A',5,'Kasie Ekonomi dan Pembangunan',80,'2022-01-13 00:19:29','2022-01-13 00:19:29'),(226,'197601182002121003','MOCH SULTONI SUTARDJO','','A.Md',6,'Kasie Ekonomi dan Pembangunan',81,'2022-01-13 00:19:29','2022-01-13 00:19:29'),(227,'198105062002121006','RONALD','','S.H',6,'Kasie Ekonomi dan Pembangunan',82,'2022-01-13 00:19:29','2022-01-13 00:19:29'),(228,'197003281994032004','RINA BUSTAMI A','','',6,'Kasie Ekonomi dan Pembangunan',83,'2022-01-13 00:19:29','2022-01-13 00:19:29'),(229,'196812081994032006','AYI HIBARNINGSIH','','S.E, M.Si',6,'Kasie Ekonomi dan Pembangunan',84,'2022-01-13 00:19:29','2022-01-13 00:19:29'),(230,'196404111995031001','MOCHAMAD SUTOBI','','',6,'Kasie Ekonomi dan Pembangunan',85,'2022-01-13 00:19:29','2022-01-13 00:19:29'),(231,'196607111988031007','CUCU SAMSUL BAHRI','','S.IP',6,'Kasie Ekonomi dan Pembangunan',86,'2022-01-13 00:19:29','2022-01-13 00:19:29'),(232,'196808021990031006','ODING SYAHRUDIN','','S.Pd, M.Pd',5,'Kasie Pendidikan dan Kesehatan',38,'2022-01-13 00:19:29','2022-04-04 22:58:39'),(233,'197905132009011004','HARI SUTANSYAH','','S.Sos',6,'Kasie Ekonomi dan Pembangunan',88,'2022-01-13 00:19:29','2022-01-13 00:19:29'),(234,'198109182009012002','NINING KURNIASIH','','SE. MA',6,'Kasie Ekonomi dan Pembangunan',89,'2022-01-13 00:19:29','2022-01-13 00:19:29'),(235,'197905062009012001','SARAH','','S.E, M.AP',6,'Kasie Pemerintahan',90,'2022-01-13 00:19:29','2022-04-04 22:58:39'),(236,'196508072009011003','WARDI S','','SE',6,'Kasie Ekonomi dan Pembangunan',90,'2022-01-13 00:19:29','2022-01-13 00:19:29'),(237,'197706252010011001','IBNU GOFUR','','S.Sos',6,'Kasie Ekonomi dan Pembangunan',91,'2022-01-13 00:19:29','2022-01-13 00:19:29'),(238,'196403262010011001','NIMAN','','S.Pd',6,'Kasie Ekonomi dan Pembangunan',92,'2022-01-13 00:19:29','2022-01-13 00:19:29'),(239,'198301162010012001','ROSITA BUDIYAWATI','','SE, M.M',6,'Kasie Ekonomi dan Pembangunan',93,'2022-01-13 00:19:29','2022-01-13 00:19:29'),(240,'196910112009011003','DADANG SIRADZUDIN','','S.S',5,'Kasie Ekonomi Kreatif',61,'2022-01-13 00:19:29','2022-01-13 00:19:29'),(241,'197204082006041011','R. ADE SUPRIATNA','','S.H,MA',5,'Kasie Fasilitas Perlengkapan Jalan',50,'2022-01-13 00:19:29','2022-01-13 00:19:29'),(242,'197704092010012001','ANNA KRISTIANA WAHYUNINGSIH','','SH.',5,'Kasie Fasilitasi Penyelesaian Sengketa',60,'2022-01-13 00:19:29','2022-01-13 00:19:29'),(243,'196404131989032009','ENDAH UMI PUJIASTUTI','','',5,'Kasie Fasilitasi Usaha Mikro',63,'2022-01-13 00:19:29','2022-01-13 00:19:29'),(244,'197001011998032010','HARJANI RETNANINGSIH','','S.H',5,'Kasie Hubungan Industrial dan Organisasi Pekerja',56,'2022-01-13 00:19:29','2022-01-13 00:19:29'),(245,'197012041992031006','SUPARNO','','S.Sos, M.A',5,'Kasie Identitas Penduduk',45,'2022-01-13 00:19:29','2022-01-13 00:19:29'),(246,'197102201998031005','HENDAR SUHENDAR','','S.T',5,'Kasie Infrastruktur dan Kemitraan Pemuda',68,'2022-01-13 00:19:29','2022-01-13 00:19:29'),(247,'198211242010011005','ACHMAD ZAMZAMI','','S.Kom, MM',5,'Kasie Infrastruktur Jaringan',51,'2022-01-13 00:19:29','2022-01-13 00:19:29'),(248,'197203042005012012','MARJATI','','S.P, MT',5,'Kasie Infrastruktur Pusat Data',51,'2022-01-13 00:19:29','2022-01-13 00:19:29'),(249,'197802282010011008','ILHAM MAULANA','','S.T.',5,'Kasie Integrasi dan Interoperabilitas Aplikasi',51,'2022-01-13 00:19:29','2022-01-13 00:19:29'),(250,'197409222002122001','SUSI YULIANTI','','S.T, MIP',5,'Kasie Inventarisasi RPPLH dan KLHS',74,'2022-01-13 00:19:29','2022-01-13 00:19:29'),(251,'196806011989032009','DYAH SUSILOWATI','','S.Sos',5,'Kasie Jaminan Pelayanan Keluarga Berencana',64,'2022-01-13 00:19:29','2022-01-13 00:19:29'),(252,'196803121989031013','ENDIH','','S.Pd',5,'Kasie Jaminan Sosial Keluarga',71,'2022-01-13 00:19:29','2022-01-13 00:19:29'),(253,'196806161990091002','SAFELI SARIF','','SE, MM.',5,'Kasie Jasa Wisata',61,'2022-01-13 00:19:29','2022-01-13 00:19:29'),(254,'197412112009011002','MUHAMAD LAVI YUNUS','','S.Si., M.Si',5,'Kasie Kajian Dampak Lingkungan Bidang Tata Lingkungan',74,'2022-01-13 00:19:29','2022-01-13 00:19:29'),(255,'197310202002121004','ANDI YUSLIN ROSANDHI','','SE, MM',5,'Kasie Kebudayaan',61,'2022-01-13 00:19:29','2022-01-13 00:19:29'),(256,'198003142003121011','MOCHAMAD ADAM HAMDANI','','S.T, M.P',5,'Kasie Kedaruratan',62,'2022-01-13 00:19:29','2022-01-13 00:19:29'),(257,'197203252000032008','RUNNY RUMONDANG PULUNGAN','','S.Si, Apt, M.H.',5,'Kasie Kefarmasian',66,'2022-01-13 00:19:29','2022-01-13 00:19:29'),(258,'196510091994031003','CHRISNAYANA DEDEN','Ir','',5,'Kasie Kelembagaan',55,'2022-01-13 00:19:29','2022-01-13 00:19:29'),(259,'196508071989031009','SUWANDI','','S.P',5,'Kasie Kelembagaan Koperasi',63,'2022-01-13 00:19:29','2022-01-13 00:19:29'),(260,'196708121994031010','MULYADI','','S.Sos',5,'Kasie Kelembagaan Masyarakat',70,'2022-01-13 00:19:29','2022-01-13 00:19:29'),(261,'197511252008011002','BIMO ARI WARDOYO','','S.Kom, MM',5,'Kasie Kemetrologian',76,'2022-01-13 00:19:29','2022-01-13 00:19:29'),(262,'196706031994032009','JUNIATI NAULI MANALU','','S.E',5,'Kasie Kemitraan dan Hubungan antar Lembaga',61,'2022-01-13 00:19:29','2022-01-13 00:19:29'),(263,'196911102002122006','DINA NABABAN','','S.AP., M.AP',5,'Kasie Kemitraan dan Media',51,'2022-01-13 00:19:29','2022-01-13 00:19:29'),(264,'197708292010011001','ENDAR SAKTI LUBIS','','S.S, M.Si',5,'Kasie Kemitraan dan Penghargaan Olahraga',68,'2022-01-13 00:19:29','2022-01-13 00:19:29'),(265,'196903161998032006','JUBAEDAH','','S.Sos',5,'Kasie Kerawanan Pangan',54,'2022-01-13 00:19:29','2022-01-13 00:19:29'),(266,'196511151995012001','ADE SRI MULYATI','Dra','MM',5,'Kasie Kerjasama dan Informasi Keamanan Pangan',54,'2022-01-13 00:19:29','2022-01-13 00:19:29'),(267,'198212222010012006','AWIT WULANDARI','','S.Sos, M.M.',5,'Kasie Kerjasama dan Inovasi Pelayanan',45,'2022-01-13 00:19:29','2022-01-13 00:19:29'),(268,'197308082010011001','RONNY IMRON','','S.E',5,'Kasie Kerjasama, Pengawasan dan Promosi Investasi Industri',76,'2022-01-13 00:19:29','2022-01-13 00:19:29'),(269,'196904151997031007','YAYAN BUDUAYANA','','S.Pi',5,'Kasie Kesehatan Ikan dan Lingkungan',65,'2022-01-13 00:19:29','2022-01-13 00:19:29'),(270,'197308281993012002','WAYAN SRI AGUSTINI','','AM.Keb',5,'Kasie Kesehatan Keluarga dan Gizi Masyarakat',66,'2022-01-13 00:19:29','2022-01-13 00:19:29'),(271,'196404171988031005','RAIDA','','SKM',5,'Kasie Kesehatan Lingkungan dan Kesehatan Kerja',66,'2022-01-13 00:19:29','2022-01-13 00:19:29'),(272,'197002042000031003','HARDY HENDRIWAN','drh','',5,'Kasie Kesehatan Masyarakat Veteriner',65,'2022-01-13 00:19:29','2022-01-13 00:19:29'),(273,'197106172007011007','ENDANG SULAEMAN','','S.H',5,'Kasie Keselamatan Sarana Lalu Lintas',50,'2022-01-13 00:19:29','2022-01-13 00:19:29'),(274,'197612242010011001','PONCO SUGIANTO','','SE, MM',5,'Kasie Kesiapsiagaan',62,'2022-01-13 00:19:29','2022-01-13 00:19:29'),(275,'196605192006041001','SOPYAN WALUYO','','S.E',5,'Kasie Keswadayaan',70,'2022-01-13 00:19:29','2022-01-13 00:19:29'),(276,'196806141991031004','ATENG MUHAMAD NASEH','','S.Hut, M.M',5,'Kasie Ketenagaan',55,'2022-01-13 00:19:29','2022-01-13 00:19:29'),(277,'196701291993031005','YANDRES ROLAND REKE','','',5,'Kasie Ketentraman dan Ketertiban',25,'2022-01-13 00:19:29','2022-01-13 00:19:29'),(278,'196905161990031005','DEDI SUTRISNO','','',5,'Kasie Ketentraman dan Ketertiban',4,'2022-01-13 00:19:29','2022-01-13 00:19:29'),(279,'196606141993121001','SUHARTO','Drs','MSi.',5,'Kasie Ketentraman dan Ketertiban Umum',8,'2022-01-13 00:19:29','2022-01-13 00:19:29'),(280,'196801132002121002','ALJON ALBERTUS MANOTAR SIMBOLON','','S.T, MSi.',5,'Kasie Ketentraman dan Ketertiban Umum',9,'2022-01-13 00:19:29','2022-01-13 00:19:29'),(281,'196804141993031012','SURYADI','','S.Sos',5,'Kasie Ketentraman dan Ketertiban Umum',23,'2022-01-13 00:19:29','2022-01-13 00:19:29'),(282,'196802191992031008','KALIS SUHARNO','','S.Sos',5,'Kasie Ketentraman dan Ketertiban Umum',35,'2022-01-13 00:19:29','2022-01-13 00:19:29'),(283,'196402091986031008','YERRI AHMAD FAJERI','','S.E',5,'Kasie Ketentraman dan Ketertiban Umum',40,'2022-01-13 00:19:29','2022-01-13 00:19:29'),(284,'197209132002121003','YOSEF KURNIAWAN','','S.T',5,'Kasie Perekonomian dan Pembangunan',24,'2022-01-13 00:19:29','2022-04-04 22:58:39'),(285,'197505202002121004','ENDANG DARMAWAN','','S.Sos',5,'Kasie Ketentraman dan Ketertiban Umum',11,'2022-01-13 00:19:29','2022-01-13 00:19:29'),(286,'196711051989081001','AUS PIRDAUS','','S.Sos',5,'Kasie Ketentraman dan Ketertiban Umum',36,'2022-01-13 00:19:29','2022-01-13 00:19:29'),(287,'196406071993031007','AMSORI','','',5,'Kasie Ketentraman dan Ketertiban Umum',2,'2022-01-13 00:19:29','2022-01-13 00:19:29'),(288,'196510111992031007','EDI WINARNO','','S.E, M.Si',5,'Kasie Ketentraman dan Ketertiban Umum',26,'2022-01-13 00:19:29','2022-01-13 00:19:29'),(289,'196512131994021002','RAKUN','','S.Sos',5,'Kasie Ketentraman dan Ketertiban Umum',24,'2022-01-13 00:19:29','2022-04-04 22:58:38'),(290,'197010052008011007','HABRI ARIANSYAH','','S.H',5,'Kasie Ketentraman dan Ketertiban Umum',27,'2022-01-13 00:19:29','2022-01-13 00:19:29'),(291,'197210051995031001','M EFENDI','','SAP',5,'Kasie Ketentraman dan Ketertiban Umum',38,'2022-01-13 00:19:29','2022-01-13 00:19:29'),(292,'197211081995031002','EDI RAHMAN','','S.Sos',5,'Kasie Ketentraman dan Ketertiban Umum',5,'2022-01-13 00:19:29','2022-01-13 00:19:29'),(293,'196703181996011001','ACEP SUTISNA','','SE.I',5,'Kasie Ketentraman dan Ketertiban Umum',22,'2022-01-13 00:19:29','2022-01-13 00:19:29'),(294,'196706061996011002','TATANG RAHMAT','','',5,'Kasie Ketentraman dan Ketertiban Umum',41,'2022-01-13 00:19:29','2022-01-13 00:19:29'),(295,'197210112008011002','DENI RAMDANI','','A.Md',5,'Kasie Ketentraman dan Ketertiban Umum',39,'2022-01-13 00:19:29','2022-01-13 00:19:29'),(296,'196912291989121002','MARIMBUN TUA GULTOM','','',5,'Kasie Ketentraman dan Ketertiban Umum',10,'2022-01-13 00:19:29','2022-01-13 00:19:29'),(297,'196802191990031002','RUDI FAHRUDIN','H.','S.E',5,'Kasubag Umum dan Kepegawaian',72,'2022-01-13 00:19:29','2022-04-04 22:58:39'),(298,'197502102008011001','DADANG YAZID BUSTOMI','','S.E.',5,'Kasie Ketentraman dan Ketertiban Umum',19,'2022-01-13 00:19:29','2022-01-13 00:19:29'),(299,'197710092008011004','CECEP TARMIJI','','S.E',5,'Kasie Ketentraman dan Ketertiban Umum',18,'2022-01-13 00:19:29','2022-01-13 00:19:29'),(300,'197503272007011005','DADANG KOSASIH','','S.H,M.Si',5,'Kasie Ketentraman dan Ketertiban Umum',30,'2022-01-13 00:19:29','2022-01-13 00:19:29'),(301,'197310211993121001','SAEPUL HUPAD','','S.IP, M.M',5,'Kasie Ketentraman dan Ketertiban Umum',15,'2022-01-13 00:19:29','2022-01-13 00:19:29'),(302,'196503141985031003','IWAN RELAWAN','','S.Sos',5,'Kasie Ketentraman dan Ketertiban Umum',32,'2022-01-13 00:19:29','2022-01-13 00:19:29'),(303,'196702152007011023','MANSUR SUDONO','','S.Sos.',5,'Kasie Ketentraman dan Ketertiban Umum',6,'2022-01-13 00:19:29','2022-01-13 00:19:29'),(304,'197206262007011008','RAHMANSAH','','S.Sos',5,'Kasie Ketentraman dan Ketertiban Umum',34,'2022-01-13 00:19:29','2022-01-13 00:19:29'),(305,'197203302007011007','SUWARDI','','S.Sos',5,'Kasie Ketentraman dan Ketertiban Umum',14,'2022-01-13 00:19:29','2022-01-13 00:19:29'),(306,'197901072010011005','YAZIDIL BUSTOMI','','S.Ag, M.M',5,'Kasie Ketentraman dan Ketertiban Umum',17,'2022-01-13 00:19:29','2022-01-13 00:19:29'),(307,'196706042007011008','AHMAD JAYADI','','S.Pd, MSi.',5,'Kasie Ketentraman dan Ketertiban Umum',29,'2022-01-13 00:19:29','2022-01-13 00:19:29'),(308,'196810162006041003','ATMAYASA','','S.Sos',5,'Kasie Ketentraman dan Ketertiban Umum',31,'2022-01-13 00:19:29','2022-01-13 00:19:29'),(309,'198003022010011001','SUHENDI','','S.AP',5,'Kasie Ketentraman dan Ketertiban Umum',12,'2022-01-13 00:19:29','2022-01-13 00:19:29'),(310,'198912292010101003','RIZKY WIDYANTO','','S.STP, M.A',5,'Kasie Ketentraman dan Ketertiban Umum',7,'2022-01-13 00:19:29','2022-01-13 00:19:29'),(311,'196608011986031005','HERYANTO','','',5,'Kasie Ketentraman dan Ketertiban Umum',21,'2022-01-13 00:19:29','2022-01-13 00:19:29'),(312,'196403301990121002','IRAWADI SUKISMAN','','B.A',5,'Kasie Ketentraman Masyarakat',67,'2022-01-13 00:19:29','2022-01-13 00:19:29'),(313,'196906272006042004','ROSMALIA','','S.P., M.M',5,'Kasie Ketersediaan Pangan',54,'2022-01-13 00:19:29','2022-01-13 00:19:29'),(314,'197810242002121003','CECEP JAMHURI','','SE, S.AP, M.AP',5,'Kasie Komunikasi Publik',51,'2022-01-13 00:19:29','2022-01-13 00:19:29'),(315,'198203262010012003','RUSLIANA WULANDARI','','SH, MM',5,'Kasie Konsumsi Pangan',54,'2022-01-13 00:19:29','2022-01-13 00:19:29'),(316,'197608022006041003','RONI KUSMAYA','','S.Sos.MM',5,'Kasie Kurikulum dan Kelembagaan Pendidikan Anak Usia Dini dan Pendidikan Masyarakat',73,'2022-01-13 00:19:29','2022-01-13 00:19:29'),(317,'197107281996031002','IMAN HENDRA PERMANA','','S.Sos',5,'Kasie Layanan Konsultasi dan Pengaduan',52,'2022-01-13 00:19:29','2022-01-13 00:19:29'),(318,'197205192006041004','ACHMAD JUNAEDI LATIEF','','ST',5,'Kasie Layanan Konsultasi dan Pengaduan II',52,'2022-01-13 00:19:29','2022-01-13 00:19:29'),(319,'197209171998032006','EKO SRI HARYANTI','','S.P',5,'Kasie Layanan Perpustakaan, Pengolahan Bahan Pustaka dan Otomasi Perpustakaan',72,'2022-01-13 00:19:29','2022-01-13 00:19:29'),(320,'198509222009021001','DENI SETIAWAN','','S.E, M.M',5,'Kasie Manajemen dan Rekayasa Lalu Lintas',50,'2022-01-13 00:19:29','2022-01-13 00:19:29'),(321,'197101171996032001','RESTARI KOESTRANTI','','S.Pi',5,'Kasie Metode dan Informasi',55,'2022-01-13 00:19:29','2022-01-13 00:19:29'),(322,'197204192008011005','WARTONO','','S.Sos',5,'Kasie Multi Moda',50,'2022-01-13 00:19:29','2022-01-13 00:19:29'),(323,'196905012006041008','DEDI SUPRIADI','','S.Sos, M.Si',5,'Kasie Olahraga Rekreasi, Tradisional dan Layanan Khusus',68,'2022-01-13 00:19:29','2022-01-13 00:19:29'),(324,'197401052006041010','GIAN REGIA','','S.Sos',5,'Kasie Operasi Pemadaman',53,'2022-01-13 00:19:29','2022-01-13 00:19:29'),(325,'197503252003121006','SUMARIONO','','S.T',5,'Kasie Operasi, Pemeliharaan Irigasi dan Sumber Daya Air',59,'2022-01-13 00:19:29','2022-01-13 00:19:29'),(326,'196709121998032002','NURYANI','','S.H',5,'Kasie Otomasi Kearsipan',72,'2022-01-13 00:19:29','2022-01-13 00:19:29'),(327,'196708081995031001','AGUS REJEKI NUSANTARA NAINGGOLAN','','ATP., M.Tech.',4,'Kabid Kawasan Permukiman',60,'2022-01-13 00:19:29','2022-04-04 22:58:38'),(328,'197508142006041013','HERU HAERUDIN','','S.T',5,'Kasie Pelaksanaan Pembangunan Jalan dan Jembatan Wilayah I',59,'2022-01-13 00:19:29','2022-01-13 00:19:29'),(329,'198812282012111001','RIZKI TAUFIK HIDAYAT','','S.T.',5,'Kasie Pelaksanaan Pembangunan Jalan dan Jembatan Wilayah II',59,'2022-01-13 00:19:29','2022-01-13 00:19:29'),(330,'197903152010011002','ENDANG SUPRIATIN','','ST, MM',5,'Kasie Pelaksanaan Pemeliharaan Jalan dan Jembatan Wilayah I',59,'2022-01-13 00:19:29','2022-01-13 00:19:29'),(331,'197404192002122001','ANGIE SUGIHARTI SRI UTAMI','','S.H',5,'Kasie Pelaku Distribusi Perdagangan',76,'2022-01-13 00:19:29','2022-01-13 00:19:29'),(332,'198201092006042009','HERIANI SAMOSIR','','SE, MM',5,'Kasie Pelatihan dan Pemagangan',56,'2022-01-13 00:19:29','2022-01-13 00:19:29'),(333,'197002282002121003','PRAYOGA SANTOSA','','S.E, M.M',5,'Kasie Pelatihan Kelinmasan',67,'2022-01-13 00:19:29','2022-01-13 00:19:29'),(334,'197611012011011002','APRIZAL','dr','MARS',5,'Kasie Pelayanan dan Pengembangan Medik',42,'2022-01-13 00:19:29','2022-01-13 00:19:29'),(335,'198001102009022001','ROS KUSUMA DEWI','dr','',5,'Kasie Pelayanan dan Pengembangan Medik',48,'2022-01-13 00:19:29','2022-01-13 00:19:29'),(336,'198708092014012001','NANDIA PERMATA RAHMA AL KHUSNA','dr','',5,'Kasie Pelayanan dan Pengembangan Medik',44,'2022-01-13 00:19:29','2022-01-13 00:19:29'),(337,'197409212005012003','LYDIA MEILANI PUSPA DEWI','dr','',5,'Kasie Pelayanan dan Pengembangan Medik',44,'2022-01-13 00:19:29','2022-01-13 00:19:29'),(338,'197301302007012011','NURILLAH DEVI','dr','MARS',5,'Kasie Pelayanan dan Pengembangan Medik',43,'2022-01-13 00:19:29','2022-01-13 00:19:29'),(339,'196404261985031009','HENDRIK SOPIAN','','SE',5,'Kasie Pelayanan Kebersihan',74,'2022-01-13 00:19:29','2022-01-13 00:19:29'),(340,'197912172006042014','SITI NARIYATUN NASIKHAH','drh','',5,'Kasie Pelayanan Kesehatan Hewan dan Obat Hewan',65,'2022-01-13 00:19:29','2022-01-13 00:19:29'),(341,'196906232008011001','DYON RIVARDIN ISKANDAR','dr','',5,'Kasie Pelayanan Kesehatan Premier dan Tradisional',66,'2022-01-13 00:19:29','2022-01-13 00:19:29'),(342,'196504241988022003','WARTINI','','S.Kep',5,'Kasie Pelayanan Kesehatan Rujukan',66,'2022-01-13 00:19:29','2022-01-13 00:19:29'),(343,'197602162002122004','DIAN KOMALA','','S.E, MM',5,'Kasie Pelayanan Perizinan Operasional I',52,'2022-01-13 00:19:29','2022-01-13 00:19:29'),(344,'197811231997112001','IENE NOVIANTY','','S.STP, MA',5,'Kasie Pelayanan Perizinan Operasional II',52,'2022-01-13 00:19:29','2022-01-13 00:19:29'),(345,'197511132005011010','SUPARNO','','S.Hut',5,'Kasie Pelayanan Perizinan Pemanfaatan Ruang I',52,'2022-01-13 00:19:29','2022-01-13 00:19:29'),(346,'197203261999011001','DADANG RUSMANA','','S.P, M.M',4,'Kabid Data',52,'2022-01-13 00:19:29','2022-04-04 22:58:38'),(347,'196409161991032003','RIDA TRESNADEWI','Dra. Hj','',5,'Kasie Pelayanan Usaha dan Permodalan Perikanan',65,'2022-01-13 00:19:29','2022-01-13 00:19:29'),(348,'197108062008011005','ANTON SUDJANA','','S.E, M.M',5,'Kasie Pemanfaatan dan Pengendalian',60,'2022-01-13 00:19:29','2022-01-13 00:19:29'),(349,'196512091992032004','ENDAH HANDAYANI PURWANINGTYAS','Dra','MA',5,'Kasie Pemanfaatan Data dan Dokumen Kependudukan',45,'2022-01-13 00:19:29','2022-01-13 00:19:29'),(350,'197310012005011002','ENDANG SUTISNA','','S.Sos, M.A',5,'Kasie Pemanfaatan Ruang',59,'2022-01-13 00:19:29','2022-01-13 00:19:29'),(351,'197806012005021003','DONI JUNIA DARMASAKTI','','S.T',5,'Kasie Pembangunan Gedung',60,'2022-01-13 00:19:29','2022-01-13 00:19:29'),(352,'198703142009022001','SELFI HAMZAH','','ST',5,'Kasie Pembangunan Kawasan Permukiman',60,'2022-01-13 00:19:29','2022-01-13 00:19:29'),(353,'196903241998031003','IIN KAMALUDDIN','','SE, MM',5,'Kasie Pembangunan Perumahan',60,'2022-01-13 00:19:29','2022-01-13 00:19:29'),(354,'197108282009012001','SRI YULIANI','','S.E., M.M',5,'Kasie Pembangunan Rumah Swadaya',60,'2022-01-13 00:19:29','2022-01-13 00:19:29'),(355,'197004232002121002','DEDDY SYARIFUDIN','','S.T',5,'Kasubag Umum dan Kepegawaian',60,'2022-01-13 00:19:29','2022-04-04 22:58:39'),(356,'197312282002122002','DESSY ZERLINA','','S.T',5,'Kasie Pembangunan Sumber Daya Industri',76,'2022-01-13 00:19:29','2022-01-13 00:19:29'),(357,'197508172009012004','YUDIANINGSIH','','S.E, M.Si',6,'Kasie Pemberdayaan dan Kesejahteraan Masyarakat',91,'2022-01-13 00:19:29','2022-01-13 00:19:29'),(358,'197411072009011003','WAHYUDIN','','S.Ag, MM',6,'Kasie Pemberdayaan dan Kesejahteraan Masyarakat',90,'2022-01-13 00:19:29','2022-01-13 00:19:29'),(359,'198010212009012001','TITI DWI ARYANA','','SE',6,'Kasie Pemberdayaan dan Kesejahteraan Masyarakat',87,'2022-01-13 00:19:29','2022-01-13 00:19:29'),(360,'197412082009012003','LENNY SULISTIANTY','','S.P',6,'Kasie Pemberdayaan dan Kesejahteraan Masyarakat',94,'2022-01-13 00:19:29','2022-01-13 00:19:29'),(361,'197708312009012001','ERNI WAHYUNI','','S.Pd',6,'Kasie Pemberdayaan dan Kesejahteraan Masyarakat',88,'2022-01-13 00:19:29','2022-01-13 00:19:29'),(362,'197101312009012001','BUDININGSIH','','SE',6,'Kasie Pemberdayaan dan Kesejahteraan Masyarakat',77,'2022-01-13 00:19:29','2022-01-13 00:19:29'),(363,'196505281985082001','SRI MULYATI','','',6,'Kasie Pemberdayaan dan Kesejahteraan Masyarakat',95,'2022-01-13 00:19:29','2022-01-13 00:19:29'),(364,'196403121985031016','SOFYAN','','',6,'Kasie Pemberdayaan dan Kesejahteraan Masyarakat',78,'2022-01-13 00:19:29','2022-01-13 00:19:29'),(365,'196606042007011012','BADEN','','SE',6,'Kasie Pemberdayaan dan Kesejahteraan Masyarakat',84,'2022-01-13 00:19:29','2022-01-13 00:19:29'),(366,'197307031998031002','IMAN SAPUTRA','','S.E',6,'Kasie Pemberdayaan dan Kesejahteraan Masyarakat',83,'2022-01-13 00:19:29','2022-01-13 00:19:29'),(367,'197301182008012001','JELITA PUSPITASARI','','S.H',6,'Kasie Pemberdayaan dan Kesejahteraan Masyarakat',79,'2022-01-13 00:19:29','2022-04-04 22:58:38'),(368,'197602042008011006','MOCHAMAD YUSUF','','SAP',6,'Kasie Pemberdayaan dan Kesejahteraan Masyarakat',85,'2022-01-13 00:19:29','2022-01-13 00:19:29'),(369,'197706102008012010','SRI HARTATI','','S.AP',6,'Kasie Pemberdayaan dan Kesejahteraan Masyarakat',86,'2022-01-13 00:19:29','2022-01-13 00:19:29'),(370,'197611102011011002','SUPIANA','','S.Ag',6,'Kasie Pemberdayaan dan Kesejahteraan Masyarakat',92,'2022-01-13 00:19:29','2022-01-13 00:19:29'),(371,'196603022010011001','RIWAYAT','','SE',6,'Kasie Pemberdayaan dan Kesejahteraan Masyarakat',89,'2022-01-13 00:19:29','2022-01-13 00:19:29'),(372,'198101302010011001','RUDI HERMAWAN','','S.IP',6,'Kasie Pemberdayaan dan Kesejahteraan Masyarakat',93,'2022-01-13 00:19:29','2022-01-13 00:19:29'),(373,'197310232009061001','ASDI','','S.Sos, M.Si',5,'Kasie Pemerintahan',33,'2022-01-13 00:19:29','2022-04-04 22:58:39'),(374,'197002041998032007','MUMPUNI NUGROHO WIDAJATI','','S.E, M.M',5,'Kasie Pemberdayaan dan Ketahanan Keluarga',64,'2022-01-13 00:19:29','2022-01-13 00:19:29'),(375,'198101122010122002','ASTRI TRESNA YANUARTI','','ST,MM',5,'Kasie Pemberdayaan dan Perlindungan Koperasi',63,'2022-01-13 00:19:29','2022-01-13 00:19:29'),(376,'196702201992032002','RD. RORO MAYA WIDAYANTI','Dra','',5,'Kasie Pemberdayaan dan Perlindungan Perempuan',64,'2022-01-13 00:19:29','2022-01-13 00:19:29'),(377,'196408031995011001','AGUS SUSANTO','Ir','M.M',5,'Kasie Pemberdayaan Ekonomi Perdesaan',70,'2022-01-13 00:19:29','2022-01-13 00:19:29'),(378,'196506091992012001','HETTY YUNIAWATY','Dra','M.M',5,'Kasie Pemberdayaan Kewilayahan Desa',70,'2022-01-13 00:19:29','2022-01-13 00:19:29'),(379,'197707062010011006','PATULLOH','','S.E, M.M.',5,'Kasie Pemberdayaan Masyarakat',26,'2022-01-13 00:19:29','2022-01-13 00:19:29'),(380,'198006122010011001','MIFTAHUR ROHMAT','','SP, M.Si',5,'Kasie Pemberdayaan Masyarakat',39,'2022-01-13 00:19:29','2022-01-13 00:19:29'),(381,'196905212010011001','AMIR SUGIYANTO','','S.H',5,'Kasie Pemberdayaan Masyarakat',17,'2022-01-13 00:19:29','2022-01-13 00:19:29'),(382,'197507312010011001','IVAN CRISDIANA','','S.Sos, M.Si',5,'Kasie Pemberdayaan Masyarakat',37,'2022-01-13 00:19:29','2022-01-13 00:19:29'),(383,'197607132010012001','IMAS MASMAWATI','','S.E',5,'Kasie Pemberdayaan Masyarakat',15,'2022-01-13 00:19:29','2022-01-13 00:19:29'),(384,'197402162010011001','OHAN','','SE',5,'Kasie Pemberdayaan Masyarakat',41,'2022-01-13 00:19:29','2022-01-13 00:19:29'),(385,'199106182014061001','YOGASWARA','','S.STP.,MA.',5,'Kasie Pemberdayaan Masyarakat',36,'2022-01-13 00:19:29','2022-01-13 00:19:29'),(386,'198307082011011001','HARI PRIHARTONO','','S.H., M.M',5,'Kasie Pemberdayaan Masyarakat',33,'2022-01-13 00:19:29','2022-01-13 00:19:29'),(387,'197210251993031002','WAHYUDI HIDAYAT','','S.E',5,'Kasie Pemberdayaan Masyarakat',25,'2022-01-13 00:19:29','2022-01-13 00:19:29'),(388,'197012201994031005','JUMIDO','','',5,'Kasie Pemberdayaan Masyarakat',24,'2022-01-13 00:19:29','2022-01-13 00:19:29'),(389,'196808101994031006','TATANG SUHENDAR','','',5,'Kasie Pemberdayaan Masyarakat',14,'2022-01-13 00:19:29','2022-01-13 00:19:29'),(390,'197602051997031003','EDI WINARTO','','S.Sos,M.Si',5,'Kasie Pemberdayaan Masyarakat',13,'2022-01-13 00:19:29','2022-01-13 00:19:29'),(391,'196705081991011001','IWAN DARMAWAN','','S.AP',5,'Kasie Pemberdayaan Masyarakat',32,'2022-01-13 00:19:29','2022-01-13 00:19:29'),(392,'196507101986032025','NURBAINI','','',5,'Kasie Pemberdayaan Masyarakat',7,'2022-01-13 00:19:29','2022-01-13 00:19:29'),(393,'196404191987031002','DURAHMAN','','S.A.P.',5,'Kasie Pemberdayaan Masyarakat',19,'2022-01-13 00:19:29','2022-01-13 00:19:29'),(394,'196506251987111001','YAYA MULYANA','','S.E',5,'Kasie Pendidikan dan Kesehatan',14,'2022-01-13 00:19:29','2022-04-04 22:58:39'),(395,'196807141991032006','NENIH TRIYANA','','',5,'Kasie Pemberdayaan Masyarakat',3,'2022-01-13 00:19:29','2022-01-13 00:19:29'),(396,'196406041992031008','SUBANDI','','S.P',5,'Kasie Pemberdayaan Masyarakat',8,'2022-01-13 00:19:29','2022-01-13 00:19:29'),(397,'196401031983051001','AA JUHANDA','Drs','M.M',5,'Kasie Pemberdayaan Masyarakat',9,'2022-01-13 00:19:29','2022-01-13 00:19:29'),(398,'196502281990031003','AYI KOSWARA','','S.E, M.M',5,'Kasie Pemberdayaan Masyarakat',40,'2022-01-13 00:19:29','2022-01-13 00:19:29'),(399,'196605311987012001','ETI SUNARYATI','','S.Si',5,'Kasie Pemberdayaan Masyarakat',16,'2022-01-13 00:19:29','2022-01-13 00:19:29'),(400,'196805231989031008','IWAN SETIAWAN','','S.AP, MA',5,'Kasie Pemberdayaan Masyarakat',38,'2022-01-13 00:19:29','2022-01-13 00:19:29'),(401,'196408231989091001','SUDARTO','','S.ST.',5,'Kasie Pemberdayaan Masyarakat',11,'2022-01-13 00:19:29','2022-01-13 00:19:29'),(402,'196605151994032005','Rd. ANA','Dra','',5,'Kasie Pemberdayaan Masyarakat',10,'2022-01-13 00:19:29','2022-01-13 00:19:29'),(403,'196709031994032006','TINCEU SUHARTINI','Dra','M.Si',5,'Kasie Pemberdayaan Masyarakat',23,'2022-01-13 00:19:29','2022-01-13 00:19:29'),(404,'196508181987032010','YAYAH SITI SOPIAH','','S.E',5,'Kasie Pemberdayaan Masyarakat',29,'2022-01-13 00:19:29','2022-01-13 00:19:29'),(405,'196408041994031006','SUBADRI','','S.IP',5,'Kasie Pemberdayaan Masyarakat',22,'2022-01-13 00:19:29','2022-01-13 00:19:29'),(406,'196707041994031008','ENCEP SUHERMAN','','',5,'Kasie Pemberdayaan Masyarakat',2,'2022-01-13 00:19:29','2022-01-13 00:19:29'),(407,'196508281997031003','DIAN BURHANUDIN','','S.E, M.Si',5,'Kasie Pemberdayaan Masyarakat',21,'2022-01-13 00:19:29','2022-01-13 00:19:29'),(408,'197402171997032003','DADAH SA`ADAH','','S.E., M.Si.',5,'Kasie Pemberdayaan Masyarakat',28,'2022-01-13 00:19:29','2022-01-13 00:19:29'),(409,'197109101999012001','EMIL NURJAMILAH','','S.E',5,'Kasie Pemberdayaan Masyarakat',27,'2022-01-13 00:19:29','2022-01-13 00:19:29'),(410,'197504252002122004','SITI LATIFAH','','SE, MM',5,'Kasie Pemberdayaan Masyarakat',12,'2022-01-13 00:19:29','2022-01-13 00:19:29'),(411,'197401252002122002','NINA YOHANA','','S.E, MM',5,'Kasie Pemberdayaan Masyarakat',20,'2022-01-13 00:19:29','2022-01-13 00:19:29'),(412,'197801302002122004','HELENA DWI ASTUTI','','S.Pd',5,'Kasie Pendidikan dan Kesehatan',35,'2022-01-13 00:19:29','2022-04-04 22:58:39'),(413,'196806252008011002','OBIH','','S.Sos',5,'Kasie Pemberdayaan Masyarakat',30,'2022-01-13 00:19:29','2022-01-13 00:19:29'),(414,'197503042008011002','M. ODAM','','S.E',5,'Kasie Pemberdayaan Masyarakat',5,'2022-01-13 00:19:29','2022-01-13 00:19:29'),(415,'197709222002121004','R. DUDI WIGENA SANTANA','','S.Si.,MM',5,'Kasie Pemberdayaan Masyarakat dan Kelembagaan Sosial',71,'2022-01-13 00:19:29','2022-01-13 00:19:29'),(416,'198102142010012001','LAILI FIKRIYAH','','S.E, M.M',5,'Kasie Pemberdayaan Pemuda',68,'2022-01-13 00:19:29','2022-01-13 00:19:29'),(417,'197107141993032002','SRI MULYANI','','AKS., MP.',5,'Kasie Pemberdayaan Perorangan dan Keluarga',71,'2022-01-13 00:19:29','2022-01-13 00:19:29'),(418,'197604292002122007','DERI ANITA','','SE, MA',5,'Kasie Pemberdayaan Potensi Kesetiakawanan dan Restorasi Sosial',71,'2022-01-13 00:19:29','2022-01-13 00:19:29'),(419,'196410281990031006','SAMSU PANTA','','S.IP',5,'Kasie Pemberdayaan Usaha Mikro',63,'2022-01-13 00:19:29','2022-01-13 00:19:29'),(420,'196504261989031009','DIDIK SUPRIYONO','','SKM, M.Kes',5,'Kasie Pembiayaan dan Jaminan Kesehatan',66,'2022-01-13 00:19:29','2022-01-13 00:19:29'),(421,'197307092002121005','MOH SAEPUDIN','','S.E',5,'Kasie Pembibitan, Ilmu Pengetahuan dan Teknologi (IPTEK) dan Tenaga Keolahragaan',68,'2022-01-13 00:19:29','2022-01-13 00:19:29'),(422,'196411271996012001','ELI NURHAYATI','','S.H, M.Si',5,'Kasie Pembinaan',52,'2022-01-13 00:19:29','2022-01-13 00:19:29'),(423,'197802172006041006','ANDRI WIJAYANTO','','S.Sos',5,'Kasie Pembinaan dan Pengembangan Perpustakaan',72,'2022-01-13 00:19:29','2022-01-13 00:19:29'),(424,'197601042008011003','ADE NURYANA','','S.Sos',5,'Kasie Pembinaan Keselamatan Lalu Lintas',50,'2022-01-13 00:19:29','2022-01-13 00:19:29'),(425,'196404251989011003','NANA RUSMANA','','S.AP',5,'Kasie Pembinaan Perangkat Daerah dan Pemerintah Desa',72,'2022-01-13 00:19:29','2022-01-13 00:19:29'),(426,'197209192002121001','RIZA IDRIS SADDAK','','S.Kom',5,'Kasie Pemeliharaan dan Pengawasan Bangunan',60,'2022-01-13 00:19:29','2022-01-13 00:19:29'),(427,'197908142010011001','MOHAMAD HARIS','','S.Sos',5,'Kasie Pemeliharaan dan Pengendalian Kerusakan Lingkungan',74,'2022-01-13 00:19:29','2022-01-13 00:19:29'),(428,'197710042008011002','UJANG SUPARDI','','ST',5,'Kasie Pemeliharaan Jalan dan Jembatan',59,'2022-01-13 00:19:29','2022-01-13 00:19:29'),(429,'197304041993032003','DEFFY ARIANY','','S.E, M.Si',5,'Kasie Pemeriksaan Koperasi',63,'2022-01-13 00:19:29','2022-01-13 00:19:29'),(430,'197204212009011002','RIDWAN KUSUMAH MEGANTARA','','SE, M.Si',5,'Kasie Pemerintahan',34,'2022-01-13 00:19:29','2022-01-13 00:19:29'),(431,'197503242009011007','YEDI RACHMAWAN','','S.Sos. M.Si',5,'Kasie Pemerintahan',20,'2022-01-13 00:19:29','2022-01-13 00:19:29'),(432,'197508031998031005','SOFIAN HAERUDIN','','S.E,MSi.',5,'Kasie Pemerintahan',25,'2022-01-13 00:19:29','2022-01-13 00:19:29'),(433,'196802101990032005','SARAH SUSANTI','','S.E',4,'Sekretaris Kecamatan',13,'2022-01-13 00:19:29','2022-04-04 22:58:40'),(434,'199211172014062001','MAWAR NOVITA ISTIQOMAH','','S.STP',6,'Kasie Pemerintahan',21,'2022-01-13 00:19:29','2022-01-13 00:19:29'),(435,'196401101986112001','UCU JULAEHA','','SE.',5,'Kasie Pemerintahan',4,'2022-01-13 00:19:29','2022-01-13 00:19:29'),(436,'196405301990031007','ENDRA WIRAWAN','','',5,'Kasie Pemerintahan',37,'2022-01-13 00:19:30','2022-01-13 00:19:30'),(437,'198511132010011004','ARMADA RIZKI','','S.I.Kom',6,'Kasie Pemerintahan',92,'2022-01-13 00:19:30','2022-01-13 00:19:30'),(438,'197711262010011001','ABDUL RAHMAN','','S.E',5,'Kasie Pemerintahan',11,'2022-01-13 00:19:30','2022-01-13 00:19:30'),(439,'197511122010011002','OMANG SUMARNA','','S.AP',6,'Kasie Pemerintahan',87,'2022-01-13 00:19:30','2022-01-13 00:19:30'),(440,'197110132010012001','NURHAYATI','','S.AP',6,'Kasie Pemerintahan',86,'2022-01-13 00:19:30','2022-01-13 00:19:30'),(441,'196812092010011001','ACEP RAHMAT','','SE',6,'Kasie Pemerintahan',77,'2022-01-13 00:19:30','2022-01-13 00:19:30'),(442,'197703182010011002','ELAN SUHERLAN','','S.E',6,'Kasie Pemerintahan',85,'2022-01-13 00:19:30','2022-01-13 00:19:30'),(443,'197610262009012001','DEWI NURULIANA HIDAYATI','','S.P, M.Si.',6,'Kasie Pemerintahan',21,'2022-01-13 00:19:30','2022-01-13 00:19:30'),(444,'196906162009011003','IRUN MARNADI','','S.E',5,'Kasie Pemerintahan',5,'2022-01-13 00:19:30','2022-01-13 00:19:30'),(445,'197705132009011006','MOCHAMAD RIZAL','','S.Sos',5,'Kasie Pemerintahan',21,'2022-01-13 00:19:30','2022-01-13 00:19:30'),(446,'197210282009011003','MUHTADIN','','S.IP, M.IP',6,'Kasie Pemerintahan',91,'2022-01-13 00:19:30','2022-01-13 00:19:30'),(447,'196809081990081001','SUKIRNO','','S.Pd',6,'Kasie Pemerintahan',82,'2022-01-13 00:19:30','2022-04-04 22:58:39'),(448,'196801081998031008','MASTA SUDIRJA','','A,Md',5,'Kasie Pemerintahan',39,'2022-01-13 00:19:30','2022-01-13 00:19:30'),(449,'196910141990031002','ISKANDAR','','S.AP., M.A',5,'Kasie Pemerintahan',36,'2022-01-13 00:19:30','2022-01-13 00:19:30'),(450,'196408141993031007','AGUS SETIAWAN','Drs','M.Si',5,'Kasie Pemerintahan',7,'2022-01-13 00:19:30','2022-01-13 00:19:30'),(451,'196705031990051001','SANWANI','','S.Pd, MM',4,'Sekretaris Kecamatan',39,'2022-01-13 00:19:30','2022-04-04 22:58:40'),(452,'196606021994031005','ADE KOSNIA','Drs','',5,'Kasie Pemerintahan',8,'2022-01-13 00:19:30','2022-01-13 00:19:30'),(453,'196504251994031005','HARISMAN','Drs','M.Si',5,'Kasie Pemerintahan',17,'2022-01-13 00:19:30','2022-01-13 00:19:30'),(454,'196606041997031004','H. HERI SOBIRIN','','S.Pd',6,'Kasie Pemerintahan',84,'2022-01-13 00:19:30','2022-01-13 00:19:30'),(455,'196708281993031012','YUD HENDIARKO','','S.IP',6,'Sekretaris Kelurahan',79,'2022-01-13 00:19:30','2022-04-04 22:58:40'),(456,'196608162002121001','ADE CHAIDIR','','S.E',5,'Kasie Pemerintahan',32,'2022-01-13 00:19:30','2022-01-13 00:19:30'),(457,'196711062002121003','RACHMAN SUPENA','','S.E',5,'Kasie Pemerintahan',83,'2022-01-13 00:19:30','2022-01-13 00:19:30'),(458,'196707052002121003','UMAR','','S.E',6,'Kasie Pemerintahan',93,'2022-01-13 00:19:30','2022-01-13 00:19:30'),(459,'197104182002121004','CECEP IRAWAN','','S.Sos',5,'Kasie Pemerintahan',18,'2022-01-13 00:19:30','2022-01-13 00:19:30'),(460,'196804152002121003','MUHAMAD SUHENDAR','','S.E',6,'Kasie Pemerintahan',80,'2022-01-13 00:19:30','2022-01-13 00:19:30'),(461,'197211222002121004','HARRI CAHYADI','','S.E',5,'Kasie Pemerintahan',96,'2022-01-13 00:19:30','2022-01-13 00:19:30'),(462,'196408121993021002','AGUS ROHANA','','',5,'Kasie Pemerintahan',41,'2022-01-13 00:19:30','2022-01-13 00:19:30'),(463,'196505011994031006','ASEP SAEPUDDIN','','S.H',6,'Sekretaris Kelurahan',88,'2022-01-13 00:19:30','2022-04-04 22:58:40'),(464,'196709231994031004','IRWAN TAJARUDIN','','S.Sos, M.si',5,'Lurah',82,'2022-01-13 00:19:30','2022-04-04 22:58:40'),(465,'197006181996011001','ACHMAD ARBIK','','S.IP',5,'Kasie Pemerintahan',38,'2022-01-13 00:19:30','2022-01-13 00:19:30'),(466,'198203312008011003','HERY YUSUP','','SKM',5,'Kasie Pemerintahan',15,'2022-01-13 00:19:30','2022-01-13 00:19:30'),(467,'196909022008011004','GOGO BADARUDIN','','S.Sos., M.Si.',4,'Sekretaris Kecamatan',19,'2022-01-13 00:19:30','2022-04-04 22:58:40'),(468,'196503202008011002','HAMZAH','','SE, M.M',6,'Sekretaris Kelurahan',77,'2022-01-13 00:19:30','2022-04-04 22:58:40'),(469,'196707082008011004','SUPRIJATNO','','S.H',4,'Sekretaris Kecamatan',5,'2022-01-13 00:19:30','2022-04-04 22:58:40'),(470,'197211122008011005','HERMAN','','S.TP',5,'Kasie Pemerintahan',40,'2022-01-13 00:19:30','2022-01-13 00:19:30'),(471,'196801131993031004','NASIR','','S.H, M.H',5,'Kasie Pemerintahan',21,'2022-01-13 00:19:30','2022-01-13 00:19:30'),(472,'197305182007012003','MIMIN SUMINAR','','S.Sos',5,'Kasie Pemerintahan',9,'2022-01-13 00:19:30','2022-01-13 00:19:30'),(473,'197308122007011009','SUKMAWIJAYA','','S.Sos',5,'Kasie Pemerintahan',14,'2022-01-13 00:19:30','2022-01-13 00:19:30'),(474,'197312192007012002','DEBI SIRUN','','S.Sos, MM',5,'Kasie Pemerintahan',16,'2022-01-13 00:19:30','2022-01-13 00:19:30'),(475,'196907082007011005','AHMAD JAJULI','','S.E',5,'Kasie Pemerintahan',22,'2022-01-13 00:19:30','2022-01-13 00:19:30'),(476,'197308182007011007','KARNADI','','S.Sos',5,'Kasie Pemerintahan',30,'2022-01-13 00:19:30','2022-01-13 00:19:30'),(477,'197608092007011007','SUBHI','','S.H',5,'Kasie Pemerintahan',29,'2022-01-13 00:19:30','2022-01-13 00:19:30'),(478,'197502032008011002','MOKHAMAD FAHMI','','S.AP',5,'Kasie Pemerintahan',2,'2022-01-13 00:19:30','2022-01-13 00:19:30'),(479,'196802052006041006','ENDI BAESUNDI','','SH',6,'Kasie Pemerintahan',78,'2022-01-13 00:19:30','2022-01-13 00:19:30'),(480,'196603302006041002','WAWAN HARTAWAN','','S.Sos',5,'Kasie Pemerintahan',3,'2022-01-13 00:19:30','2022-01-13 00:19:30'),(481,'196602102007011011','ADIT NURJAYA','','S.H., M.Si.',5,'Kasie Pemerintahan',28,'2022-01-13 00:19:30','2022-01-13 00:19:30'),(482,'197507272002121005','ILMI GUNAWAN','','S.H, M.A',5,'Kasie Pemerintahan',27,'2022-01-13 00:19:30','2022-01-13 00:19:30'),(483,'197610282002121003','SUGIHARTO','','S.E, M.Ec.Dev',6,'Kasie Pemerintahan',10,'2022-01-13 00:19:30','2022-01-13 00:19:30'),(484,'197712232005012007','ESTI TUSMINARTI','','ST, M.Ling',5,'Kasie Pemulihan Lingkungan',74,'2022-01-13 00:19:30','2022-01-13 00:19:30'),(485,'196705251993031004','DJODI ANGGORONADI','Drs','',5,'Kasie Penanganan Fakir Miskin',71,'2022-01-13 00:19:30','2022-01-13 00:19:30'),(486,'196806071991031007','SYIHABUDIN ACEP SYAHRUDIN','','S.Sos',5,'Kepala UPT',168,'2022-01-13 00:19:30','2022-04-04 22:58:40'),(487,'196706162010011001','RUDI HERMAWAN','','S.E',5,'Kasie Penataan Desa',70,'2022-01-13 00:19:30','2022-01-13 00:19:30'),(488,'197605062009021001','MASARMON','','S.T',5,'Kasie Penatagunaan dan Pendayagunaan Tanah',60,'2022-01-13 00:19:30','2022-01-13 00:19:30'),(489,'196905221997031003','BUDI BADARUTAMAN','','S.Pd, M.Si.',5,'Kasie Pencatatan Kelahiran dan Kematian',45,'2022-01-13 00:19:30','2022-01-13 00:19:30'),(490,'197502212010011001','MUHAMAD YUDIMAN','','S.E',5,'Kasie Pencegahan',62,'2022-01-13 00:19:30','2022-01-13 00:19:30'),(491,'198004182006041004','SIDHO EDIYANTO','drh','',5,'Kasie Pencegahan dan Pemberantasan Penyakit Hewan',65,'2022-01-13 00:19:30','2022-01-13 00:19:30'),(492,'196512202002121002','TAVIP TRIJONO','dr','',5,'Kasie Pencegahan dan Pengendalian Penyakit Menular Bidang Pencegahan dan Pengendalian',66,'2022-01-13 00:19:30','2022-01-13 00:19:30'),(493,'197806212010012006','ROHJAYANTI','dr','',5,'Kasie Pencegahan dan Pengendalian Penyakit Tidak Menular, Kesehatan Jiwa dan Olahraga',66,'2022-01-13 00:19:30','2022-01-13 00:19:30'),(494,'198308182010011002','MOCH MAHPUDIN','','SH.,MSi',5,'Kasie Pendapatan dan Kekayaan Desa',70,'2022-01-13 00:19:30','2022-01-13 00:19:30'),(495,'197012172008011001','FACHRUROZI','','S.Ag',5,'Kasie Pendidik dan Tenaga Kependidikan Pendidikan Anak Usia Dini dan Pendidikan Masyarakat',73,'2022-01-13 00:19:30','2022-01-13 00:19:30'),(496,'196810021992031005','BURHANUDIN','','S.Pd, M.M.',4,'Kabid Pembinaan Sekolah Dasar',73,'2022-01-13 00:19:30','2022-04-04 22:58:38'),(497,'198307112011011001','MAMAN NURPADILAH','','S.E, M.M',5,'Kasie Pendidik dan Tenaga Kependidikan Pendidikan Sekolah Menengah Pertama',73,'2022-01-13 00:19:30','2022-01-13 00:19:30'),(498,'196803182009011001','RIDWAN','','S.AP., M.A.',5,'Kasie Pendidikan dan Kesehatan',28,'2022-01-13 00:19:30','2022-04-04 22:58:39'),(499,'197405091995031006','ADE KURNIAWAN','','S.KM',5,'Kasie Pendidikan dan Kesehatan',3,'2022-01-13 00:19:30','2022-01-13 00:19:30'),(500,'196802051990081001','TISYO','','S.Pd, M.Si',5,'Kasie Pendidikan dan Kesehatan',2,'2022-01-13 00:19:30','2022-01-13 00:19:30'),(501,'196602141992032008','IDA NURHIDAYATI','Dra','M.Si',5,'Kasie Pendidikan dan Kesehatan',34,'2022-01-13 00:19:30','2022-01-13 00:19:30'),(502,'196604251991031005','SUJAI TAYUDIN','','S.Sos',5,'Kasie Pendidikan dan Kesehatan',21,'2022-01-13 00:19:30','2022-04-04 22:58:39'),(503,'197003111994031003','MUHAMAD SOLEH','H','SKM',5,'Kasie Pendidikan dan Kesehatan',22,'2022-01-13 00:19:30','2022-01-13 00:19:30'),(504,'197604102008012004','SHARMILA SHINTA DEWI','','S.P, M.M',5,'Kasie Pendidikan dan Kesehatan',30,'2022-01-13 00:19:30','2022-01-13 00:19:30'),(505,'197812222008011005','DEDI HIDAYAT','','S.H., M.M.',5,'Kasie Pemerintahan',19,'2022-01-13 00:19:30','2022-04-04 22:58:39'),(506,'197003132007012003','CICIH SUARSIH','','S.Pd.I, S.Sos, M.A',5,'Kasie Pendidikan dan Kesehatan',6,'2022-01-13 00:19:30','2022-01-13 00:19:30'),(507,'197401072007011005','ASEP SAEPULLAH','','S.AP',5,'Kasie Pendidikan dan Kesehatan',17,'2022-01-13 00:19:30','2022-01-13 00:19:30'),(508,'197804062006041015','IDING SAHRUDIN','','S.KM., M.H.Kes',5,'Kasie Pendidikan dan Kesehatan',36,'2022-01-13 00:19:30','2022-01-13 00:19:30'),(509,'197805072006042016','NURMUTIARAWATI INDRIANY','','S.E',5,'Kasie Pendidikan dan Kesehatan',9,'2022-01-13 00:19:30','2022-01-13 00:19:30'),(510,'196911151990031001','SUPRAYUDI','','S.Sos, MA',5,'Kasie Pendidikan dan Kesehatan',8,'2022-01-13 00:19:30','2022-01-13 00:19:30'),(511,'196503151984102003','TITIN SUMARNI','','S.Pd, M.Si',5,'Kasie Pendidikan dan Kesehatan',15,'2022-01-13 00:19:30','2022-01-13 00:19:30'),(512,'196404051984121001','MUNAWAR','Drs. H.','M.Pd',5,'Kasie Pendidikan dan Kesehatan',40,'2022-01-13 00:19:30','2022-01-13 00:19:30'),(513,'196501211986031011','UNTUNG PARULIAN','','M.Pd',5,'Kasie Pendidikan dan Kesehatan',25,'2022-01-13 00:19:30','2022-01-13 00:19:30'),(514,'196402051986031018','MARJUKI','','S.Sos',5,'Kasie Pendidikan dan Kesehatan',5,'2022-01-13 00:19:30','2022-01-13 00:19:30'),(515,'196710071988032007','EEN HERMAWATI','','S.Pd',5,'Kasie Pendidikan dan Kesehatan',7,'2022-01-13 00:19:30','2022-01-13 00:19:30'),(516,'196704051988031006','ENGKOS KOSASIH','','S.Pd.I',5,'Kasie Pendidikan dan Kesehatan',18,'2022-01-13 00:19:30','2022-01-13 00:19:30'),(517,'197007161992031005','NENDI NURADIN','','S.Pd.,M.M.',5,'Kasie Pendidikan dan Kesehatan',10,'2022-01-13 00:19:30','2022-01-13 00:19:30'),(518,'196705171993011001','MOHAMAD SYAMSUDIN','','S.Pd, MM',5,'Kasie Pendidikan dan Kesehatan',24,'2022-01-13 00:19:30','2022-01-13 00:19:30'),(519,'196704051995031001','RESWANTO','','S.Pd',5,'Kasie Pendidikan dan Kesehatan',4,'2022-01-13 00:19:30','2022-01-13 00:19:30'),(520,'197010221998022004','INE HANDAYANI','','S.Pd',5,'Kasie Pendidikan dan Kesehatan',29,'2022-01-13 00:19:30','2022-01-13 00:19:30'),(521,'196405141985121001','E. SUPRIADI','','SE, M.A',5,'Kasie Pendidikan dan Kesehatan',13,'2022-01-13 00:19:30','2022-01-13 00:19:30'),(522,'196705131988022003','ISYE SUHARTINAWATI','','SKM',5,'Kasie Pendidikan dan Kesehatan',12,'2022-01-13 00:19:30','2022-01-13 00:19:30'),(523,'197311142002121001','SUPENDI','','S.Sos',5,'Kasie Pendidikan dan Kesehatan',33,'2022-01-13 00:19:30','2022-01-13 00:19:30'),(524,'196808141995031005','AGUS SULISTIO','','S.IP',5,'Kasie Pendidikan dan Kesehatan',16,'2022-01-13 00:19:30','2022-01-13 00:19:30'),(525,'197510261997032001','RATNA HARIYANI','','S.M. M.M',5,'Kasie Pendidikan dan Kesehatan',23,'2022-01-13 00:19:30','2022-01-13 00:19:30'),(526,'196512131986022002','ERNA ROHANI','','',5,'Kasie Pendidikan dan Kesehatan',37,'2022-01-13 00:19:30','2022-01-13 00:19:30'),(527,'198412112011012001','LISNIAWATI','','S.HI',5,'Kasie Pendidikan dan Kesehatan',27,'2022-01-13 00:19:30','2022-01-13 00:19:30'),(528,'196911012014071001','ADE PIJARSYAH','','S.Pd, MM',5,'Kasie Pendidikan dan Kesehatan',39,'2022-01-13 00:19:30','2022-01-13 00:19:30'),(529,'196402051986031017','UJANG SUDARJAT','','S.Pd.I',5,'Kasie Pendidikan dan Kesehatan',41,'2022-01-13 00:19:30','2022-01-13 00:19:30'),(530,'197612212010012001','ERI HOERIAH','','S.Ag, M.M',5,'Kasie Pendidikan dan Kesehatan',20,'2022-01-13 00:19:30','2022-01-13 00:19:30'),(531,'197809152010011001','HERRY INDARTO SUDONO','','S.E',5,'Kasie Perekonomian dan Pembangunan',32,'2022-01-13 00:19:30','2022-04-04 22:58:39'),(532,'198008152009011003','AGUS BUDIARSO','','SSos.',5,'Kasie Penegakan',67,'2022-01-13 00:19:30','2022-01-13 00:19:30'),(533,'196606022002121004','DYAN HERU SUTJAHJO','Drs','M.M',5,'Kasie Penegakan Hukum Lingkungan',74,'2022-01-13 00:19:30','2022-01-13 00:19:30'),(534,'198301112002122001','RETNO PANGESTUTI WIDIANTI','','S.Sos',5,'Kasie Penempatan Tenaga Kerja',56,'2022-01-13 00:19:30','2022-01-13 00:19:30'),(535,'197108101998032007','RIRI AGUSTINA LUBIS','','S.Si, M.Pd',5,'Kasie Pengaduan dan Penyelesaian Sengketa',74,'2022-01-13 00:19:30','2022-01-13 00:19:30'),(536,'197810292006042002','NINA HERLINA','','S.Pi., M.A',5,'Kasie Penganekaragaman dan Promosi Pangan',54,'2022-01-13 00:19:30','2022-01-13 00:19:30'),(537,'196401271984102002','N. ENI SUHARTINI','','S.Pd, M.Pd',5,'Kasie Pengarusutamaan Gender',64,'2022-01-13 00:19:30','2022-01-13 00:19:30'),(538,'196803032009011003','UCOK GEMPAR TAMBUNAN','','S.H',5,'Kasie Pengawasan',76,'2022-01-13 00:19:30','2022-01-13 00:19:30'),(539,'197506012005011014','ALI NASRULLAH','','S.H',4,'Kabid Keuangan dan Kekayaan Desa ',70,'2022-01-13 00:19:30','2022-04-04 22:58:38'),(540,'197003132007011011','JENAL SUDARISMAN','','SE',5,'Kasie Pengawasan Jasa Konstruksi',59,'2022-01-13 00:19:30','2022-01-13 00:19:30'),(541,'196803121995031001','DADAH SUJAYANTO','','S.E, M.Si',5,'Kasie Pengawasan Keamanan Pangan',54,'2022-01-13 00:19:30','2022-01-13 00:19:30'),(542,'197604102002122004','TUTI DIANA APRIYANTI','','S.IP',5,'Kasie Pengawasan Koperasi',63,'2022-01-13 00:19:30','2022-01-13 00:19:30'),(543,'197305242002121003','IWAN SUGITO SUDIRDJO','','S.H',5,'Kepala UPT',178,'2022-01-13 00:19:30','2022-04-04 22:58:40'),(544,'196411252002121003','TAVIV HERMAWAN','','S.H, M.M',5,'Kasie Pengendalian Operasional',50,'2022-01-13 00:19:30','2022-04-04 22:58:39'),(545,'196608311992032003','NINA NASWATI','','S.Sos',5,'Kasie Pengawasan Sistem Proteksi Kebakaran',53,'2022-01-13 00:19:30','2022-01-13 00:19:30'),(546,'197109102006041008','JOPIE HERMAWAN','','S.T',5,'Kasie Pengelolaan B3 dan Limbah B3',74,'2022-01-13 00:19:30','2022-01-13 00:19:30'),(547,'196912091995032003','PURNAMASARI','','S.Pt',5,'Kasie Pengelolaan dan Pemasaran Hasil Peternakan',65,'2022-01-13 00:19:30','2022-01-13 00:19:30'),(548,'197406061998031007','ILHAM','','SH',5,'Kasie Pengelolaan Informasi',51,'2022-01-13 00:19:30','2022-01-13 00:19:30'),(549,'198101312002121003','IKHSAN ADI NUGRAHA','','S.Si.T., M.A',5,'Kasie Pengelolaan Sarana Pekerjaan Umum',59,'2022-01-13 00:19:30','2022-01-13 00:19:30'),(550,'198007122009021001','MUHIDIN SUSANTO','','S.Kom, M.Si',5,'Kasie Pengembangan Aplikasi',51,'2022-01-13 00:19:30','2022-01-13 00:19:30'),(551,'196805131990122001','YUYUN YUNINGSIH','','S.St, M.M',5,'Kasie Pengembangan Kawasan Perikanan',65,'2022-01-13 00:19:30','2022-01-13 00:19:30'),(552,'197404072009011004','ACEP HASBULLAH','','S.Ag',5,'Kasie Pengembangan Pemuda',68,'2022-01-13 00:19:30','2022-01-13 00:19:30'),(553,'197509271998032009','DINI SAUMI IMANIAH','','SS, M.M.',5,'Kasie Pengembangan Sumber Daya dan Teknologi Informatika',51,'2022-01-13 00:19:30','2022-01-13 00:19:30'),(554,'197403022003122002','MUTIA HIKMAWATI','','S.Pi, M.Si',5,'Kasie Pengembangan Usaha dan Sumber Daya Manusia Perikanan',65,'2022-01-13 00:19:30','2022-01-13 00:19:30'),(555,'198310062010012003','RISMA OKTAVIANY','','SH',5,'Kasie Pengembangan Usaha Mikro',63,'2022-01-13 00:19:30','2022-01-13 00:19:30'),(556,'196602151989032009','ROSMANIDAR','','S.E',5,'Kasie Pengendalian Barang Pokok dan Penting',76,'2022-01-13 00:19:30','2022-01-13 00:19:30'),(557,'197808252008011003','RHAMA KODARA MARENDRA','','S.Sos',5,'Kasie Pengendalian Operasional',67,'2022-01-13 00:19:30','2022-01-13 00:19:30'),(558,'197004032002121003','WAWAN DARMAWAN','','S.P., M.Si',4,'Kabid Penegakan Perundang-Undangan Daerah',67,'2022-01-13 00:19:30','2022-04-04 22:58:38'),(559,'196412072003121001','MUHAMMAD SUGENG SUWANDI','','S.T, MM',5,'Kasie Pengendalian Pencemaran',74,'2022-01-13 00:19:30','2022-01-13 00:19:30'),(560,'196705131993121001','MUWARDIYONO','','S.H',5,'Kasie Pengendalian Penduduk dan Informasi Keluarga',64,'2022-01-13 00:19:30','2022-01-13 00:19:30'),(561,'197905182002121005','NANDAR HADIWINATA','','S.T',5,'Kasie Pengendalian Teknis Bangunan pada Bidang Penataan Bangunan',60,'2022-01-13 00:19:30','2022-01-13 00:19:30'),(562,'197307281996031003','AHMAD SUWANDI','','S.P',5,'Kasie Pengolahan dan Pemasaran',55,'2022-01-13 00:19:30','2022-01-13 00:19:30'),(563,'197512202008032001','LENORA AZIZAH NUR','','SP',5,'Kasie Pengolahan dan Pemasaran',55,'2022-01-13 00:19:30','2022-01-13 00:19:30'),(564,'196510281999032002','DEWI ASMARANINGSIH','Ir','M.M',5,'Kasie Pengolahan dan Pemasaran',55,'2022-01-13 00:19:30','2022-01-13 00:19:30'),(565,'197905252009021002','SONI SUWANDI','','S.Kom',5,'Kasie Pengolahan dan Penyajian Data Kependudukan',45,'2022-01-13 00:19:30','2022-01-13 00:19:30'),(566,'197501111999012001','ADE RAKHMAWATI SYAM','','S.H, M.P',5,'Kasie Pengolahan Data',52,'2022-01-13 00:19:30','2022-01-13 00:19:30'),(567,'198602172010011005','FERRY ARDIANSYAH','','SH',5,'Kasie Penguatan Kapasitas',53,'2022-01-13 00:19:30','2022-01-13 00:19:30'),(568,'197108252009012002','NUR HARYANTI','','S.Si',5,'Kasie Pengurangan Sampah',74,'2022-01-13 00:19:30','2022-01-13 00:19:30'),(569,'196510041990031001','ACHMAD YUSRI','','S.Sos, M.Si',5,'Kasie Penilaian Kesehatan Koperasi',63,'2022-01-13 00:19:30','2022-01-13 00:19:30'),(570,'196605101993011003','AHMAD SUHAEMI','Drs','M.M',5,'Kasie Peningkatan Kesejahteraan Anak',64,'2022-01-13 00:19:30','2022-01-13 00:19:30'),(571,'197312031999032002','UTAMI WIDYANINGSIH','','S.Sos',5,'Kasie Peningkatan Kualitas SDM Koperasi',63,'2022-01-13 00:19:30','2022-01-13 00:19:30'),(572,'196611121989022003','TRIANI NOVI BUDI ASTUTI','','S.KM, M.KM',5,'Kasie Penunjang Keperawatan',44,'2022-01-13 00:19:30','2022-01-13 00:19:30'),(573,'196406151989032005','SUMIATI','','S.Kep, Ns. Mars',5,'Kasie Penunjang Keperawatan',43,'2022-01-13 00:19:30','2022-01-13 00:19:30'),(574,'197003271990021001','ARIS MUHARI','','SKM.,M.A',5,'Kasie Penunjang Keperawatan',42,'2022-01-13 00:19:30','2022-01-13 00:19:30'),(575,'196709111990032004','PRISTIWATI','','S.Kep.,Ners',5,'Kasie Penunjang Keperawatan',48,'2022-01-13 00:19:30','2022-01-13 00:19:30'),(576,'196908122007012016','ROSMALINA AGUSTINA','dr','MARS',5,'Kasie Penunjang Medik',44,'2022-01-13 00:19:30','2022-01-13 00:19:30'),(577,'197711062008012008','AJENG NORMALA','dr','Sp.OG',4,'Kabid Medik',43,'2022-01-13 00:19:30','2022-04-04 22:58:38'),(578,'196911061993032003','DAMARIS YOHANA KONDOALLO','','S.K.M, M.H.Kes',5,'Kasie Penunjang Medik',48,'2022-01-13 00:19:30','2022-01-13 00:19:30'),(579,'197302252007012004','ENI TRIHARTATI','dr','',5,'Kasie Penunjang Medik',42,'2022-01-13 00:19:30','2022-01-13 00:19:30'),(580,'196401111986091002','TANU WAHYUDIN','','A.Md',5,'Kasie Penyelamatan dan Pertolongan Darurat',53,'2022-01-13 00:19:30','2022-01-13 00:19:30'),(581,'196712142008011007','MARDIUS SUHANDRI','','S.H',5,'Kasie Penyelesaian Perselisihan Hubungan Industrial',56,'2022-01-13 00:19:30','2022-01-13 00:19:30'),(582,'198308052002121003','TEDY HIDAYAT','','S.H.,M.A.',5,'Kasie Penyidikan',67,'2022-01-13 00:19:30','2022-03-03 23:56:07'),(583,'197208292010011001','AGUS TRIYANTO','','S.S',5,'Kasie Penyuluhan dan Pembinaan',53,'2022-01-13 00:19:30','2022-01-13 00:19:30'),(584,'196812302007011006','HENDRA ADIWARNA','','S.H',5,'Kasie Penyuluhan dan Pendayagunaan Penyuluh Keluarga Berencana dan Kader',64,'2022-01-13 00:19:30','2022-01-13 00:19:30'),(585,'197601262000031001','DODIH PRAHMADIYAN','','S.Pt, M.M',5,'Kasie Perbenihan dan Budidaya Perikanan',65,'2022-01-13 00:19:30','2022-01-13 00:19:30'),(586,'196507161992032004','SULISTYOWATI','drh','M.Si',5,'Kasie Perbibitan dan Budidaya Peternakan',65,'2022-01-13 00:19:30','2022-01-13 00:19:30'),(587,'196807042010011001','AHMAD BUJANG SALEH','','S.Sos., MA.',5,'Kasie Perekonomian dan Pembangunan',9,'2022-01-13 00:19:30','2022-01-13 00:19:30'),(588,'197808062009011003','DONI ROMDONI','','S.E',5,'Kasie Perekonomian dan Pembangunan',40,'2022-01-13 00:19:30','2022-01-13 00:19:30'),(589,'197610222009012002','ERNI HERLYNAWATI','','S.IP, M.Si',5,'Kasie Perekonomian dan Pembangunan',38,'2022-01-13 00:19:30','2022-01-13 00:19:30'),(590,'196504131985032005','DWI WIDI HASTUTI','','',5,'Kasie Perekonomian dan Pembangunan',23,'2022-01-13 00:19:30','2022-01-13 00:19:30'),(591,'196703151994032004','SITI SA`DIAH','Dra','M.A.',5,'Kasie Pemberdayaan Masyarakat',31,'2022-01-13 00:19:30','2022-04-04 22:58:38'),(592,'196410071987032004','SITI AMINAH','','S.IP',5,'Kasie Perekonomian dan Pembangunan',10,'2022-01-13 00:19:30','2022-01-13 00:19:30'),(593,'196609121991031006','IBROHIM','','S.Pd',5,'Kasie Perekonomian dan Pembangunan',6,'2022-01-13 00:19:30','2022-01-13 00:19:30'),(594,'196412311999031021','KAMRIN','Drs','',5,'Kasie Perekonomian dan Pembangunan',7,'2022-01-13 00:19:30','2022-01-13 00:19:30'),(595,'197404121994032003','LELA NURLAELA','Hj.','SKM, M.Kes',5,'Kasie Perekonomian dan Pembangunan',21,'2022-01-13 00:19:30','2022-01-13 00:19:30'),(596,'197904132008012005','KASMIYAH','','S.Sos',5,'Kasie Pemerintahan',35,'2022-01-13 00:19:30','2022-04-04 22:58:39'),(597,'196608021993031001','ASEP DAHLAN','','SE., MM.',5,'Kasie Perekonomian dan Pembangunan',27,'2022-01-13 00:19:30','2022-01-13 00:19:30'),(598,'198003132003121004','LUKMAN ARIADI','','SIP',5,'Kasie Perekonomian dan Pembangunan',3,'2022-01-13 00:19:30','2022-01-13 00:19:30'),(599,'196706142007012010','RADEN WIDAWIDIARTI','','S.AP',5,'Kasie Perekonomian dan Pembangunan',12,'2022-01-13 00:19:30','2022-01-13 00:19:30'),(600,'197206172007011007','YUGA IRWANSAH','','S.Sos,MM',5,'Kasie Pemerintahan',24,'2022-01-13 00:19:30','2022-04-04 22:58:39'),(601,'197307012007011008','WAWAN SETIAWAN','','S.E',5,'Kasie Perekonomian dan Pembangunan',22,'2022-01-13 00:19:30','2022-01-13 00:19:30'),(602,'197504132008011002','HERI','','S.IP',5,'Kepala UPT',128,'2022-01-13 00:19:30','2022-04-04 22:58:40'),(603,'197402062008011002','R. BEDI RUSMANA','','S.Sos.,M.M.',5,'Kasie Perekonomian dan Pembangunan',37,'2022-01-13 00:19:30','2022-03-03 23:56:07'),(604,'197606292008012007','EMAY SUMARNI','','S.Ap',5,'Kasie Perekonomian dan Pembangunan',15,'2022-01-13 00:19:30','2022-01-13 00:19:30'),(605,'197108282006041013','SIGIT DARSONO','','S.T',5,'Kasie Perekonomian dan Pembangunan',33,'2022-01-13 00:19:30','2022-01-13 00:19:30'),(606,'197906042002122012','SENI SRI RISMAYATI','','S.E, M.A',5,'Kasie Perekonomian dan Pembangunan',35,'2022-01-13 00:19:30','2022-01-13 00:19:30'),(607,'196506051983081001','DEDI','','S.Pd, MM',5,'Kasie Perekonomian dan Pembangunan',31,'2022-01-13 00:19:30','2022-01-13 00:19:30'),(608,'196404031984102003','TITIN HARTINI','Dra','M.Si',5,'Kasie Perekonomian dan Pembangunan',17,'2022-01-13 00:19:30','2022-01-13 00:19:30'),(609,'196407181984101001','ADE SURYANA','Drs','M.Pd',5,'Kasie Perekonomian dan Pembangunan',20,'2022-01-13 00:19:30','2022-01-13 00:19:30'),(610,'196412071985032004','YETI SUHERTI','','S.E, MM',5,'Kasie Perekonomian dan Pembangunan',25,'2022-01-13 00:19:30','2022-01-13 00:19:30'),(611,'196612071988031007','SUHANA','','S.E',5,'Kasie Perekonomian dan Pembangunan',14,'2022-01-13 00:19:30','2022-01-13 00:19:30'),(612,'196803121993012002','RD. RORO RINA DINARAYA CANDRAKIRANA DEWI','','S.Sos, MM',5,'Kasie Perekonomian dan Pembangunan',18,'2022-01-13 00:19:30','2022-01-13 00:19:30'),(613,'196904261994031008','MUCHLIS','','S.Sos',5,'Kasie Perekonomian dan Pembangunan',26,'2022-01-13 00:19:30','2022-01-13 00:19:30'),(614,'196403061986032012','NINING PURWANINGSIH','','',5,'Kasie Perekonomian dan Pembangunan',11,'2022-01-13 00:19:30','2022-01-13 00:19:30'),(615,'197504272002122001','HERI SUMARTINI','','S.E',5,'Kasie Perekonomian dan Pembangunan',4,'2022-01-13 00:19:30','2022-01-13 00:19:30'),(616,'198310102002121004','GUGUM GUMILAR MUHARAM','','S.Sos,M.Si',5,'Kasie Perekonomian dan Pembangunan',13,'2022-01-13 00:19:30','2022-01-13 00:19:30'),(617,'196404151994031006','DEDI SUHARTO','','S.E',5,'Kasie Perekonomian dan Pembangunan',30,'2022-01-13 00:19:30','2022-01-13 00:19:30'),(618,'196905051996012004','ROSMANAWATI','','A.Md',5,'Kasie Perekonomian dan Pembangunan',16,'2022-01-13 00:19:30','2022-01-13 00:19:30'),(619,'196709141996011001','SUGIAT SARIEF','','S.AP',5,'Kasie Perekonomian dan Pembangunan',41,'2022-01-13 00:19:30','2022-01-13 00:19:30'),(620,'198510302009021002','ADITHIA NUGRAHA','','S.Kom, M.Si',5,'Kasie Perekonomian dan Pembangunan',8,'2022-01-13 00:19:30','2022-01-13 00:19:30'),(621,'197111231998031007','YUDI PRAYUDI','','S.H',5,'Kasie Perekonomian dan Pembangunan',29,'2022-01-13 00:19:30','2022-01-13 00:19:30'),(622,'198610252004121001','YUDHI VIANTO HADI PRASTIONO','','S.STP, M.M',5,'Kasie Perekonomian dan Pembangunan',34,'2022-01-13 00:19:30','2022-01-13 00:19:30'),(623,'197806032010011001','MOCHAMAD CECEP ISKANDAR','','S.Ag, M,Si',5,'Kasie Pemberdayaan Masyarakat',35,'2022-01-13 00:19:30','2022-04-04 22:58:39'),(624,'197904162014072001','YENIH','','S.H.',5,'Kasie Perekonomian dan Pembangunan',39,'2022-01-13 00:19:30','2022-01-13 00:19:30'),(625,'197311132010011001','DODI SUWANDI','','S.Sos',5,'Kasie Perekonomian dan Pembangunan',28,'2022-01-13 00:19:30','2022-01-13 00:19:30'),(626,'197403152009012002','DEWI SHINTA SARI','','S.H',5,'Kasie Perencanaan dan Pengembangan',60,'2022-01-13 00:19:30','2022-01-13 00:19:30'),(627,'197305142001122003','NOVI ANDRIASARI','','S.Sos, MM',5,'Kasie Perencanaan dan Pengembangan',52,'2022-01-13 00:19:30','2022-01-13 00:19:30'),(628,'196701031993032006','YANI MAULANI','','S.Sos, M.M',5,'Kasie Perencanaan dan Pengembangan Kawasan Permukiman',60,'2022-01-13 00:19:30','2022-01-13 00:19:30'),(629,'196502031992031010','SUKISWANTO','','Dipl.ATP., M.T.',5,'Kasie Perencanaan, Evaluasi Irigasi dan Sumber Daya Air',59,'2022-01-13 00:19:30','2022-01-13 00:19:30'),(630,'197504062002121002','ASEP PRIANA AFRIADI','','S.T',5,'Kasie Perencanaan, Evaluasi Jalan dan Jembatan',59,'2022-01-13 00:19:30','2022-01-13 00:19:30'),(631,'196903232002121004','ERIK MOHAMAR','','S.T',5,'Kasie Perencanaan Ruang',59,'2022-01-13 00:19:30','2022-01-13 00:19:30'),(632,'196909201997032003','SRI TANTI','','S.H, M.M',5,'Kasie Perlindungan Anak',64,'2022-01-13 00:19:30','2022-01-13 00:19:30'),(633,'197607312010012001','R. MILKA YULIANTI SYABANDIAH','','SE,MM',5,'Kasie Perlindungan Sosial Korban Bencana',71,'2022-01-13 00:19:30','2022-01-13 00:19:30'),(634,'196903262002121004','YADI REFELIADI','','S.H',5,'Kasie Perluasan Kerja',56,'2022-01-13 00:19:30','2022-01-13 00:19:30'),(635,'197505042002121006','MUHAROM','H.','S.Sos,M.AP',4,'Kabid Infrastruktur Teknologi ',51,'2022-01-13 00:19:30','2022-04-04 22:58:38'),(636,'196912292005011008','TEGUH BUDIONO','','ST, MSi.',5,'Kasie Pertamanan',60,'2022-01-13 00:19:30','2022-01-13 00:19:30'),(637,'197106011998021004','SISWANTO','','S.Pd, M.Si',5,'Kasie Peserta didik dan Pembangunan Karakter',73,'2022-01-13 00:19:30','2022-01-13 00:19:30'),(638,'196903021993011002','MOHAMAD DODOY HUDAYA','','M.Pd',5,'Kasie Peserta didik dan Pembangunan Karakter',73,'2022-01-13 00:19:30','2022-01-13 00:19:30'),(639,'198312142009021002','ADIE KURNIAWAN','','S.Kom,M.A',5,'Kasie Pindah Datang dan Pendataan Penduduk',45,'2022-01-13 00:19:30','2022-01-13 00:19:30'),(640,'196610071990031004','SUGENG PAMBUDI','','A.Md.LLAJ',5,'Kasie Prasarana',50,'2022-01-13 00:19:30','2022-01-13 00:19:30'),(641,'197007141997032004','R.TINA SUPARTINA','','S.P, M.Si',5,'Kasie Prasarana dan Pelayanan Usaha',55,'2022-01-13 00:19:30','2022-01-13 00:19:30'),(642,'196412051989111001','RACHMAT ISMAIL','Drs. Ir','M.M',5,'Kasie Prasarana dan Pelayanan Usaha',55,'2022-01-13 00:19:30','2022-01-13 00:19:30'),(643,'197206291998032002','INDRIYATI','','S.Hut',4,'Kabid Sarana Pertanian',55,'2022-01-13 00:19:30','2022-04-04 22:58:38'),(644,'197707272006041017','JON YUWELDRI PUTRA','','S.Pt',5,'Kasie Prasarana dan Pelayanan Usaha Peternakan',65,'2022-01-13 00:19:30','2022-01-13 00:19:30'),(645,'197305302006041011','DIDIN TOHARUDIN','','S.T, M.Si.',5,'Kasie Prasarana, Sarana dan Utilitas Umum (PSU) Kawasan Permukiman',60,'2022-01-13 00:19:30','2022-01-13 00:19:30'),(646,'196801081996011003','ASEP TATA SUGIARTA','Drs','M.Si',5,'Kasie Prasarana, Sarana dan Utilitas Umum (PSU) Perumahan',60,'2022-01-13 00:19:30','2022-01-13 00:19:30'),(647,'198304032011011001','HAZMI APRIAN','','S.T, M.M.',5,'Kasie Prasarana, Sarana dan Utilitas Umum (PSU) Perumahan',60,'2022-01-13 00:19:30','2022-01-13 00:19:30'),(648,'197501281999022001','ERVINIA','','S.P, M.M',5,'Kasie Produksi',55,'2022-01-13 00:19:30','2022-01-13 00:19:30'),(649,'197410262000031001','AGUS KURNIAWAN','','S.Hut, M.P.',5,'Kasie Produksi',55,'2022-01-13 00:19:30','2022-01-13 00:19:30'),(650,'196406051997032002','SURATMI','Ir','M.Si',5,'Kasie Produktivitas',56,'2022-01-13 00:19:30','2022-01-13 00:19:30'),(651,'197207241999032005','LUSDIANA YULIASTANTI','','S.Sos, M.Si',5,'Kasie Promosi',52,'2022-01-13 00:19:30','2022-01-13 00:19:30'),(652,'196602101991032005','YAYU WAHYUNINGSIH','','SKM',5,'Kasie Promosi dan Pemberdayaan Masyarakat',66,'2022-01-13 00:19:30','2022-01-13 00:19:30'),(653,'197504212008011002','JOKO WIDODO','','S.E',5,'Kasie Promosi Olahraga dan Olahraga Prestasi',68,'2022-01-13 00:19:30','2022-01-13 00:19:30'),(654,'196706251990032004','HERTI SULASTRI','','SSos',5,'Kasie Promosi Pariwisata',61,'2022-01-13 00:19:30','2022-01-13 00:19:30'),(655,'197408132002121005','DEDE MULYANA','','S.T',5,'Kasie Rehabilitasi',62,'2022-01-13 00:19:30','2022-01-13 00:19:30'),(656,'197312122002121004','DESIRWAN KUSLAN','','S.Sos, M.si',4,'Kabid Sarana dan Prasarana',73,'2022-01-13 00:19:30','2022-04-04 22:58:38'),(657,'197102172002122005','R. ETIH HARYATI','','S.E',5,'Kasie Rehabilitasi Sosial Anak dan Lanjut Usia',71,'2022-01-13 00:19:30','2022-01-13 00:19:30'),(658,'197404222006041010','WELLY','','S.Kom',5,'Kasie Rehabilitasi Sosial Penyandang Disabilitas',71,'2022-01-13 00:19:30','2022-01-13 00:19:30'),(659,'196510021993121001','BUCHORI MUSLIM','','S.H',5,'Kasie Rehabilitasi Sosial Tuna Sosial dan Korban Perdagangan Orang',71,'2022-01-13 00:19:30','2022-01-13 00:19:30'),(660,'196612081996031003','ADENG','Ir','',5,'Kasie Rekonstruksi',62,'2022-01-13 00:19:30','2022-01-13 00:19:30'),(661,'198111032009032007','NOVI MULYAWATI NINGSIH','','ST',5,'Kasie Sanitasi Air Limbah',59,'2022-01-13 00:19:30','2022-01-13 00:19:30'),(662,'197605152007012008','TRISNA DEWI BANGUN','dr','',5,'Kasie Sarana dan Prasarana',66,'2022-01-13 00:19:30','2022-01-13 00:19:30'),(663,'197205072006041005','KOKO SUGIARTO','','S.Si, Apt',5,'Kasie Sarana dan Prasarana',66,'2022-01-13 00:19:30','2022-01-13 00:19:30'),(664,'197510052006041002','HARIF WAHYUDI','','S.KOM.',5,'Kasie Sarana dan Prasarana Desa',70,'2022-01-13 00:19:30','2022-01-13 00:19:30'),(665,'197801232002122004','RONA ROSITAWATI','','S.H., M.H.',4,'Kabid Perbendaharaan',49,'2022-01-13 00:19:30','2022-04-04 22:58:38'),(666,'198008112009011001','WEMBI SYARIF CHAN','','S.T, M.Si',5,'Kasie Sarana dan Prasarana Sekolah Menengah Pertama, Pendidikan Anak Usia Dini dan Pendidikan Masyarakat',73,'2022-01-13 00:19:30','2022-01-13 00:19:30'),(667,'197406122005011009','YAYAN TAHYAN','','ST.',5,'Kasie Sarana Distribusi Perdagangan',76,'2022-01-13 00:19:30','2022-01-13 00:19:30'),(668,'197004081998031004','RUDY HIDAYAT','','S.S',5,'Kasie Sarana Wisata',61,'2022-01-13 00:19:30','2022-01-13 00:19:30'),(669,'198108052010012001','TINA ANNISA BUDIMAN','','S.Sos, M.Si',5,'Kasie Sistem Informasi',52,'2022-01-13 00:19:30','2022-01-13 00:19:30'),(670,'197703082009021001','ADE IMAN MULYANTARA','','S.Kom',5,'Kasie Sistem Informasi Administrasi Kependudukan',45,'2022-01-13 00:19:30','2022-01-13 00:19:30'),(671,'196608141994031005','YUDI NURJAMAN','','S.T',5,'Kasie Standardisasi dan Infrastruktur Olahraga',68,'2022-01-13 00:19:30','2022-01-13 00:19:30'),(672,'197708191999032003','JUARSIH HARYANI','','S.E,MM',5,'Kasie Standarisasi dan Kompetensi',56,'2022-01-13 00:19:30','2022-01-13 00:19:30'),(673,'198409172011011001','DIDIK DARMADI','','S.I.Kom',5,'Kasie Sumber Daya Manusia',61,'2022-01-13 00:19:30','2022-01-13 00:19:30'),(674,'197708042007011006','ARIE FIKRIANSYAH','','S.Kom, M.A.',5,'Kasie Sumber Daya Manusia Kesehatan',66,'2022-01-13 00:19:30','2022-01-13 00:19:30'),(675,'198112062003121003','LUKI GEMA SAFARI','','S.KM, MARS',5,'Kasie Surveilans dan Imunisasi',66,'2022-01-13 00:19:30','2022-01-13 00:19:30'),(676,'197009182002121006','IWAN SETIAWAN','','S.Sos, M.Si',4,'Kabid Pengelolaan Informasi dan Komunikasi Publik',51,'2022-01-13 00:19:30','2022-04-04 22:58:38'),(677,'197305021997032003','TAURUSIA ANDRIANI','Dra','',5,'Kasie Transmigrasi',56,'2022-01-13 00:19:30','2022-01-13 00:19:30'),(678,'198308152003122001','YANTI PURWATININGSIH','','S.STP,M.M',5,'Kasubag Administrasi Kewilayahan',1,'2022-01-13 00:19:30','2022-01-13 00:19:30'),(679,'198307042008011007','ADRI PRASISTA','','S.IP, M.AP',5,'Kasubag Administrasi Pemerintahan',1,'2022-01-13 00:19:30','2022-01-13 00:19:30'),(680,'197611212007011002','SUKARDIYANTO','','S.Sos',5,'Kasubag Anggaran',42,'2022-01-13 00:19:30','2022-01-13 00:19:30'),(681,'198212252005011007','SAPTOAJI EKO SAMBODO','','S.E.,M.A',5,'Kasubag Anggaran',48,'2022-01-13 00:19:30','2022-01-13 00:19:30'),(682,'197009081994032004','SUHARTINI','','SKM, MARS',5,'Kasubag Anggaran',43,'2022-01-13 00:19:30','2022-01-13 00:19:30'),(683,'198207262014062001','YULIASARI','','SE',5,'Kasubag Anggaran',44,'2022-01-13 00:19:30','2022-01-13 00:19:30'),(684,'198704232011012003','RATIH APRILIA RESTIANI','','S.H',5,'Kasubag Bagian Persidangan dan Risalah',47,'2022-01-13 00:19:30','2022-01-13 00:19:30'),(685,'197510032009011002','ENDAY HIDAYAT','','S.Ag, MA',5,'Kasie Pendidikan dan Kesehatan',19,'2022-01-13 00:19:30','2022-04-04 22:58:39'),(686,'197701232002122006','TRI HANDAYANI','','S.H, M.Si',5,'Kasubag Dokumentasi dan Informasi',1,'2022-01-13 00:19:30','2022-01-13 00:19:30'),(687,'197509212005011005','WAHYU HENDRA GUNTARA','','ST, MM',5,'Kasubag Dokumentasi Pimpinan',1,'2022-01-13 00:19:30','2022-01-13 00:19:30'),(688,'197905162005012011','ELIYANI','','S Hut, M.Si',5,'Kasubag Evaluasi dan Pelaporan',1,'2022-01-13 00:19:30','2022-01-13 00:19:30'),(689,'197802182002121001','FERDINANDO SELMI PARDEDE','','S.IP',4,'Kabid Ideologi, Wawasan Kebangsaan dan Karakter Bangsa',57,'2022-01-13 00:19:30','2022-04-04 22:58:38'),(690,'197309042008012004','DWI SULISTIANTI','','S.E, MA',5,'Kasubag Fasilitasi Pengawasan',47,'2022-01-13 00:19:30','2022-01-13 00:19:30'),(691,'196703101991032002','SUMILAH','','SE',5,'Kasubag Humas, Protokol dan Publikasi',47,'2022-01-13 00:19:30','2022-01-13 00:19:30'),(692,'198007312003122005','WIRASTUTI','','S.H, M.H',5,'Kasubag Kajian Perundang-Undangan',47,'2022-01-13 00:19:30','2022-01-13 00:19:30'),(693,'197308272002121002','AGUS SUHENDRA','','S.H, M.H',5,'Kasubag Kelembagaan dan Analisis Jabatan',1,'2022-01-13 00:19:30','2022-01-13 00:19:30'),(694,'197004142006041007','LUKMAN DARMAWAN','','S.E',5,'Kasubag Kepegawaian',42,'2022-01-13 00:19:30','2022-01-13 00:19:30'),(695,'197403031994031005','LUKMAN HERMAWAN','','S.H,. M.H',5,'Kasubag Kepegawaian',48,'2022-01-13 00:19:30','2022-01-13 00:19:30'),(696,'197810282006041008','IRMAN GAPUR','','SKM, M.A.',5,'Kasubag Kepegawaian',43,'2022-01-13 00:19:30','2022-01-13 00:19:30'),(697,'198304142006042014','RINA HERAYANTI','','SKM',5,'Kasubag Kepegawaian',44,'2022-01-13 00:19:30','2022-01-13 00:19:30'),(698,'196705052007011013','NORMAN SYAMSUDDIN','','S.H',5,'Kasubag Kerjasama',1,'2022-01-13 00:19:30','2022-01-13 00:19:30'),(699,'198003092011012001','NOVITA FITRAWATI','','S.Sos',5,'Kasubag Kerjasama dan Aspirasi',47,'2022-01-13 00:19:30','2022-01-13 00:19:30'),(700,'197303112009011003','AHMAD ROSADI','','S.Ag',5,'Kasubag Kesejahteraan Masyarakat',1,'2022-01-13 00:19:30','2022-01-13 00:19:30'),(701,'197802022008011003','IIF RIFANUDIN','','S.Ag, MSi.',5,'Kasubag Kesejahteraan Sosial',1,'2022-01-13 00:19:30','2022-01-13 00:19:30'),(702,'196710051987031004','AEP SAEPURAHMAN','','S.IP, M.M',5,'Kasubag Keuangan',47,'2022-01-13 00:19:30','2022-01-13 00:19:30'),(703,'196506111992031009','MUHFID HIDAYAT','','S.S, MM.',5,'Kasubag Keuangan',46,'2022-01-13 00:19:30','2022-01-13 00:19:30'),(704,'197011041993012002','ZAETUN NOOR AZIZAH','','S.Sos., M.Si',5,'Kasubag Keuangan',45,'2022-01-13 00:19:30','2022-01-13 00:19:30'),(705,'197112261993032003','MILA KENCANA','','S.E, MA',5,'Kasubag Keuangan',62,'2022-01-13 00:19:30','2022-01-13 00:19:30'),(706,'196907081995032002','HAYU DEWANI','','S.E',5,'Kasubag Keuangan',60,'2022-01-13 00:19:30','2022-01-13 00:19:30'),(707,'196702281987032003','SRI VENI ASTUTI','','SE',5,'Kasubag Keuangan',56,'2022-01-13 00:19:30','2022-01-13 00:19:30'),(708,'197205151992032009','NINING CARKINI','Hj','S.E',5,'Kasubag Keuangan',75,'2022-01-13 00:19:30','2022-01-13 00:19:30'),(709,'197603232002121005','FIRMAN HENDRIAWAN','','S.E, M.Si',5,'Kasubag Keuangan',50,'2022-01-13 00:19:30','2022-01-13 00:19:30'),(710,'198109192011012002','RENA PERMANA','','S.H. M.M.',5,'Kepala UPT',167,'2022-01-13 00:19:30','2022-04-04 22:58:40'),(711,'197412271999032007','INDRI WULANDARI','','S.P',5,'Kasubag Keuangan',55,'2022-01-13 00:19:30','2022-01-13 00:19:30'),(712,'196805072007011021','IJI HATAJI','','S.Sos, M.Si',5,'Kasubag Keuangan',76,'2022-01-13 00:19:30','2022-01-13 00:19:30'),(713,'197803012008011003','MIKA ROSADI','','SH, M.Si',5,'Kepala UPT',173,'2022-01-13 00:19:30','2022-04-04 22:58:40'),(714,'197209272006042003','SITI NURAENI','','S.E',5,'Kasubag Keuangan',49,'2022-01-13 00:19:30','2022-01-13 00:19:30'),(715,'197710122006042018','ITA NURYATI','','S.Pi.,M.M',5,'Kasubag Keuangan',54,'2022-01-13 00:19:30','2022-03-03 23:56:07'),(716,'197508182007011010','RASDI','','S.Sos.,M.A',5,'Kasubag Keuangan',71,'2022-01-13 00:19:30','2022-03-03 23:56:07'),(717,'196406201990021001','DULPATAH','Drs','M.Si.',5,'Kasubag Keuangan',72,'2022-01-13 00:19:30','2022-01-13 00:19:30'),(718,'196701221990032004','NAZIFAH','','S.E, M.Si',5,'Kasubag Keuangan',59,'2022-01-13 00:19:30','2022-01-13 00:19:30'),(719,'197412241998031005','HERI HERYANA','','SKM, MARS',5,'Kasubag Keuangan',66,'2022-01-13 00:19:30','2022-01-13 00:19:30'),(720,'197309021998032002','ELIS HALIMAWATI','','S.E, MM',6,'Kasubag Keuangan',51,'2022-01-13 00:19:30','2022-01-13 00:19:30'),(721,'197205071997032005','EUIS MURSYIDAH B','','S.E',5,'Kasubag Keuangan',65,'2022-01-13 00:19:30','2022-01-13 00:19:30'),(722,'196401031996032001','POPON KUSNAWATI','','S.E',5,'Kasubag Keuangan',58,'2022-01-13 00:19:30','2022-01-13 00:19:30'),(723,'196412271992022002','TUTI ERNAWATI','','S.Pd',5,'Kasubag Keuangan',73,'2022-01-13 00:19:30','2022-01-13 00:19:30'),(724,'196401311990032003','IIS ANI ROCHAENY','','',5,'Kasubag Keuangan',57,'2022-01-13 00:19:30','2022-01-13 00:19:30'),(725,'197511062002121002','RULI FATHURAHMAN','','SE, MM',5,'Kasubag Keuangan',1,'2022-01-13 00:19:30','2022-01-13 00:19:30'),(726,'198109052010011004','LUTHFIE RIZALDI','','S.E, M.M',5,'Kasubag Keuangan',74,'2022-01-13 00:19:30','2022-01-13 00:19:30'),(727,'198407282010012011','TRISIA YULIN SETIAWATI','','SSos.',5,'Kasubag Keuangan',68,'2022-01-13 00:19:30','2022-01-13 00:19:30'),(728,'197501231999012001','LUH DIAN RAHAYU TRISNAWATI','','S.Si, ME',5,'Kasubag Keuangan',64,'2022-01-13 00:19:30','2022-01-13 00:19:30'),(729,'197110312005011002','MUCHAMAD DADAN RAMDANI','','SP, ME',5,'Kasubag Keuangan',67,'2022-01-13 00:19:30','2022-01-13 00:19:30'),(730,'196508182002122001','YUSTINI NINGSIH','','S.Sos',5,'Kasubag Keuangan',63,'2022-01-13 00:19:30','2022-01-13 00:19:30'),(731,'197606012002122009','YUNITA ERNIE ARTATIE','','S.H, M.M',5,'Kasubag Keuangan dan Program',53,'2022-01-13 00:19:31','2022-01-13 00:19:31'),(732,'197101231999032004','SUZY SUSANA','','S.S',5,'Kasubag Kinerja dan Reformasi Birokrasi',1,'2022-01-13 00:19:31','2022-01-13 00:19:31'),(733,'196903182007011005','M ZAINI','H','S.H, MM, MP.',5,'Kasubag Komunikasi Pimpinan ',1,'2022-01-13 00:19:31','2022-01-13 00:19:31'),(734,'198010062006041008','OCKTAVIANSYAH DWI ANANDA','','SH',5,'Kasubag Litigasi',1,'2022-01-13 00:19:31','2022-01-13 00:19:31'),(735,'197401082008011001','HARRY HAZARUL AKBAR','','S.H,MH',5,'Kasubag Non Litigasi',1,'2022-01-13 00:19:31','2022-01-13 00:19:31'),(736,'197505242008011002','ABDUL KARIM','','S.H,M.H',5,'Kasubag Otonomi Daerah',1,'2022-01-13 00:19:31','2022-01-13 00:19:31'),(737,'197507102010011001','MUHAMAD MARWAN IHSAN','','S.E, M.M',5,'Kasubag Pelaporan',1,'2022-01-13 00:19:31','2022-01-13 00:19:31'),(738,'197704062002121009','FACHRIZAL','','S.Sos',5,'Kasubag Pelayanan Publik dan Tatalaksana',1,'2022-01-13 00:19:31','2022-01-13 00:19:31'),(739,'198106112011011001','ERWIN SUGITA','','S.E, M.M.',5,'Kasubag Pembinaan BUMD dan BLUD ',1,'2022-01-13 00:19:31','2022-01-13 00:19:31'),(740,'198504032009011001','UNU NURIMAN','','S.H.',5,'Kasubag Pembinaan dan Advokasi Pengadaan Barang/Jasa',1,'2022-01-13 00:19:31','2022-01-13 00:19:31'),(741,'197605112010011004','WARMAN','','SKM, M.Si',5,'Kasubag Pengelolaan Layanan Pengadaan Secara Elektronik',1,'2022-01-13 00:19:31','2022-01-13 00:19:31'),(742,'197612042002121002','CHRISTIAN RINALDUS','','A.MTrU, M.Si',5,'Kasubag Pengelolaan Pengadaan Barang dan Jasa',1,'2022-01-13 00:19:31','2022-01-13 00:19:31'),(743,'196609061991032007','ETI RESMAWATI','','SE',5,'Kasubag Pengendalian dan Distribusi Perekonomian',1,'2022-01-13 00:19:31','2022-01-13 00:19:31'),(744,'197912222002121005','ROBY RUHYADI','','S.K.M, M.Sc, Ph.D',5,'Kasubag Pengendalian Program',1,'2022-01-13 00:19:31','2022-01-13 00:19:31'),(745,'198205032009021002','HADI PERMANA','','S.H',5,'Kasubag Penyusunan Produk Hukum Penetapan',1,'2022-01-13 00:19:31','2022-01-13 00:19:31'),(746,'197909102002121002','MUHAMMAD ZULHAM NASUTION','','SH,MH',5,'Kasubag Penyusunan Produk Hukum Pengaturan',1,'2022-01-13 00:19:31','2022-01-13 00:19:31'),(747,'197810142005012006','MUJI LESTARI','','ST. MT. M.Sc',5,'Kasubag Penyusunan Program',1,'2022-01-13 00:19:31','2022-01-13 00:19:31'),(748,'197104022007011002','MUKHAMAD ALI .A','','SE',5,'Kasubag Perbendaharaan',44,'2022-01-13 00:19:31','2022-01-13 00:19:31'),(749,'196510301987032007','RUSTINI','','S.E',5,'Kasubag Perbendaharaan',43,'2022-01-13 00:19:31','2022-01-13 00:19:31'),(750,'196907291989031003','WACHYU FIRDAUS','','S.E',5,'Kasubag Perbendaharaan',42,'2022-01-13 00:19:31','2022-01-13 00:19:31'),(751,'196911081994031005','R. AGUS SUKMAWIDJAJA','','',5,'Kasubag Perbendaharaan',48,'2022-01-13 00:19:31','2022-01-13 00:19:31'),(752,'197905142002121003','PATRIS ANGGARAYA','','S.H, MM',5,'Kasubag Perencanaan',1,'2022-01-13 00:19:31','2022-01-13 00:19:31'),(753,'197109121998032004','NAJIROH SJOFIATUN','','S.Si, M.Si',5,'Kasubag Perencanaan dan Pengawasan Ekonomi Mikro Kecil',1,'2022-01-13 00:19:31','2022-01-13 00:19:31'),(754,'197412262002122008','DEASY HERAWATI','','S.E, M.Si',5,'Kasubag Perlengkapan',1,'2022-01-13 00:19:31','2022-01-13 00:19:31'),(755,'197311052008011003','RICKY SETIADI','','S.E, M.Si',5,'Kasubag Perlengkapan',47,'2022-01-13 00:19:31','2022-01-13 00:19:31'),(756,'197206302007011003','EDI KASMARA','','S.E, M.SI',5,'Kasubag Program dan dan Pelaporan',51,'2022-01-13 00:19:31','2022-01-13 00:19:31'),(757,'197206291996012001','JUANGSIH ARYANI','','S.IP, M.IP',5,'Kasubag Keuangan',70,'2022-01-13 00:19:31','2022-04-04 22:58:39'),(758,'196609091987031003','PANDE WAYAN SUKARYA','','S.Sos, MM',5,'Kasubag Program dan dan Pelaporan',63,'2022-01-13 00:19:31','2022-01-13 00:19:31'),(759,'197011162007011010','ROSID AHMAD','','S.AP',5,'Kasie Ketentraman dan Ketertiban Umum',41,'2022-01-13 00:19:31','2022-04-04 22:58:38'),(760,'196505152007011015','RUSLAN ABDUL GANI','','S.AP',6,'Sekretaris Kelurahan',21,'2022-01-13 00:19:31','2022-04-04 22:58:40'),(761,'197401212002121002','DEDI HIDAYAT','','S.IP',6,'Kasubag Program dan Keuangan',35,'2022-01-13 00:19:31','2022-01-13 00:19:31'),(762,'197306042002121003','IAN BACHTIAR','','S.IP',6,'Kasubag Program dan Keuangan',32,'2022-01-13 00:19:31','2022-01-13 00:19:31'),(763,'197501042002121005','YATNA PERMANA','','S.Hut, M.Si',6,'Kasubag Program dan Keuangan',39,'2022-01-13 00:19:31','2022-01-13 00:19:31'),(764,'197506042010011010','TOTOH FATAHILLAH NOOR','','S.Ag, MA',6,'Kasubag Program dan Keuangan',40,'2022-01-13 00:19:31','2022-01-13 00:19:31'),(765,'197707092010012001','SITI MAEMUNAH','','SE,M.A',6,'Kasubag Program dan Keuangan',8,'2022-01-13 00:19:31','2022-01-13 00:19:31'),(766,'197505072010012001','MEIGI HAERLIN','','S.E',6,'Kasubag Program dan Keuangan',33,'2022-01-13 00:19:31','2022-01-13 00:19:31'),(767,'197809122010011002','TOPIK HIDAYAT EFFENDY','','S.AP',6,'Kasubag Program dan Keuangan',20,'2022-01-13 00:19:31','2022-01-13 00:19:31'),(768,'197001282010012001','TEMY ROOSMAWARTI','','S.AP',6,'Kasubag Program dan Keuangan',12,'2022-01-13 00:19:31','2022-01-13 00:19:31'),(769,'198004052010011002','ACE MA`MUN','','S.Sos',6,'Kasubag Program dan Keuangan',5,'2022-01-13 00:19:31','2022-01-13 00:19:31'),(770,'197011052007011021','MAMAN SUHERMAN','','SE.I',6,'Kasubag Program dan Keuangan',7,'2022-01-13 00:19:31','2022-01-13 00:19:31'),(771,'197704192009011004','ADI PRAYUDI','','S.Sos.',6,'Kasubag Program dan Keuangan',28,'2022-01-13 00:19:31','2022-01-13 00:19:31'),(772,'198012092009011003','ANDRIANSYAH','','S.IP',6,'Kasubag Program dan Keuangan',9,'2022-01-13 00:19:31','2022-01-13 00:19:31'),(773,'197406252009011002','DENI SETIAWAN','','S.Sos',6,'Kasubag Program dan Keuangan',25,'2022-01-13 00:19:31','2022-01-13 00:19:31'),(774,'197506162009011004','DUDY SUPRIADI','','S.AP',6,'Kasubag Program dan Keuangan',21,'2022-01-13 00:19:31','2022-04-04 22:58:39'),(775,'197401132009011002','HERMAWAN','','S.E, M.Si',6,'Kasubag Program dan Keuangan',17,'2022-01-13 00:19:31','2022-01-13 00:19:31'),(776,'197108102009011001','JUDI ARIAWAN','','S.Sos, MA',6,'Kasubag Program dan Keuangan',23,'2022-01-13 00:19:31','2022-01-13 00:19:31'),(777,'197205012009011001','PERRY PERSUDI','','S.Pd, M.Si',6,'Kasubag Program dan Keuangan',41,'2022-01-13 00:19:31','2022-01-13 00:19:31'),(778,'197007272009011001','YUL CHAIDIR','','S.AP',5,'Kasie Ketentraman dan Ketertiban Umum',13,'2022-01-13 00:19:31','2022-04-04 22:58:38'),(779,'196509091996011001','SURYADI','','',5,'Kasie Ketentraman dan Ketertiban Umum',37,'2022-01-13 00:19:31','2022-04-04 22:58:38'),(780,'196812251991031004','MOCH. SURYANA','','S.K.M',5,'Kasie Pendidikan dan Kesehatan',26,'2022-01-13 00:19:31','2022-04-04 22:58:39'),(781,'197308101995032001','ATJIH DJUARSIH','','M.M',6,'Kasubag Program dan Keuangan',14,'2022-01-13 00:19:31','2022-01-13 00:19:31'),(782,'196702101986031002','GAOS JUANDA','','S.Pd',6,'Kasubag Program dan Keuangan',18,'2022-01-13 00:19:31','2022-01-13 00:19:31'),(783,'196706251985121001','MAHPUD SARIFUDIN','','',6,'Kasubag Program dan Keuangan',30,'2022-01-13 00:19:31','2022-01-13 00:19:31'),(784,'197506132010011004','TAJUDIN','','S.Sos',5,'Kasie Ketentraman dan Ketertiban Umum',3,'2022-01-13 00:19:31','2022-04-04 22:58:38'),(785,'198304092010011004','TONI SUTRISNA','','S.AP',6,'Kasubag Program dan Keuangan',15,'2022-01-13 00:19:31','2022-01-13 00:19:31'),(786,'197609102010011018','ERWIN SAEFUL ROMADIAN','','',6,'Kasubag Program dan Keuangan',34,'2022-01-13 00:19:31','2022-01-13 00:19:31'),(787,'198101042014051001','SISWANDI','','SKM',6,'Kasubag Program dan Keuangan',22,'2022-01-13 00:19:31','2022-01-13 00:19:31'),(788,'198001222014061002','RADEN ADI RAHMAT','','SKom',6,'Kasubag Program dan Keuangan',38,'2022-01-13 00:19:31','2022-01-13 00:19:31'),(789,'198908252015012001','ADE AYU PUTRIGATI','','S.Si M.M.',6,'Kasubag Program dan Keuangan',31,'2022-01-13 00:19:31','2022-01-13 00:19:31'),(790,'197809122008011002','MAD YASIN','','SAP',6,'Kasubag Program dan Keuangan',4,'2022-01-13 00:19:31','2022-01-13 00:19:31'),(791,'197606181997031002','MUJIYONO','','S.E, M.M',6,'Sekretaris Kelurahan',89,'2022-01-13 00:19:31','2022-04-04 22:58:40'),(792,'197906132009031002','ESEP HASAN BASRI','','S.Pd.I',6,'Kasubag Program dan Keuangan',27,'2022-01-13 00:19:31','2022-01-13 00:19:31'),(793,'196901232007011004','MADI','','S.AP',6,'Kasubag Program dan Keuangan',29,'2022-01-13 00:19:31','2022-01-13 00:19:31'),(794,'196610022007011006','AGUS KASIANTO','','S,AP, MA',6,'Kasubag Program dan Keuangan',10,'2022-01-13 00:19:31','2022-01-13 00:19:31'),(795,'197704102008011002','EVI TAUFIK HIDAYAT','','S.E',6,'Kasubag Program dan Keuangan',6,'2022-01-13 00:19:31','2022-01-13 00:19:31'),(796,'197001292008011002','ASEP BASUKI','','S.A.P.',6,'Kasubag Program dan Keuangan',19,'2022-01-13 00:19:31','2022-01-13 00:19:31'),(797,'197712202008011002','RICO WIBISONO','','S.E, M.A',6,'Kasubag Program dan Pelaporan',24,'2022-01-13 00:19:31','2022-01-13 00:19:31'),(798,'197412022007011006','RADEN ADE ZUWIRA RASIDINATA','','S.H, M.H',5,'Kasubag Program dan Pelaporan',56,'2022-01-13 00:19:31','2022-01-13 00:19:31'),(799,'196708042006042004','LELY ANDRIANI','','S.E',5,'Kasubag Program dan Pelaporan',65,'2022-01-13 00:19:31','2022-01-13 00:19:31'),(800,'198305052005011002','WAHIDUDIN','','A.Md.Ak',5,'Kasubag Program dan Pelaporan',68,'2022-01-13 00:19:31','2022-01-13 00:19:31'),(801,'197110162005011007','ASEP FADJAR','','S.Hut, MM',5,'Kasubag Program dan Pelaporan',52,'2022-01-13 00:19:31','2022-01-13 00:19:31'),(802,'197808172005011016','ROMADHONI SUPRAYOGI SUBEKTI','','S.ST.Par, M.Par',5,'Kasubag Program dan Pelaporan',61,'2022-01-13 00:19:31','2022-01-13 00:19:31'),(803,'197504142002122005','MIA SUKMIATI','','S.IP',5,'Kasubag Program dan Pelaporan',47,'2022-01-13 00:19:31','2022-01-13 00:19:31'),(804,'196707282006042005','SITI ROHMAH','','SH, MH',5,'Kasubag Program dan Pelaporan',54,'2022-01-13 00:19:31','2022-01-13 00:19:31'),(805,'197202022002121008','OPIK TAOPIKUROHMAN','','S.H',5,'Kasubag Program dan Pelaporan',73,'2022-01-13 00:19:31','2022-01-13 00:19:31'),(806,'198404012002121002','DIPA HILLMANTO','','S.H, MM',5,'Kasubag Program dan Pelaporan',45,'2022-01-13 00:19:31','2022-01-13 00:19:31'),(807,'197807172009022002','LIES YULIANTI','','S.E., M.Si',5,'Kasubag Program dan Pelaporan',57,'2022-01-13 00:19:31','2022-01-13 00:19:31'),(808,'198107262009021001','MOHAMAD NURJEN','','S.E,MM',5,'Kasubag Program dan Pelaporan',46,'2022-01-13 00:19:31','2022-01-13 00:19:31'),(809,'198507292010011001','SYEMI ROBBIYANTO','','S.H., M.H.',5,'Kasubag Program dan Pelaporan',59,'2022-01-13 00:19:31','2022-01-13 00:19:31'),(810,'198006092010011002','GANDALA SONJAYA','','S.Sos., M.Si',5,'Kasubag Program dan Pelaporan',76,'2022-01-13 00:19:31','2022-01-13 00:19:31'),(811,'198511052010012001','LAILA YASROH NOVIANA','','SE',6,'Kasubag Program dan Pelaporan',16,'2022-01-13 00:19:31','2022-01-13 00:19:31'),(812,'197301072009011001','HENDRA GUNAWAN','','S.P, MM',5,'Kasubag Program dan Pelaporan',74,'2022-01-13 00:19:31','2022-01-13 00:19:31'),(813,'198306032009021001','ANGGA HADIYUDA','','S.Sos., M.Si',5,'Kasubag Program dan Pelaporan',72,'2022-01-13 00:19:31','2022-01-13 00:19:31'),(814,'198110242002121002','BINSAR OKTO ARITONANG','','S.E',5,'Kasubag Program dan Pelaporan',67,'2022-01-13 00:19:31','2022-01-13 00:19:31'),(815,'197004272002121002','R. SUHARTONO','','S.P',5,'Kasubag Program dan Pelaporan',55,'2022-01-13 00:19:31','2022-01-13 00:19:31'),(816,'196810041993082001','MIA DARMIA','','S.Sos',5,'Kasubag Program dan Pelaporan',49,'2022-01-13 00:19:31','2022-01-13 00:19:31'),(817,'196809011994032005','NIA ARYANI RAHMANIAWATI','Dra','',5,'Kasubag Program dan Pelaporan',60,'2022-01-13 00:19:31','2022-01-13 00:19:31'),(818,'196903141992032004','DINI PRIYANTINI','','S.KM',5,'Kasubag Program dan Pelaporan',66,'2022-01-13 00:19:31','2022-01-13 00:19:31'),(819,'196403071990101001','DADI SUPRIADI','','SST',5,'Kasubag Program dan Pelaporan',57,'2022-01-13 00:19:31','2022-01-13 00:19:31'),(820,'196607311992022002','NINA YULIANTI SUKARDI','Dra','',5,'Kasubag Program dan Pelaporan',58,'2022-01-13 00:19:31','2022-01-13 00:19:31'),(821,'196803311992032004','YATI SUDARYATI','Dra','',5,'Kasubag Program dan Pelaporan',64,'2022-01-13 00:19:31','2022-01-13 00:19:31'),(822,'196504021987031013','HERMANTO','','SE.',5,'Kasubag Program dan Pelaporan',71,'2022-01-13 00:19:31','2022-01-13 00:19:31'),(823,'196901061992031004','FIRDAUS NURROHIM','','S.E, M.M',5,'Kasie Logistik',62,'2022-01-13 00:19:31','2022-04-04 22:58:38'),(824,'197609241999031006','JOKO HANDRIANTO','','SE, MSi',5,'Kasubag Program dan Pelaporan',50,'2022-01-13 00:19:31','2022-01-13 00:19:31'),(825,'196906011992031004','KIYAT MUJIYONO','','SAP',5,'Kasubag Program dan Pelaporan',75,'2022-01-13 00:19:31','2022-01-13 00:19:31'),(826,'197407302010012001','YULIANA IDRUS','','S.TP, M.Si',5,'Kasubag Program dan Pelaporan',69,'2022-01-13 00:19:31','2022-01-13 00:19:31'),(827,'197209192002121004','NUR INDRAWAN','','A.Md',5,'Kasubag Protokol',1,'2022-01-13 00:19:31','2022-01-13 00:19:31'),(828,'198007232009012009','MINDA RATNAWULAN','','S.Kom',5,'Kasubag Rekam Medik',43,'2022-01-13 00:19:31','2022-01-13 00:19:31'),(829,'197210231994031005','ENDANG BAMBANG SOMANTRI','','SKM',5,'Kasubag Rekam Medik',44,'2022-01-13 00:19:31','2022-01-13 00:19:31'),(830,'197510102006042024','DEWI ATIKAH','Ns.','S.Kep, MARS',5,'Kasubag Rekam Medik',42,'2022-01-13 00:19:31','2022-01-13 00:19:31'),(831,'198410202010012030','OCTANOVA NAPITUPULU','dr','',5,'Kasubag Rekam Medik',48,'2022-01-13 00:19:31','2022-01-13 00:19:31'),(832,'198802172011011002','DADAN NURDIANSYAH','','S.IP, MA',5,'Kasubag Rumah Tangga',1,'2022-01-13 00:19:31','2022-01-13 00:19:31'),(833,'196606062002121008','ASEP YAYAN HENDAYANA','Ir','M.M',5,'Kasubag Sumber Daya Alam Energi dan Air',1,'2022-01-13 00:19:31','2022-01-13 00:19:31'),(834,'197110082006041012','BAMBANG SUJANA','','S.E, M.Si',5,'Kasubag Sumber Daya Alam Pertambangan dan Lingkungan Hidup',1,'2022-01-13 00:19:31','2022-01-13 00:19:31'),(835,'197909022008012011','FILTRA SEFTARIA','','S.TP.,M.M',5,'Kasubag Sumber Daya Alam Pertanian, Kehutanan, Kelautan dan Perikanan',1,'2022-01-13 00:19:31','2022-01-13 00:19:31'),(836,'197504242008011005','AJENG MUHAMMAD SYAHRUDDIN HALIM','','SE',6,'Kasubag Tata Usaha',45,'2022-01-13 00:19:31','2022-01-13 00:19:31'),(837,'197902022008012009','YENI SURYANI','','S.S.T',6,'Kasubag Tata Usaha',64,'2022-01-13 00:19:31','2022-03-03 23:56:07'),(838,'196505032008012002','LENI WIJAYA','','S.E',6,'Kasubag Tata Usaha',60,'2022-01-13 00:19:31','2022-01-13 00:19:31'),(839,'197604012008011002','SUDARMAN','','S.E',6,'Kasubag Tata Usaha',50,'2022-01-13 00:19:31','2022-01-13 00:19:31'),(840,'198103032008011004','ACHMAD MAULANA','','S.E.',6,'Kasubag Tata Usaha',60,'2022-01-13 00:19:31','2022-01-13 00:19:31'),(841,'196906122000032008','WAHJUNI','','S.Hut, M.Si',6,'Kasubag Tata Usaha',55,'2022-01-13 00:19:31','2022-01-13 00:19:31'),(842,'196705251992031005','MEYERD H HARIMU','','',6,'Kasubag Tata Usaha',55,'2022-01-13 00:19:31','2022-01-13 00:19:31'),(843,'197004122007011007','ARIEF BUDIMAN','','S.Sos',6,'Kasubag Tata Usaha',60,'2022-01-13 00:19:31','2022-01-13 00:19:31'),(844,'196701292007011005','EMING SUTISNA','','SSos, M.M',6,'Kasubag Tata Usaha',74,'2022-01-13 00:19:31','2022-01-13 00:19:31'),(845,'196801212007011007','HENDRA EDI','','S.Sos., M.Si',6,'Kasubag Tata Usaha',69,'2022-01-13 00:19:31','2022-01-13 00:19:31'),(846,'197004182007011007','ARRIES MUNANDAR','','S.Sos.',6,'Kasubag Tata Usaha',69,'2022-01-13 00:19:31','2022-01-13 00:19:31'),(847,'197404182007012003','IKA ATIKAH','','S.Sos.,MM',6,'Kasubag Tata Usaha',64,'2022-01-13 00:19:31','2022-01-13 00:19:31'),(848,'197407052007011018','HENDRA YATNA','','S.H, M.Si',6,'Kasubag Tata Usaha',69,'2022-01-13 00:19:31','2022-01-13 00:19:31'),(849,'197711292008012006','IDA FARIDA','','S.Sos',6,'Sekretaris Kelurahan',87,'2022-01-13 00:19:31','2022-04-04 22:58:40'),(850,'197203042008011002','UDIN SAMSUDIN','','SE',6,'Kasubag Tata Usaha',59,'2022-01-13 00:19:31','2022-01-13 00:19:31'),(851,'198104212006041010','YUDHI RAHMAWAN','','S.TP, M.P',6,'Kasubag Tata Usaha',59,'2022-01-13 00:19:31','2022-01-13 00:19:31'),(852,'198311032006042005','EVA YUSNIAWATI','','S.E',6,'Kasubag Tata Usaha',74,'2022-01-13 00:19:31','2022-01-13 00:19:31'),(853,'197007202006041004','ISAK BERUATWARIN','','SSos.',6,'Kasubag Tata Usaha',68,'2022-01-13 00:19:31','2022-01-13 00:19:31'),(854,'197007062007011004','BADRI SALAM','','S.E., M.Si',6,'Kasubag Tata Usaha',59,'2022-01-13 00:19:31','2022-01-13 00:19:31'),(855,'197308202007011008','SUPRIATNA','','SE',6,'Kasubag Tata Usaha',59,'2022-01-13 00:19:31','2022-01-13 00:19:31'),(856,'197206082007011008','IRWAN SETIAWAN','','SE',6,'Kasubag Tata Usaha',59,'2022-01-13 00:19:31','2022-01-13 00:19:31'),(857,'197409102007011003','NANDANG SUTISNA','','S.E',6,'Kasubag Tata Usaha',74,'2022-01-13 00:19:31','2022-01-13 00:19:31'),(858,'197104142007011002','LUTFIE APRIATNA','','S.E, MM',6,'Kasubag Tata Usaha',74,'2022-01-13 00:19:31','2022-01-13 00:19:31'),(859,'197005242007011008','KUSNADI','','S.Sos',6,'Kasubag Tata Usaha',64,'2022-01-13 00:19:31','2022-01-13 00:19:31'),(860,'196601072007011005','M. ROHMAT','','SSos, M.Si',6,'Kasubag Tata Usaha',59,'2022-01-13 00:19:31','2022-01-13 00:19:31'),(861,'197710122002122003','RINA HERLINA OCTAVIA','','S.H',6,'Kasubag Tata Usaha',50,'2022-01-13 00:19:31','2022-01-13 00:19:31'),(862,'197409042002122009','TUTI TIRWANINGSIH','','S.H, M.H',6,'Kasubag Tata Usaha',59,'2022-01-13 00:19:31','2022-01-13 00:19:31'),(863,'197012292003122002','TJITJEU FARIDA','','S.P',6,'Kasubag Tata Usaha',55,'2022-01-13 00:19:31','2022-01-13 00:19:31'),(864,'197404252005012005','DIAH SULISTIYONING RAHAYU','','S.Hut, MT',5,'Kepala UPT',174,'2022-01-13 00:19:31','2022-04-04 22:58:40'),(865,'197305082005011004','ARIF UMARLATIF','','S.Pi',6,'Kasubag Tata Usaha',65,'2022-01-13 00:19:31','2022-01-13 00:19:31'),(866,'197111162005012004','MUSLIMAH UMMY NASTITI','','S. TP, M.Si',6,'Kasubag Tata Usaha',55,'2022-01-13 00:19:31','2022-01-13 00:19:31'),(867,'198004222006042008','TITIK HERAWATI','drh','',6,'Kasubag Tata Usaha',65,'2022-01-13 00:19:31','2022-01-13 00:19:31'),(868,'197702032006041002','MUHAMAD ANIS ARDI','drh','',6,'Kasubag Tata Usaha',65,'2022-01-13 00:19:31','2022-01-13 00:19:31'),(869,'197906112006041006','KURNIA AGUS PURNOMO','drh','',6,'Kasubag Tata Usaha',65,'2022-01-13 00:19:31','2022-01-13 00:19:31'),(870,'196805261998031002','SUMARTONO','','S.E',6,'Kasubag Tata Usaha',59,'2022-01-13 00:19:31','2022-01-13 00:19:31'),(871,'197609172002122006','IRMA FIRDAWATI','','S.E, MM',6,'Kasubag Tata Usaha',69,'2022-01-13 00:19:31','2022-01-13 00:19:31'),(872,'197909122002121002','DONNY SETIAWAN','','S.E',6,'Kasubag Tata Usaha',55,'2022-01-13 00:19:31','2022-01-13 00:19:31'),(873,'197411212002121003','RADEN NOVAN GINANJAR','','A.Pi',6,'Kasubag Tata Usaha',65,'2022-01-13 00:19:31','2022-01-13 00:19:31'),(874,'196402241986031010','TEJA SUKMANA','','',6,'Kasubag Tata Usaha',74,'2022-01-13 00:19:31','2022-01-13 00:19:31'),(875,'196406161987031012','AMIN','','',6,'Kasubag Tata Usaha',59,'2022-01-13 00:19:31','2022-01-13 00:19:31'),(876,'196808281993101001','EDDI SUHENDI','','',6,'Kasubag Tata Usaha',59,'2022-01-13 00:19:31','2022-01-13 00:19:31'),(877,'196701101994031009','SUPARDI','','S.E',6,'Kasubag Tata Usaha',55,'2022-01-13 00:19:31','2022-01-13 00:19:31'),(878,'196612131997031001','SUNARIP','','S.Sos',6,'Kasubag Tata Usaha',59,'2022-01-13 00:19:31','2022-01-13 00:19:31'),(879,'197105311998031004','ODING MULYADI','','S.Sos',6,'Kasubag Tata Usaha',50,'2022-01-13 00:19:31','2022-01-13 00:19:31'),(880,'196802121993122002','LINA BERLIANA','','SKM',6,'Kasie Pemberdayaan dan Kesejahteraan Masyarakat',82,'2022-01-13 00:19:31','2022-04-04 22:58:38'),(881,'196708101990032009','ETTI SURYA','','SE',6,'Kasubag Tata Usaha',59,'2022-01-13 00:19:31','2022-01-13 00:19:31'),(882,'197203282006042003','LIA AMILIA','drh','',6,'Kasubag Tata Usaha',65,'2022-01-13 00:19:31','2022-01-13 00:19:31'),(883,'196911101996031002','MARTEN HERIYANSYAH','','',6,'Kasubag Tata Usaha',50,'2022-01-13 00:19:31','2022-01-13 00:19:31'),(884,'196501151987102002','RISKA MARINI','','SKM',6,'Kasubag Tata Usaha',66,'2022-01-13 00:19:31','2022-01-13 00:19:31'),(885,'196609231991032005','RENI KURNIATI','','S.M.',6,'Kasubag Tata Usaha',45,'2022-01-13 00:19:31','2022-01-13 00:19:31'),(886,'197609011995032001','ROHAYATI','','S.E, MM',6,'Kasubag Tata Usaha',45,'2022-01-13 00:19:31','2022-01-13 00:19:31'),(887,'197907021998032001','RUSMALA DEWI','','S.Sos',6,'Kasubag Tata Usaha',45,'2022-01-13 00:19:31','2022-01-13 00:19:31'),(888,'196407151987111001','ADENAN SUPADA','','',6,'Kasubag Tata Usaha',65,'2022-01-13 00:19:31','2022-01-13 00:19:31'),(889,'196707111991031006','SUYADI','','',6,'Kasubag Tata Usaha',55,'2022-01-13 00:19:31','2022-01-13 00:19:31'),(890,'196401081992032006','TUTI RUSYANTI','','',6,'Kasubag Tata Usaha',65,'2022-01-13 00:19:31','2022-01-13 00:19:31'),(891,'197109211995031001','HASMI SYARIF','','S.E',6,'Kasubag Tata Usaha',55,'2022-01-13 00:19:31','2022-01-13 00:19:31'),(892,'196906162010011001','GUNARDI CATUR WIJAYA','','S.H',6,'Kasubag Tata Usaha',69,'2022-01-13 00:19:31','2022-01-13 00:19:31'),(893,'198205032010011002','ARDIAN HENDRASWARA','','S.E',6,'Kasubag Tata Usaha',69,'2022-01-13 00:19:31','2022-01-13 00:19:31'),(894,'197505192010011001','ERWIN IBRAHIM','','S.H',6,'Kasubag Tata Usaha',45,'2022-01-13 00:19:31','2022-01-13 00:19:31'),(895,'197901052010012010','DEWI RATNA JUWITA','','S.HUT',6,'Kasubag Tata Usaha',55,'2022-01-13 00:19:31','2022-01-13 00:19:31'),(896,'197706161999031003','MARYONO','','S.AP',6,'Kasubag Tata Usaha',56,'2022-01-13 00:19:31','2022-01-13 00:19:31'),(897,'197110272009031001','AHMAD ZUHDI','','S.Sos, M.AP.',6,'Kasubag Tata Usaha',71,'2022-01-13 00:19:31','2022-01-13 00:19:31'),(898,'198402062011012002','NURHAYATI','','S.E',6,'Kasubag Tata Usaha',64,'2022-01-13 00:19:31','2022-01-13 00:19:31'),(899,'198003182011011001','YUDDY DASUKI PRATAMA','','S.T',6,'Kasubag Tata Usaha',59,'2022-01-13 00:19:31','2022-01-13 00:19:31'),(900,'197501032009012001','JAMILAH','','S.T.',6,'Kasubag Tata Usaha',59,'2022-01-13 00:19:31','2022-01-13 00:19:31'),(901,'198107122009021001','ADE MUHAMMAD SA`BAN','','S.I.Pust',6,'Kasubag Tata Usaha',59,'2022-01-13 00:19:31','2022-01-13 00:19:31'),(902,'198404252008121002','ASEP FITTRA IRAWAN','','S.Si., M.Si',6,'Kasubag Tata Usaha',55,'2022-01-13 00:19:31','2022-01-13 00:19:31'),(903,'199212262014061001','SURYA AHMAD MAULANI','','S.STP',5,'Kasubag Tata Usaha',47,'2022-01-13 00:19:31','2022-01-13 00:19:31'),(904,'197606222009022003','RINRIN WAHYUNI','','S.P',6,'Kasubag Tata Usaha',54,'2022-01-13 00:19:31','2022-01-13 00:19:31'),(905,'198109192010012005','TINA NURFATMA','','S.T, M.M',4,'Kasubag Tata Usaha',69,'2022-01-13 00:19:31','2022-01-13 00:19:31'),(906,'197512052010012001','SRI RAHAYU','','S.E., M.M.',6,'Kasubag Tata Usaha',59,'2022-01-13 00:19:31','2022-01-13 00:19:31'),(907,'197903062010011002','DEDDY SAFRIANDI','','S.E',6,'Kasubag Tata Usaha',50,'2022-01-13 00:19:31','2022-01-13 00:19:31'),(908,'197607062010011001','SAIRAN','','S.E',6,'Kasubag Tata Usaha',68,'2022-01-13 00:19:31','2022-01-13 00:19:31'),(909,'198008182010012001','SINTA AGUSTINA','','S.E, M.M',6,'Kasubag Tata Usaha',69,'2022-01-13 00:19:31','2022-01-13 00:19:31'),(910,'198203192010011008','M. TOIF HIDAYATULLAH','drh','',6,'Kasubag Tata Usaha',65,'2022-01-13 00:19:31','2022-01-13 00:19:31'),(911,'197212122009011006','AMIN','','S.Pt',6,'Kasubag Tata Usaha',65,'2022-01-13 00:19:31','2022-01-13 00:19:31'),(912,'198104092009011005','AUNOR ZULKARNAEN AROFAH','','S.Sos, M.M',6,'Kasubag Tata Usaha',69,'2022-01-13 00:19:31','2022-01-13 00:19:31'),(913,'196807102009011001','HERI ANSORI','','S.IP',6,'Kasubag Tata Usaha',59,'2022-01-13 00:19:31','2022-01-13 00:19:31'),(914,'196912272009011002','ISKANDAR SAPUTRA','','S.Pt, MM',6,'Kasubag Tata Usaha',65,'2022-01-13 00:19:31','2022-01-13 00:19:31'),(915,'197112222009011001','KAMALUDIN','','SE, M.H',6,'Kasubag Tata Usaha',74,'2022-01-13 00:19:31','2022-01-13 00:19:31'),(916,'197012312009011016','KURDI','','S.E',6,'Kasubag Tata Usaha',45,'2022-01-13 00:19:31','2022-01-13 00:19:31'),(917,'197612132009011002','MAHMUD FAUZI','','S.Pdi',6,'Kasubag Tata Usaha',45,'2022-01-13 00:19:31','2022-01-13 00:19:31'),(918,'197005042009011003','MAMAN','','S.Sos',6,'Kasubag Tata Usaha',74,'2022-01-13 00:19:31','2022-01-13 00:19:31'),(919,'197009092009011002','MAMAT ROHMAT','','S.P',6,'Kasubag Tata Usaha',55,'2022-01-13 00:19:31','2022-01-13 00:19:31'),(920,'197112202009012001','NENG DEDAH JUBAEDAH SYAHADATIAH','','S.AP',6,'Kasubag Tata Usaha',64,'2022-01-13 00:19:31','2022-01-13 00:19:31'),(921,'197103042009011005','RUSTAMI','','S.H',6,'Kasubag Tata Usaha',69,'2022-01-13 00:19:31','2022-01-13 00:19:31'),(922,'197909192009011004','TATA','','S.Hut, MM',6,'Kasubag Tata Usaha',55,'2022-01-13 00:19:31','2022-01-13 00:19:31'),(923,'197603022009011003','YUSUP','','S.E, M.A',6,'Kasubag Tata Usaha',60,'2022-01-13 00:19:31','2022-01-13 00:19:31'),(924,'196811172007012009','MASRUROH','','S.E',5,'Kasubag Tata Usaha Pimpinan, Staf Ahli dan Kepegawaian',1,'2022-01-13 00:19:31','2022-01-13 00:19:31'),(925,'196411211987031005','HERI JUHAERI','','',5,'Kasubag Umum',43,'2022-01-13 00:19:31','2022-01-13 00:19:31'),(926,'196907091991031006','MURITA','','S.Kep',5,'Kasubag Umum',42,'2022-01-13 00:19:31','2022-01-13 00:19:31'),(927,'196805051993021001','MUHTAR LINTANG KOMARUL HADI','','SKM, M.Kes',5,'Kasubag Umum',44,'2022-01-13 00:19:31','2022-01-13 00:19:31'),(928,'197508102007012018','IRMAYANTI','','S.Sos',5,'Kasubag Umum',48,'2022-01-13 00:19:31','2022-01-13 00:19:31'),(929,'198008072009011003','WAHYUDIN','','S.AP., M.A',6,'Kasubag Umum dan Kepegawaian',36,'2022-01-13 00:19:31','2022-01-13 00:19:31'),(930,'197003241992031003','DEDE SUJONO','','S. Sos.',5,'Kasie Pemberdayaan Masyarakat',18,'2022-01-13 00:19:31','2022-04-04 22:58:38'),(931,'196808081993032016','MILA RESMILAWATY','Dra','M.M',5,'Kasubag Umum dan Kepegawaian',61,'2022-01-13 00:19:31','2022-01-13 00:19:31'),(932,'196507041992031011','NANANG BARNAS','Drs','M.M',5,'Kasubag Umum dan Kepegawaian',64,'2022-01-13 00:19:31','2022-01-13 00:19:31'),(933,'197611092000121001','ASEP ANWAR','','S.IP',5,'Kasie Pemerintahan',13,'2022-01-13 00:19:31','2022-04-04 22:58:39'),(934,'197008121993032008','SRI NURHAYATI','','S.Sos, MM',5,'Kasubag Umum dan Kepegawaian',58,'2022-01-13 00:19:31','2022-01-13 00:19:31'),(935,'197611261999032001','MARJINAH','','SE',6,'Kasubag Umum dan Kepegawaian',31,'2022-01-13 00:19:31','2022-01-13 00:19:31'),(936,'197005161991032004','MEIKE HERAWATI','','S.E',5,'Kasubag Umum dan Kepegawaian',70,'2022-01-13 00:19:31','2022-01-13 00:19:31'),(937,'197004042010011005','ARI SUSIANTO','','S.ip',6,'Kasubag Umum dan Kepegawaian',29,'2022-01-13 00:19:31','2022-01-13 00:19:31'),(938,'197512032010011003','A. ISAN SUHERMAN','','S.AP',6,'Kasubag Umum dan Kepegawaian',5,'2022-01-13 00:19:31','2022-01-13 00:19:31'),(939,'198505222009012003','SYOVIATUL YADAINI','','SKep,NERS, MARS',5,'Kasubag Umum dan Kepegawaian',66,'2022-01-13 00:19:31','2022-01-13 00:19:31'),(940,'197905102011011001','JAJA SUJAI','','S.Pd.I',5,'Kasubag Umum dan Kepegawaian',68,'2022-01-13 00:19:31','2022-01-13 00:19:31'),(941,'198511122012112001','FRITAMIA SARASWATI','','S.P',5,'Kasubag Umum dan Kepegawaian',55,'2022-01-13 00:19:31','2022-01-13 00:19:31'),(942,'196906082014051001','UJANG MAULANA','','S.Sos',5,'Kasie Pemerintahan',6,'2022-01-13 00:19:31','2022-04-04 22:58:39'),(943,'196809301989032004','MIN SOEHARMINI','','S.Sos, M.Si',5,'Kasubag Umum dan Kepegawaian',53,'2022-01-13 00:19:31','2022-04-04 22:58:39'),(944,'198409282009022001','IKA SORAYA','','M.Psi, Psikolog',5,'Kasubag Umum dan Kepegawaian',75,'2022-01-13 00:19:31','2022-01-13 00:19:31'),(945,'198506192009022001','POPPI ALMIRA','','S.H, M.H',6,'Kasubag Umum dan Kepegawaian',4,'2022-01-13 00:19:31','2022-01-13 00:19:31'),(946,'197303022009061001','PEPENG SUPENDI, S.AP.','','S.A.P',5,'Kasubag Umum dan Kepegawaian',12,'2022-01-13 00:19:31','2022-01-13 00:19:31'),(947,'197504072009061001','ANTONY SUBRATA','','S.IP',6,'Kasubag Umum dan Kepegawaian',30,'2022-01-13 00:19:31','2022-01-13 00:19:31'),(948,'197201152009061001','SUPIYAN','','',6,'Kasubag Umum dan Kepegawaian',22,'2022-01-13 00:19:31','2022-01-13 00:19:31'),(949,'197410032010011001','HAER ALAMSYAH','','S.Sos',6,'Kasubag Umum dan Kepegawaian',10,'2022-01-13 00:19:31','2022-01-13 00:19:31'),(950,'197901312010011009','ARIE YANUAR','','S.Sos',5,'Kasubag Umum dan Kepegawaian',62,'2022-01-13 00:19:31','2022-01-13 00:19:31'),(951,'197804132010012002','SURYANIH','','S.Ag, MA',6,'Kasubag Umum dan Kepegawaian',24,'2022-01-13 00:19:31','2022-01-13 00:19:31'),(952,'197006162010011001','HAMID','','S.AP',6,'Kasubag Umum dan Kepegawaian',23,'2022-01-13 00:19:31','2022-01-13 00:19:31'),(953,'198004162009011003','ASEP HAMZAH','','S.E., M.M.',6,'Kasubag Umum dan Kepegawaian',19,'2022-01-13 00:19:31','2022-01-13 00:19:31'),(954,'197605142009012002','DEWI ADVENT NURLINAWATI','','S.E., M.Si',6,'Kasubag Umum dan Kepegawaian',21,'2022-01-13 00:19:31','2022-01-13 00:19:31'),(955,'197810122009012003','LUSIANA OKTAVIANA','','S.E',6,'Kasubag Umum dan Kepegawaian',6,'2022-01-13 00:19:31','2022-01-13 00:19:31'),(956,'197403232009012002','SRI RAHAYU','','S.I.Kom',6,'Kasubag Umum dan Kepegawaian',28,'2022-01-13 00:19:31','2022-01-13 00:19:31'),(957,'197309062009012001','SRIANSIH','','S.E',5,'Kasie Pemerintahan',26,'2022-01-13 00:19:31','2022-04-04 22:58:39'),(958,'196906092008011002','ENANG SOLIHIN','','S.E',6,'Kasubag Umum dan Kepegawaian',8,'2022-01-13 00:19:31','2022-01-13 00:19:31'),(959,'197706272008011003','KHOERUDDIN','','S.E',6,'Kasubag Umum dan Kepegawaian',37,'2022-01-13 00:19:31','2022-01-13 00:19:31'),(960,'196812181992032006','PRIHATININGSIH','','SE, M.Si',5,'Kasubag Umum dan Kepegawaian',59,'2022-01-13 00:19:31','2022-01-13 00:19:31'),(961,'197702101997031003','SISWADI','','S.Sos., M.M',5,'Kasubag Umum dan Kepegawaian',73,'2022-01-13 00:19:31','2022-01-13 00:19:31'),(962,'196809022007012008','SARI HAFNAH','','S.Sos',6,'Kasubag Umum dan Kepegawaian',16,'2022-01-13 00:19:31','2022-01-13 00:19:31'),(963,'196810022007011003','MOMO','','S.E',6,'Kasubag Umum dan Kepegawaian',32,'2022-01-13 00:19:31','2022-04-04 22:58:39'),(964,'197101122007011004','DEN RACHMAT TAVIP','','S.Sos, M.Si',6,'Kasubag Umum dan Kepegawaian',7,'2022-01-13 00:19:31','2022-01-13 00:19:31'),(965,'196708072007011016','AGUS SUKIWAN','','S.Sos',6,'Kasubag Umum dan Kepegawaian',15,'2022-01-13 00:19:31','2022-01-13 00:19:31'),(966,'197207072007011013','LILIK SULISTIYO','','S.E',5,'Kasubag Umum dan Kepegawaian',63,'2022-01-13 00:19:31','2022-01-13 00:19:31'),(967,'196912202007011007','ASEP ZAENI FIDA MULYAWAN','','S.E',5,'Kasubag Umum dan Kepegawaian',49,'2022-01-13 00:19:31','2022-01-13 00:19:31'),(968,'197102092007012002','WIWIN WINTARSIH','','S.Sos, MM',5,'Kasubag Umum dan Kepegawaian',46,'2022-01-13 00:19:31','2022-01-13 00:19:31'),(969,'197008132007011008','YAHYA','','SE,M.M',6,'Kasubag Umum dan Kepegawaian',14,'2022-01-13 00:19:31','2022-01-13 00:19:31'),(970,'196704062008012004','ERNA SURYANI','','SH',6,'Kasubag Umum dan Kepegawaian',38,'2022-01-13 00:19:31','2022-01-13 00:19:31'),(971,'197804132008011003','JALU WIJAYA','','S.E, M.M.',5,'Kasubag Umum dan Kepegawaian',65,'2022-01-13 00:19:31','2022-01-13 00:19:31'),(972,'197803082008011003','DEWA BACHTIAR RIFAI','','S.E,M.M',5,'Kasie Pemerintahan',20,'2022-01-13 00:19:31','2022-04-04 22:58:39'),(973,'197704292008011005','HERI KUSHAERI','','A.Md',6,'Kasubag Umum dan Kepegawaian',39,'2022-01-13 00:19:31','2022-01-13 00:19:31'),(974,'196408232006041002','HENDARMAN IWA KONCARA','','S.E, M.M',5,'Kepala UPT',175,'2022-01-13 00:19:31','2022-04-04 22:58:40'),(975,'196707292007011009','SUKAMTO','','S. AP',6,'Kasubag Umum dan Kepegawaian',2,'2022-01-13 00:19:31','2022-01-13 00:19:31'),(976,'197203172007011004','YUDI NURFIUDIN','','S.Sos',5,'Kasie Pendidikan dan Kesehatan',5,'2022-01-13 00:19:31','2022-04-04 22:58:39'),(977,'196708102007011010','RONIYADI','','S.Sos, M.M',6,'Kasubag Umum dan Kepegawaian',11,'2022-01-13 00:19:31','2022-01-13 00:19:31'),(978,'197504052002121007','DEDE SUGIHADIRJA','','S.E, MMSI',5,'Kasubag Umum dan Kepegawaian',50,'2022-01-13 00:19:31','2022-01-13 00:19:31'),(979,'197607262002122008','SINTA YULIANTI','','S.IP, M.Si',5,'Kasubag Umum dan Kepegawaian',54,'2022-01-13 00:19:31','2022-01-13 00:19:31'),(980,'196703132002122002','YEYET RAHMAYATI','Dra','M.Si',5,'Kasie Peserta didik dan Pembangunan Karakter',73,'2022-01-13 00:19:31','2022-04-04 22:58:39'),(981,'197008232005011005','SUPRIADI','','S.Pt',6,'Kasubag Umum dan Kepegawaian',40,'2022-01-13 00:19:31','2022-01-13 00:19:31'),(982,'197603191999012001','MAULINA','','S.E, M.Si',6,'Kasubag Umum dan Kepegawaian',25,'2022-01-13 00:19:31','2022-01-13 00:19:31'),(983,'197706232002122003','MELA HIKMAWIANTI','','S.T, MM',5,'Kasubag Umum dan Kepegawaian',74,'2022-01-13 00:19:32','2022-01-13 00:19:32'),(984,'196812122002121007','SUGANDI','','S.E',6,'Kasubag Umum dan Kepegawaian',27,'2022-01-13 00:19:32','2022-01-13 00:19:32'),(985,'197505262002121007','TATA HAIDAR RIZA','','S.P, M.Si',5,'Kasubag Umum dan Kepegawaian',67,'2022-01-13 00:19:32','2022-01-13 00:19:32'),(986,'196407181987031005','HENHEN SUHENDAR','','S.Sos, MM',5,'Kasubag Umum dan Kepegawaian',52,'2022-01-13 00:19:32','2022-01-13 00:19:32'),(987,'196504161989031017','MUHIDIN','','S.IA',5,'Kasubag Umum dan Kepegawaian',71,'2022-01-13 00:19:32','2022-01-13 00:19:32'),(988,'196506081994032005','SRI KUSWANTI','','M.Si',5,'Kasubag Umum dan Kepegawaian',51,'2022-01-13 00:19:32','2022-01-13 00:19:32'),(989,'196903281995031003','IWAN SETIAWAN','','S.IP, M.IP',6,'Kasubag Umum dan Kepegawaian',35,'2022-01-13 00:19:32','2022-01-13 00:19:32'),(990,'196605021996011001','JUNAEDI','','',6,'Kasubag Umum dan Kepegawaian',41,'2022-01-13 00:19:32','2022-01-13 00:19:32'),(991,'196411061996031002','RUDI RAHARJA','','S.E, MM',5,'Kasubag Umum dan Kepegawaian',76,'2022-01-13 00:19:32','2022-01-13 00:19:32'),(992,'196604151998031003','YAT JATNIKA','Drs','MA',5,'Kasubag Umum dan Kepegawaian',57,'2022-01-13 00:19:32','2022-04-04 22:58:39'),(993,'197201151998031002','DIDA SOFYAN','','S.Sos, M.Si',5,'Kasubag Umum dan Kepegawaian',56,'2022-01-13 00:19:32','2022-01-13 00:19:32'),(994,'196508142007011015','HAMBALI','','S.Sos',6,'Kasubag Umum dan Kepegawiaan',3,'2022-01-13 00:19:32','2022-01-13 00:19:32'),(995,'197707102008011008','DADI SURYADI','','S.E',6,'Kasubag Umum dan Kepegawiaan',18,'2022-01-13 00:19:32','2022-01-13 00:19:32'),(996,'197602281996032001','FAJAR WIJAYANTI','','S.E',5,'Kasubag Verifikasi dan Pelaporan',42,'2022-01-13 00:19:32','2022-01-13 00:19:32'),(997,'196403201985021001','DADANG SUDRAJAT','','S.E',5,'Kasubag Verifikasi dan Pelaporan',48,'2022-01-13 00:19:32','2022-01-13 00:19:32'),(998,'196706031989031006','APE HARJANI','','SE',5,'Kasubag Verifikasi dan Pelaporan',44,'2022-01-13 00:19:32','2022-01-13 00:19:32'),(999,'197205301996031001','BAMBANG EDI SANTOSO','NS','S.Kep',5,'Kasubag Verifikasi dan Pelaporan',43,'2022-01-13 00:19:32','2022-01-13 00:19:32'),(1000,'197410071999012001','YENNI NARYANI','','S.E',5,'Kasubid Akuntansi',49,'2022-01-13 00:19:32','2022-01-13 00:19:32'),(1001,'197703042010012001','AI MUKHTAROMAH','','S.Ag',5,'Kasubid Analisa Kebijakan Anggaran',49,'2022-01-13 00:19:32','2022-01-13 00:19:32'),(1002,'198206192006042009','WULAN PURNAMA SARI','','S.E.',5,'Kasubid Anggaran Belanja',49,'2022-01-13 00:19:32','2022-01-13 00:19:32'),(1003,'197110012002121006','FIRMAN FIRDAUS','','S.E, M.Si',5,'Kasubid Anggaran PPKD',49,'2022-01-13 00:19:32','2022-01-13 00:19:32'),(1004,'196702051987091001','DENI HERMAWAN','Drs','M.Si.',5,'Kasubid Bela Negara dan Karakter Bangsa',57,'2022-01-13 00:19:32','2022-01-13 00:19:32'),(1005,'197406172002121003','ARIF RACHMAN SUHANDI','','S.IP, MM.',5,'Kasubid Data dan Informasi',58,'2022-01-13 00:19:32','2022-01-13 00:19:32'),(1006,'197707172002121007','CECEP AHMAD SYAKIR ','','S.Si',5,'Kasubid Data, Informasi dan Fasilitasi Profesi Aparatur Sipil Negara',75,'2022-01-13 00:19:32','2022-01-13 00:19:32'),(1007,'198312022010011007','MUHAMAD ZULFIKAR','','S.Kom',5,'Kasubid Disiplin dan Penghargaan',75,'2022-01-13 00:19:32','2022-01-13 00:19:32'),(1008,'197309101996032002','PARLUPI INDRAYANI','','S.ET',5,'Kasubid Ekonomi dan Pembangunan',58,'2022-01-13 00:19:32','2022-01-13 00:19:32'),(1009,'196801222002122003','DIAN MILA PERTIWI','','S.H., M.H',4,'Kasubid Evaluasi dan Pengawasan Pendapatan Daerah',69,'2022-01-13 00:19:32','2022-01-13 00:19:32'),(1010,'197204232007011005','ASEP HIKMAT','','S.Sos',5,'Kasubid Fasilitasi Kelembagaan Pemerintahan, Perwakilan dan Partai Politik',57,'2022-01-13 00:19:32','2022-01-13 00:19:32'),(1011,'197509182002121002','TAUFIK HIDAYAT','','S.H, M.H',5,'Kasubid Ideologi dan Wawasan Kebangsaan',57,'2022-01-13 00:19:32','2022-01-13 00:19:32'),(1012,'196812261998032003','DELIMA HOTMARIA','','S.Kom',5,'Kasubid Inovasi dan Teknologi',58,'2022-01-13 00:19:32','2022-01-13 00:19:32'),(1013,'197008302010011001','IHSAN AYATULLAH','','S.E, MM',5,'Kasubid Kas Daerah',49,'2022-01-13 00:19:32','2022-04-04 22:58:40'),(1014,'196906142007011007','TEDI SUPRIYADI','','S.E, M.M',5,'Kasubag Umum dan Kepegawaian',49,'2022-01-13 00:19:32','2022-04-04 22:58:39'),(1015,'196808051992031009','TONI ROHIMAT','','SKM,M.Si',5,'Kasubid Kesehatan dan Sosial',58,'2022-01-13 00:19:32','2022-01-13 00:19:32'),(1016,'197312261997031002','TUBAGUS LUCKY SURYA GUNAWAN','','SKM',5,'Kasubid Ketahanan Ekonomi , Sosial, Budaya dan Agama',57,'2022-01-13 00:19:32','2022-01-13 00:19:32'),(1017,'197211092006041004','ENDI ROHENDI','','S.P,M.SI',5,'Kasubid Ketahanan Pangan dan Pertanian',58,'2022-01-13 00:19:32','2022-01-13 00:19:32'),(1018,'197601012010011001','MOHAMAD APENDI','','S.Sos',5,'Kasubid Kewaspadaan Dini dan Kerjasama Intelijen',57,'2022-01-13 00:19:32','2022-01-13 00:19:32'),(1019,'197012162002122003','ADIASTUTI','','S.E, M.M',5,'Kasubid Koperasi, Usaha Kecil Menengah, Perdagangan dan Perindustrian',58,'2022-01-13 00:19:32','2022-01-13 00:19:32'),(1020,'198401172009021001','ANANTO PRASETYO','','ST',5,'Kasubid Mutasi dan Kepangkatan',75,'2022-01-13 00:19:32','2022-01-13 00:19:32'),(1021,'196703162007011006','AZIZULLAH RODJAK','','S.E',5,'Kasubid Organisasi Kemasyarakatan',57,'2022-01-13 00:19:32','2022-01-13 00:19:32'),(1022,'198209152009021002','KORNELIUS SEPTYO PRAMUDITO','','S.T, M.Si',5,'Kasubid Pekerjaan Umum, Penataan Ruang dan Perhubungan',58,'2022-01-13 00:19:32','2022-01-13 00:19:32'),(1023,'197906062010012001','HANNY LESMANAWATY','','S.E, MSi.',5,'Kasubid Pelaporan',49,'2022-01-13 00:19:32','2022-01-13 00:19:32'),(1024,'197907242010011002','CEPI TRIANA ISKANDAR','','S.Kom, M.Si',5,'kasubid Pelayanan',69,'2022-01-13 00:19:32','2022-01-13 00:19:32'),(1025,'197004132008011002','EKO SUHARNANTO','','S.Sos., M.Si',5,'Kasubid Pemanfaatan dan Pengamanan',49,'2022-01-13 00:19:32','2022-01-13 00:19:32'),(1026,'197503272005012008','RUBIDIYANTI DOMINICA','','S.P, ME',5,'kasubid Pemerintahan',58,'2022-01-13 00:19:32','2022-01-13 00:19:32'),(1027,'197001211995032002','NURNANENGSIH','','S.IP, M.M',5,'Kasubid Penagihan',69,'2022-01-13 00:19:32','2022-01-13 00:19:32'),(1028,'197701192006041006','HARIS SUNANDAR SAPUTRA','','ST, MM',4,'Kabid Infrastruktur dan Pengembangan Wilayah',58,'2022-01-13 00:19:32','2022-04-04 22:58:38'),(1029,'199303082015071002','MUHAMMAD LUTHFI RAMDHANI','','S.STP, M.A.',5,'Kasubid Penanganan Konflik',57,'2022-01-13 00:19:32','2022-01-13 00:19:32'),(1030,'198102102009011001','RADEN SURYA SAPTARAHARJA','','S.H, M.Si, M.Kn',5,'Kasubid Penatausahaan',49,'2022-01-13 00:19:32','2022-01-13 00:19:32'),(1031,'198506202004122001','FITRIANI','','SSTP,M.Si',4,'Sekretaris Kecamatan',4,'2022-01-13 00:19:32','2022-04-04 22:58:40'),(1032,'197511112009012001','HETY HERDIANTI','','S.H',5,'Kasubid Pendidikan dan Pelatihan Penjenjangan Manajerial dan Fungsional',75,'2022-01-13 00:19:32','2022-01-13 00:19:32'),(1033,'198005072009012004','ETY NURHAYATI','','S.Pi, M.Si',5,'Kasubid Pendidikan, Pemuda, Olahraga dan Tenaga Kerja',58,'2022-01-13 00:19:32','2022-01-13 00:19:32'),(1034,'196706041993031010','SUJANA','','S.E,MM.',4,'Kabid Ketahanan Ekonomi, Sosial, Budaya, Agama dan Organisasi Kemasyarakatan',57,'2022-01-13 00:19:32','2022-04-04 22:58:38'),(1035,'197605102009012001','INTAN MELIANA SULISTIANTY','','S.H., M.M',5,'Kasubid Penetapan',69,'2022-01-13 00:19:32','2022-01-13 00:19:32'),(1036,'198003162009022002','IDA WAHYUNINGTYAS','','S.E, M.M',5,'Kasubid Pengadaan dan Pemberhentian Aparatur Sipil Negara',75,'2022-01-13 00:19:32','2022-01-13 00:19:32'),(1037,'198704192012111001','HENDRI AJI SULISTIYANTO','','ST.',5,'Kasubid Pengelolaan Sistem Informasi',69,'2022-01-13 00:19:32','2022-01-13 00:19:32'),(1038,'197710102010011003','RADEN DENIAR KUSTIAWAN','','S.E, MA',5,'Kasubid Keberatan',69,'2022-01-13 00:19:32','2022-04-04 22:58:40'),(1039,'198408222009021001','BAMBANG TRIONO','','S.T, M.T.I',5,'Kasubid Pengembangan Karir dan Promosi',75,'2022-01-13 00:19:32','2022-01-13 00:19:32'),(1040,'199104192012061001','RICKY MUDZAKIR','','S.STP, MM',5,'Kasubid Pengembangan Kompetensi Teknis',75,'2022-01-13 00:19:32','2022-01-13 00:19:32'),(1041,'196909292002121004','I WAYAN WINARTA','','ST.',5,'Kasubid Pengembangan Wilayah',58,'2022-01-13 00:19:32','2022-01-13 00:19:32'),(1042,'197112222002121001','IRSAN','','S.Sos, M.AP',5,'Kasubid Pengendalian, Evaluasi dan Pelaporan',58,'2022-01-13 00:19:32','2022-01-13 00:19:32'),(1043,'197408302009012002','SITI PATIMAH','','S.E',5,'Kasubid Pengolahan Data Kepegawaian',69,'2022-01-13 00:19:32','2022-01-13 00:19:32'),(1044,'196810221989121001','FACHRURRODJI','','',5,'Kasubid Penilaian',69,'2022-01-13 00:19:32','2022-01-13 00:19:32'),(1045,'198110072009021001','INDRA SETIADI','','S.Psi',5,'Kasubid Penilaian dan Evaluasi Kinerja Aparatur',75,'2022-01-13 00:19:32','2022-01-13 00:19:32'),(1046,'197003081994031005','FERRY SYAFARI SARIPUDIN','','A.Md',5,'Kasubid Perbendaharaan',49,'2022-01-13 00:19:32','2022-01-13 00:19:32'),(1047,'198603092009012001','SONY FITRIA MARTIANTI','','S.E.',5,'Kasubid Perbendaharaan PPKD dan Dana Transfer',49,'2022-01-13 00:19:32','2022-01-13 00:19:32'),(1048,'198602032007012001','RANI SITI NUR`AINI','','S.IP, M.Si',4,'Kabid Pengembangan Kompetensi Aparatur',75,'2022-01-13 00:19:32','2022-04-04 22:58:38'),(1049,'197104162009011002','RACHMAT KURNIA','','SE,MM.',5,'Kasubid Perencanaan',49,'2022-01-13 00:19:32','2022-01-13 00:19:32'),(1050,'197306102006042005','PRIMA YUNITA PARAMATA','','S.Pi.,MP',5,'Kasubid Perencanaan dan Pendanaan',58,'2022-01-13 00:19:32','2022-01-13 00:19:32'),(1051,'197507162005012009','TIKA MUSTIKA EFFENDI','','S.T, M.Sc',5,'Kasubid Permukiman dan Perumahan',58,'2022-01-13 00:19:32','2022-01-13 00:19:32'),(1052,'197809192006041012','DICKY ADIYAKSA','','S.T, M.M',5,'Kasubid Sosial dan Pemerintahan',58,'2022-01-13 00:19:32','2022-01-13 00:19:32'),(1053,'198705042014011001','GILANG SATRIA PRAYOGA','','S.Si',5,'Kasubid Teknologi Informasi',49,'2022-01-13 00:19:32','2022-01-13 00:19:32'),(1054,'198004122005011008','ANDRI APRIYADI','','S.P, MP',5,'Kasubid Verifikasi',69,'2022-01-13 00:19:32','2022-01-13 00:19:32'),(1055,'196802141989031008','BAMBANG WIDODO TAWEKAL','Drs','M.Si',1,'Kepala Badan',57,'2022-01-13 00:19:32','2022-01-13 00:19:32'),(1056,'196606021997031001','ADE JAYA MUNADI','Drs','S.H, M.H',1,'Inspektur',46,'2022-01-13 00:19:32','2022-03-03 23:56:06'),(1057,'197507232002121008','ARIF RAHMAN','','SH, MH',1,'Kepala Badan',69,'2022-01-13 00:19:32','2022-01-13 00:19:32'),(1058,'196706261999011001','SURYANTO PUTRA','Ir','M.Si',1,'Kepala Badan',58,'2022-01-13 00:19:32','2022-01-13 00:19:32'),(1059,'197207311993111002','ZULKIFLI','Drs','AP, M.M, M.Si',1,'Asisten Administrasi Umum',1,'2022-01-13 00:19:32','2022-03-03 23:56:06'),(1060,'196407111991032009','MIKE KALTARINA','drg','MARS',1,'Kepala Dinas',66,'2022-01-13 00:19:32','2022-01-13 00:19:32'),(1061,'197408011994121001','ASNAN','','AP',1,'Kepala Dinas',68,'2022-01-13 00:19:32','2022-03-07 23:52:00'),(1062,'196301021986031017','DACE SUPRIADI','','S.H, M.Si',1,'Kepala Dinas',52,'2022-01-13 00:19:32','2022-01-13 00:19:32'),(1063,'196909061988031001','RENALDI YUSHAB FIANSYAH','','S.Sos',1,'Kepala Dinas',70,'2022-01-13 00:19:32','2022-01-13 00:19:32'),(1064,'196211091989011001','R.H. OETJE SUBAGDJA','Dr.Drs','SP,MM,M.Si',1,'Kepala Dinas',65,'2022-01-13 00:19:32','2022-01-13 00:19:32'),(1065,'196605121986031011','ZAENAL ASHARI','','S.Sos, MM',1,'Kepala Dinas',56,'2022-01-13 00:19:32','2022-01-13 00:19:32'),(1066,'196503241986031011','JUANDA DIMANSYAH','','S.E, M.M',1,'Kepala Dinas',73,'2022-01-13 00:19:32','2022-01-13 00:19:32'),(1067,'196904021998031007','R. IRWAN PURNAWAN','','S.H, M.H, M.Kn',1,'Kepala Badan',75,'2022-01-13 00:19:32','2022-03-07 23:52:00'),(1068,'197109071999011001','AJAT ROCHMAT JATNIKA','','ST, M.Si',1,'Kepala Dinas',60,'2022-01-13 00:19:32','2022-01-13 00:19:32'),(1069,'197104071997021002','MUSTAKIM','Dr','S.Pd, M.M',1,'Kepala Dinas',71,'2022-01-13 00:19:32','2022-01-13 00:19:32'),(1070,'196710041992121001','ENTIS SUTISNA','','S.Pd, MM',1,'Kepala Dinas',76,'2022-01-13 00:19:32','2022-01-13 00:19:32'),(1071,'196507281988031003','R. SOEBIANTORO','','ATD, M.M',1,'Kepala Dinas',59,'2022-01-13 00:19:32','2022-01-13 00:19:32'),(1072,'196306011996011001','TB. A. LUTHFI SYAM','Drs','M.Si',1,'Kepala Dinas',72,'2022-01-13 00:19:32','2022-01-13 00:19:32'),(1073,'196402061993031010','MA`MUR','Drs','M.Si',1,'Staf Ahli bidang Pemerintahan, Politik, Hukum dan Kesejahteraan Rakyat',1,'2022-01-13 00:19:32','2022-04-04 22:58:40'),(1074,'196201221985031004','DEDI ADE BACHTIAR','','S.E, M.M, MBA',1,'Kepala Dinas',54,'2022-01-13 00:19:32','2022-01-13 00:19:32'),(1075,'196507061994031007','DENI HUMAEDI ALKASEMBAWA','','S.IP. MM',1,'Kepala Dinas',61,'2022-01-13 00:19:32','2022-01-13 00:19:32'),(1076,'196408031994031004','ASEP MULYANA SUDRAJAT','','S.H',1,'Kepala Dinas',63,'2022-01-13 00:19:32','2022-01-13 00:19:32'),(1077,'196208211986032006','SITI NURIANTY','Ir','M.M',1,'Kepala Dinas',55,'2022-01-13 00:19:32','2022-01-13 00:19:32'),(1078,'196608241988012001','NURHAYATI','Dra','M.Si',1,'Kepala Dinas',64,'2022-01-13 00:19:32','2022-01-13 00:19:32'),(1079,'196308111993031004','BAMBANG SETIAWAN','','S.H',1,'Kepala Dinas',45,'2022-01-13 00:19:32','2022-01-13 00:19:32'),(1080,'196307041993121001','ADE YANA MULYANA','','S.H',1,'Kepala Dinas',74,'2022-01-13 00:19:32','2022-03-03 23:56:08'),(1081,'196212261990031004','YANI HASSAN','Ir','',1,'Kepala Pelaksana',62,'2022-01-13 00:19:32','2022-01-13 00:19:32'),(1082,'196908012001121003','ASEP AGUS RIDALLAH','','S.H, M.H',1,'Kepala Dinas',50,'2022-01-13 00:19:32','2022-03-03 23:56:08'),(1083,'196602261993031002','ENDANG SUNARDI','','B.E.',6,'Kepala Tata Usaha',59,'2022-01-13 00:19:32','2022-01-13 00:19:32'),(1084,'196812122002122003','YESSI DESPUTRI','dr','',5,'Kepala UPT',97,'2022-01-13 00:19:32','2022-01-13 00:19:32'),(1085,'197210151998032007','KURNIATI','','S.E, M.M',5,'Kepala UPT',179,'2022-01-13 00:19:32','2022-04-04 22:58:40'),(1086,'196605151987031010','ATANG','Drs','M.Si',5,'Kepala UPT',99,'2022-01-13 00:19:32','2022-01-13 00:19:32'),(1087,'196605011987111001','DADANG SURAHMAT','','S.E',5,'Kepala UPT',100,'2022-01-13 00:19:32','2022-01-13 00:19:32'),(1088,'196611011992032007','RITA NURMALA','Dra','MM',5,'Kepala UPT',101,'2022-01-13 00:19:32','2022-01-13 00:19:32'),(1089,'196703011993031003','SUJANA','Drs','',5,'Kepala UPT',161,'2022-01-13 00:19:32','2022-04-04 22:58:40'),(1090,'196511231998032001','SARIPAH','','S.Pd.I',5,'Kepala UPT',103,'2022-01-13 00:19:32','2022-01-13 00:19:32'),(1091,'196510051999031004','DEDI KURNIADI','Ir','M.M',5,'Kepala UPT',104,'2022-01-13 00:19:32','2022-01-13 00:19:32'),(1092,'196905052000031004','UMAR WIRAHADI KUSUMAH','','S.E',5,'Kepala UPT',105,'2022-01-13 00:19:32','2022-01-13 00:19:32'),(1093,'196908051993031006','TONI TOPANI','','S.E',5,'Kepala UPT',106,'2022-01-13 00:19:32','2022-01-13 00:19:32'),(1094,'196707121989031007','ASMAN DILA','','S.T., M.Si',5,'Kepala UPT',162,'2022-01-13 00:19:32','2022-04-04 22:58:40'),(1095,'196404121993031004','IAM DIRHAM','Ir','',5,'Kepala UPT',108,'2022-01-13 00:19:32','2022-01-13 00:19:32'),(1096,'196803171996031004','MOCHAMAD HAERUDIN','','S.Sos',5,'Kepala UPT',109,'2022-01-13 00:19:32','2022-01-13 00:19:32'),(1097,'198611262006021001','EKA NOVARI','','S.STP, M.A',5,'Kepala UPT',167,'2022-01-13 00:19:32','2022-04-04 22:58:40'),(1098,'196803221989032002','INDARTINI','','S.IP, M.M',5,'Kepala UPT',167,'2022-01-13 00:19:32','2022-04-04 22:58:40'),(1099,'196903091991031005','PURNAMA KARNADI','','S.E',5,'Kepala UPT',111,'2022-01-13 00:19:32','2022-01-13 00:19:32'),(1100,'196406031985031008','NANANG SURYANA','','S.Pt,MM',5,'Kepala UPT',112,'2022-01-13 00:19:32','2022-01-13 00:19:32'),(1101,'196410231986031006','CECEP TRIANA','','SST, MM',5,'Kepala UPT',113,'2022-01-13 00:19:32','2022-01-13 00:19:32'),(1102,'196408081986031012','AGUS SALISTYA','','S.E',5,'Kepala UPT',114,'2022-01-13 00:19:32','2022-01-13 00:19:32'),(1103,'196503141987082001','N. ENDA DANAWATI','','SP',5,'Kepala UPT',169,'2022-01-13 00:19:32','2022-04-04 22:58:40'),(1104,'196406071987091001','DADANG KOSTAMAN','','SP, M.Si',5,'Kepala UPT',170,'2022-01-13 00:19:32','2022-04-04 22:58:40'),(1105,'196403231989022001','ELIS RISYANI','','A.Pi',5,'Kepala UPT',117,'2022-01-13 00:19:32','2022-01-13 00:19:32'),(1106,'196810111990032010','ENIS SUKMAYANTI','','S.AP',6,'Kasubag Tata Usaha',55,'2022-01-13 00:19:32','2022-04-04 22:58:39'),(1107,'196910011991031017','JUNAEDI','','S.ST, M.M',5,'Kepala UPT',118,'2022-01-13 00:19:32','2022-01-13 00:19:32'),(1108,'196905211994032002','LINA HARLINA','','S.P',5,'Kepala UPT',171,'2022-01-13 00:19:32','2022-04-04 22:58:40'),(1109,'196802101998032005','ADE KUSMIAWATI','drh','MSi',5,'Kepala UPT',120,'2022-01-13 00:19:32','2022-01-13 00:19:32'),(1110,'196910241998032002','RIKA INDRIATI ROAMER','','S.P',5,'Kepala UPT',115,'2022-01-13 00:19:32','2022-04-04 22:58:40'),(1111,'197306071999032004','FENTY DELIMAWATI','','S.P, M.Si',5,'Kepala UPT',121,'2022-01-13 00:19:32','2022-04-04 22:58:40'),(1112,'198302062011011001','HENNRY MAHAR MARDIKHA','','S.E',5,'Kepala UPT',122,'2022-01-13 00:19:32','2022-01-13 00:19:32'),(1113,'196406071990092001','YUNI ARTININGSIH','','BSc',5,'Kepala UPT',123,'2022-01-13 00:19:32','2022-01-13 00:19:32'),(1114,'198209152009021003','PUNTI MINESA','','S.T., M.P.',5,'Kepala UPT',124,'2022-01-13 00:19:32','2022-01-13 00:19:32'),(1115,'198211142009021002','SANTUN MUHAMMAD PAMUNGKAS','','S.Hut',6,'Kasubag Tata Usaha',55,'2022-01-13 00:19:32','2022-04-04 22:58:39'),(1116,'197712102010011005','ALFAN MAHMUDI','drh','',5,'Kepala UPT',108,'2022-01-13 00:19:32','2022-01-13 00:19:32'),(1117,'197904172010011002','RIZA JUANGSAH RAHMAT','','ST, M.Si',5,'Kepala UPT',126,'2022-01-13 00:19:32','2022-01-13 00:19:32'),(1118,'197207102010011001','HERRY GIANANTHA','','S.Sos',5,'Kepala UPT',167,'2022-01-13 00:19:32','2022-04-04 22:58:40'),(1119,'198001132009012001','ANRIYANTI','','S.Kom., M. Si',5,'Kepala UPT',127,'2022-01-13 00:19:32','2022-01-13 00:19:32'),(1120,'196610212009011001','SOSIAWAN YUNIOR','','S.Sos, MM.',5,'Kepala UPT',128,'2022-01-13 00:19:32','2022-01-13 00:19:32'),(1121,'197009052008012007','SITI SUNDARI','','S.P, M.Si',5,'Kepala UPT',129,'2022-01-13 00:19:32','2022-01-13 00:19:32'),(1122,'196512072008011002','MUHAMMAD YATIM','','S.H',5,'Kepala UPT',167,'2022-01-13 00:19:32','2022-04-04 22:58:40'),(1123,'198011102008011005','HERDI SUKRIADI','','SH',5,'Kepala UPT',130,'2022-01-13 00:19:32','2022-01-13 00:19:32'),(1124,'197107041999032003','NULIANTI AYUNI','','S.Hut',5,'Kepala UPT',149,'2022-01-13 00:19:32','2022-04-04 22:58:40'),(1125,'197404182007011002','ACHMAD KARTIWA DARIZKI','','S.IP., M.IP',5,'Kepala UPT',103,'2022-01-13 00:19:32','2022-01-13 00:19:32'),(1126,'196601062007011006','RACHMAT SETIAWAN','','S.H., M.H',5,'Kepala UPT',172,'2022-01-13 00:19:32','2022-04-04 22:58:40'),(1127,'197110102007011019','KAMIL SYAMSUDIN','','S.IP, M.M',5,'Kepala UPT',167,'2022-01-13 00:19:32','2022-04-04 22:58:40'),(1128,'196906122007011011','MEDI ABDURAHMAN','','S.E',5,'Kepala UPT',131,'2022-01-13 00:19:32','2022-01-13 00:19:32'),(1129,'197705082008011004','YAYA KASYA','','S.AP',5,'Kepala UPT',132,'2022-01-13 00:19:32','2022-01-13 00:19:32'),(1130,'197304132008011003','RUDI ANDRYANTO','','S.Sos, M.A',5,'Kepala UPT',133,'2022-01-13 00:19:32','2022-01-13 00:19:32'),(1131,'197712252008011004','DODI PERMADI','','S.E, M.A',5,'Kepala UPT',167,'2022-01-13 00:19:32','2022-04-04 22:58:40'),(1132,'197207202008011001','RIZKI AKBAR','','S.Sos',5,'Kepala UPT',134,'2022-01-13 00:19:32','2022-01-13 00:19:32'),(1133,'197607162006041005','SETIADI INDRAWAN','','S.T',5,'Kasubid Pendataan',69,'2022-01-13 00:19:32','2022-04-04 22:58:40'),(1134,'198007142006042008','ITA SHIAMITA','','S.E, M.M',5,'Kepala UPT',135,'2022-01-13 00:19:32','2022-01-13 00:19:32'),(1135,'197809032006042011','FITRI SRIWAHYUNI','','S.E, M.A.',5,'Kepala UPT',136,'2022-01-13 00:19:32','2022-01-13 00:19:32'),(1136,'197408242006042019','ROSI YULIASTINI','','S.TP.,M.M ',5,'Kepala UPT',176,'2022-01-13 00:19:32','2022-04-04 22:58:40'),(1137,'196607012006041006','BONDAN TRIYANA','','S.Sos',5,'Kepala UPT',138,'2022-01-13 00:19:32','2022-01-13 00:19:32'),(1138,'197612232006041009','BOBBY WAHYUDI','','S.T, M.P',5,'Kepala UPT',162,'2022-01-13 00:19:32','2022-04-04 22:58:40'),(1139,'196908022007011005','HENDRA DARAJAT','','S.H',5,'Kepala UPT',139,'2022-01-13 00:19:32','2022-01-13 00:19:32'),(1140,'196507082007011006','TATENG SUHENDI','Ir',', MM',5,'Kepala UPT',140,'2022-01-13 00:19:32','2022-01-13 00:19:32'),(1141,'197506252007011004','R HANDRI SUKMAWIJAYAGUNA','','S.E',5,'Kepala UPT',141,'2022-01-13 00:19:32','2022-01-13 00:19:32'),(1142,'197207052007011015','FIRMAN KOMARA','','S.E',5,'Kepala UPT',142,'2022-01-13 00:19:32','2022-01-13 00:19:32'),(1143,'196908132007011008','AGUNG TARMEDI','','SE',5,'Kepala UPT',143,'2022-01-13 00:19:32','2022-01-13 00:19:32'),(1144,'196603242007011003','ENCENG','','S.Sos, M.M',5,'Kepala UPT',144,'2022-01-13 00:19:32','2022-01-13 00:19:32'),(1145,'196803272007012008','IKA SOBARIAH','','S.E, M.M',5,'Kepala UPT',145,'2022-01-13 00:19:32','2022-01-13 00:19:32'),(1146,'197607222002121005','DHARMAWAN YOGASWARA','','S.H, M.M',4,'Kabid Pemasaran Pariwisata',61,'2022-01-13 00:19:32','2022-04-04 22:58:38'),(1147,'196605012002121002','DIDIH KARSIDI','','S.T',5,'Kepala UPT',162,'2022-01-13 00:19:32','2022-04-04 22:58:40'),(1148,'197510292003121005','CANDRA TRIKAYA','','S.T',5,'Kepala UPT',162,'2022-01-13 00:19:32','2022-04-04 22:58:40'),(1149,'197808182003122005','YANE ISNAWATY','','S.T, M.M',5,'Kepala UPT',146,'2022-01-13 00:19:32','2022-01-13 00:19:32'),(1150,'198201212005011006','FATWI ZANDOS','','S.Pt, M.Si',5,'Kepala UPT',108,'2022-01-13 00:19:32','2022-01-13 00:19:32'),(1151,'197208082005011008','DEDI HERYADI','','ST',5,'Kepala UPT',161,'2022-01-13 00:19:32','2022-04-04 22:58:40'),(1152,'196603311999011001','ANDRI WISTIANTO','','S.T, M.Si',5,'Kepala UPT',162,'2022-01-13 00:19:32','2022-04-04 22:58:40'),(1153,'197106172002121006','EKO SULISTIANTO','','S.T',5,'Kepala UPT',147,'2022-01-13 00:19:32','2022-01-13 00:19:32'),(1154,'197401012002122005','DESY SETIAWATI','','S.T',5,'Kepala UPT',148,'2022-01-13 00:19:32','2022-01-13 00:19:32'),(1155,'196805092002122001','DEWI FARTIANA','Ir','',5,'Kepala UPT',177,'2022-01-13 00:19:32','2022-04-04 22:58:40'),(1156,'197906252002122004','IRA PURWANINGSIH','','SP',5,'Kepala UPT',149,'2022-01-13 00:19:32','2022-01-13 00:19:32'),(1157,'196612101987031012','RUDDY SUPANDI','','',5,'Kepala UPT',162,'2022-01-13 00:19:32','2022-04-04 22:58:40'),(1158,'196508031987031010','AGUS SUKWANTO','','',5,'Kepala UPT',163,'2022-01-13 00:19:32','2022-04-04 22:58:40'),(1159,'196411021987031007','NURICHWAN','','',5,'Kepala UPT',164,'2022-01-13 00:19:32','2022-04-04 22:58:40'),(1160,'196409191987031006','MOCHAMAD RIDWAN','','S.Sos',6,'Kepala UPT',150,'2022-01-13 00:19:32','2022-01-13 00:19:32'),(1161,'196412171989111002','SUYANA','','S.P',5,'Kepala UPT',151,'2022-01-13 00:19:32','2022-04-04 22:58:40'),(1162,'196406301990011001','AKHMAD','','S.P',5,'Kepala UPT',165,'2022-01-13 00:19:32','2022-04-04 22:58:40'),(1163,'196904201992031004','YAYAT AHDIYAT','','S.A.P',5,'Kepala UPT',166,'2022-01-13 00:19:32','2022-04-04 22:58:40'),(1164,'197102011997032004','YENI ANDRIANI','','S.Pi',5,'Kepala UPT',152,'2022-01-13 00:19:32','2022-01-13 00:19:32'),(1165,'197505081997031002','TIRTO MARITAN','','S.E',5,'Kepala UPT',153,'2022-01-13 00:19:32','2022-01-13 00:19:32'),(1166,'196706241998032001','IDA ROSYIDAH','','S.Sos, M.Si',5,'Kepala UPT',154,'2022-01-13 00:19:32','2022-01-13 00:19:32'),(1167,'197012311998031031','ZULKIFLI LUBIS','','S.T',5,'Kepala UPT',162,'2022-01-13 00:19:32','2022-04-04 22:58:40'),(1168,'197812271998031003','BEDSY ALWIN RUMATE','','S.Psi, M.M.',5,'Kepala UPT',155,'2022-01-13 00:19:32','2022-01-13 00:19:32'),(1169,'196908072002122004','SRI IRIANTI HERMAWASTUTIK','dr','',5,'Kepala UPT',156,'2022-01-13 00:19:32','2022-01-13 00:19:32'),(1170,'197802032009011002','BUDI SOLEH KURNIAWAN','','S.E',5,'Kasie Perekonomian dan Pembangunan',36,'2022-01-13 00:19:32','2022-04-04 22:58:39'),(1171,'198107032003121003','NOER MADIYA EKA JULI ROMADHONA','','S.E',5,'Lurah',86,'2022-01-13 00:19:32','2022-01-13 00:19:32'),(1172,'197610282010011001','ASPRIYANTO','','SE',5,'Lurah',92,'2022-01-13 00:19:32','2022-01-13 00:19:32'),(1173,'196404131994031006','SUHENDI','','S.Sos',5,'Lurah',88,'2022-01-13 00:19:32','2022-01-13 00:19:32'),(1174,'196912151995031002','ABDULLAH','','S.AP',5,'Lurah',95,'2022-01-13 00:19:32','2022-01-13 00:19:32'),(1175,'198510222006022002','EVA FAUZIAH','','S.STP, M.Si',5,'Lurah',81,'2022-01-13 00:19:32','2022-01-13 00:19:32'),(1176,'196405281984121003','MOCH. AMIN','Drs. H','',5,'Lurah',180,'2022-01-13 00:19:32','2022-04-04 22:58:40'),(1177,'197102011996011001','WAHYUDI','','S.E',5,'Lurah',91,'2022-01-13 00:19:32','2022-01-13 00:19:32'),(1178,'197406221999011001','HERU IRAWAN','','S.Sos, M.A',5,'Lurah',90,'2022-01-13 00:19:32','2022-01-13 00:19:32'),(1179,'197705032002121005','SUGIYANTO','','S.Sos',5,'Lurah',87,'2022-01-13 00:19:32','2022-01-13 00:19:32'),(1180,'197102032002121003','NURHAMAN','','S.E, S.IP',5,'Lurah',89,'2022-01-13 00:19:32','2022-01-13 00:19:32'),(1181,'196808122007011012','HENDRA CIPTA','','S.Sos',5,'Lurah',84,'2022-01-13 00:19:32','2022-01-13 00:19:32'),(1182,'197007032007011015','RODI KURNIADI','','S.Pd.I, M.M',5,'Lurah',93,'2022-01-13 00:19:32','2022-01-13 00:19:32'),(1183,'197302262007011002','MASTURO','','S.Sos',5,'Lurah',77,'2022-01-13 00:19:32','2022-01-13 00:19:32'),(1184,'197607252008011003','HERU HENDRAWAN','','S.E',5,'Lurah',78,'2022-01-13 00:19:32','2022-01-13 00:19:32'),(1185,'196612202008011002','RADEN IKA SUDARMIKA','','S.E',5,'Lurah',83,'2022-01-13 00:19:32','2022-01-13 00:19:32'),(1186,'196811112008011004','AWAN SUNDAWAN','','S.E',5,'Lurah',80,'2022-01-13 00:19:32','2022-01-13 00:19:32'),(1187,'196904102009011001','MUHAMAD YUSUP','','S.E, M.M',5,'Lurah',93,'2022-01-13 00:19:32','2022-04-04 22:58:40'),(1188,'197703192002122005','NIA INDRAWATHI','','S.Kom, MM',2,'Sekretaris',51,'2022-01-13 00:19:32','2022-01-13 00:19:32'),(1189,'198008012005011011','TRIAN TURANGGA','','ST,MM',2,'Sekretaris',68,'2022-01-13 00:19:32','2022-01-13 00:19:32'),(1190,'197701102005011013','ADI MULYADI','','SH, MH',2,'Sekretaris',69,'2022-01-13 00:19:32','2022-01-13 00:19:32'),(1191,'197008182006041007','MAULANA ADAM','','S.E., M.M.',2,'Sekretaris',59,'2022-01-13 00:19:32','2022-01-13 00:19:32'),(1192,'197508262006041007','AGUS FAUZI','dr','M.Kes',2,'Sekretaris',66,'2022-01-13 00:19:32','2022-01-13 00:19:32'),(1193,'199103152012062002','NURUL AZIJAH','','S.IP., M.A.P',6,'Sekretaris',77,'2022-01-13 00:19:32','2022-01-13 00:19:32'),(1194,'196412201985031009','RUMAMBI','Drs','M.M',2,'Sekretaris',45,'2022-01-13 00:19:32','2022-01-13 00:19:32'),(1195,'198012152009012004','EVI ANGGRAENI','','SE',6,'Sekretaris',78,'2022-01-13 00:19:32','2022-01-13 00:19:32'),(1196,'198201282010011001','FIRMANSYAH','','S.H',6,'Sekretaris',86,'2022-01-13 00:19:32','2022-01-13 00:19:32'),(1197,'199107082010102001','KOESLINA NUR ROCHMAT','','S.STP, M.Si',6,'Sekretaris',80,'2022-01-13 00:19:32','2022-01-13 00:19:32'),(1198,'197205031992031007','NANA MULYANA','Drs','M.Si',2,'Sekretaris',72,'2022-01-13 00:19:32','2022-01-13 00:19:32'),(1199,'197201081997031006','SIGIT WIBOWO','','S.H, M.Si',1,'Kepala Dinas',54,'2022-01-13 00:19:32','2022-04-04 22:58:40'),(1200,'196408071997031002','R. AGUS PUTRONO','','S.H, MH',2,'Sekretaris',70,'2022-01-13 00:19:32','2022-01-13 00:19:32'),(1201,'198006051998102002','SUSI HASTUTI','','S.STP,M.Si',2,'Sekretaris',75,'2022-01-13 00:19:32','2022-01-13 00:19:32'),(1202,'196705151992031012','HARTONO ANWAR','','S.Sos, M.Si',2,'Sekretaris',73,'2022-01-13 00:19:32','2022-01-13 00:19:32'),(1203,'197010251999031001','IMAN WAHYU BUDIANA','','S.T, M.M',2,'Sekretaris',67,'2022-01-13 00:19:32','2022-01-13 00:19:32'),(1204,'196406101987031013','SUPRIYANTO','','ATD, M.M',2,'Sekretaris',46,'2022-01-13 00:19:32','2022-01-13 00:19:32'),(1205,'196507151991031011','MUSLIM AKBAR','','A.Ma.PKB, S.E, M.M',2,'Sekretaris',50,'2022-01-13 00:19:32','2022-01-13 00:19:32'),(1206,'196603101986101001','MAD YUSRO','','S.Pd, M.M',4,'Sekretaris',30,'2022-01-13 00:19:32','2022-01-13 00:19:32'),(1207,'196504071994121002','SUPRIADI','Drs','MM',2,'Sekretaris',71,'2022-01-13 00:19:32','2022-01-13 00:19:32'),(1208,'197007021995121002','YADI MULYADI AR','Dr. Drs','MM.',2,'Sekretaris',76,'2022-01-13 00:19:32','2022-01-13 00:19:32'),(1209,'196911301991021001','SURYANA','','SKM',4,'Sekretaris',41,'2022-01-13 00:19:32','2022-01-13 00:19:32'),(1210,'197509092008042001','UMRIA RULLY VENTY','','S.P, M.E.P',6,'Sekretaris',93,'2022-01-13 00:19:32','2022-01-13 00:19:32'),(1211,'196702041988011001','HIDAYAT SAPUTRADINATA','Drs','',2,'Sekretaris',53,'2022-01-13 00:19:32','2022-04-04 22:58:40'),(1212,'196701081989031006','TATANG MULYADI','','S.P, M.Si',2,'Sekretaris',55,'2022-01-13 00:19:32','2022-01-13 00:19:32'),(1213,'196502211990032004','SITI EUIS SUGIARTY','Dra','M.M',2,'Sekretaris',65,'2022-01-13 00:19:33','2022-01-13 00:19:33'),(1214,'196711241993032005','LINDA HENDRAYANI SWT','Dra. Hj','M.Si',2,'Sekretaris',63,'2022-01-13 00:19:33','2022-01-13 00:19:33'),(1215,'196705061997032003','RINA ERTYANA PURWANTI','','S.E, M.M',2,'Sekretaris',64,'2022-01-13 00:19:33','2022-01-13 00:19:33'),(1216,'196802141998031004','ANWAR ANGGANA','','S.T, M.Si',2,'Sekretaris',56,'2022-01-13 00:19:33','2022-04-04 22:58:40'),(1217,'197409241999012001','MELY KAMELIA','','S.H, MP',2,'Sekretaris',61,'2022-01-13 00:19:33','2022-01-13 00:19:33'),(1218,'197210211999012001','LESTIA IRMAWATI','','S.Si, M.E',2,'Sekretaris',60,'2022-01-13 00:19:33','2022-01-13 00:19:33'),(1219,'197511092002121004','ASEP HERMAWAN SETIADY','','S.Sos',2,'Sekretaris',52,'2022-01-13 00:19:33','2022-01-13 00:19:33'),(1220,'197206161999031002','TEUKU MULYA','','S.T,M.T',1,'Kepala Badan',49,'2022-01-13 00:19:33','2022-04-04 22:58:40'),(1221,'196801261988031003','AGUS HASAN SLAMET','Drs','MM',2,'Sekretaris Badan',57,'2022-01-13 00:19:33','2022-01-13 00:19:33'),(1222,'196408141993031006','DADANG SOFYAN ISKANDAR','Ir','M.Si',2,'Sekretaris Badan',58,'2022-01-13 00:19:33','2022-01-13 00:19:33'),(1223,'196403271996031002','BUDI ARIYANTO','','S.H, M.H',4,'Sekretaris Camat',23,'2022-01-13 00:19:33','2022-01-13 00:19:33'),(1224,'196509171992031003','SUHARSONO','Drs','',4,'Sekretaris Camat',34,'2022-01-13 00:19:33','2022-01-13 00:19:33'),(1225,'197007151991012002','IRNA YULISTINA','','S.Sos, M.Si',4,'Kabid Pemenuhan Hak dan Perlindungan Khusus Anak',64,'2022-01-13 00:19:33','2022-04-04 22:58:38'),(1226,'196709161989031006','WAWAN SURYANA','','S.Sos',4,'Sekretaris Camat',8,'2022-01-13 00:19:33','2022-01-13 00:19:33'),(1227,'196404111994031004','EMAN','Drs','M.M',4,'Sekretaris Camat',29,'2022-01-13 00:19:33','2022-01-13 00:19:33'),(1228,'197106051996031002','SUPARMAN','','S.Pd. M.M.',4,'Sekretaris Kecamatan',15,'2022-01-13 00:19:33','2022-04-04 22:58:40'),(1229,'197512141995032002','GALUH SRI WAHYUNI','','S.STP, MM',4,'Sekretaris Camat',31,'2022-01-13 00:19:33','2022-01-13 00:19:33'),(1230,'196603051992031010','ASEP ACHADIAT SUDRAJAT','Drs','M.Pd',4,'Sekretaris Kecamatan',14,'2022-01-13 00:19:33','2022-04-04 22:58:40'),(1231,'197109211993031003','NANAN HERNAWAN','','A.Md',4,'Sekretaris Camat',26,'2022-01-13 00:19:33','2022-01-13 00:19:33'),(1232,'197403212010011001','D. MAMAN SUMANTRI','',' S.Sos. MM',4,'Sekretaris Camat',22,'2022-01-13 00:19:33','2022-01-13 00:19:33'),(1233,'197310131993111001','RAMDAN FIRDAUS','','S.Sos, M.Si',4,'Sekretaris Camat',11,'2022-01-13 00:19:33','2022-01-13 00:19:33'),(1234,'197707262003121009','HENDARSAH','H','S.Pd, MM.Pd',4,'Sekretaris Camat',18,'2022-01-13 00:19:33','2022-01-13 00:19:33'),(1235,'198002071998101001','BUDI RIVA','','S.STP, MA',4,'Sekretaris Camat',17,'2022-01-13 00:19:33','2022-01-13 00:19:33'),(1236,'197706121996121001','APID JUNAEDI','','S.S.T.P., M.Si.',4,'Sekretaris Kecamatan',21,'2022-01-13 00:19:33','2022-04-04 22:58:40'),(1237,'196404181985031015','BURHANUDIN','Drs','M.Si',7,'Sekretaris Daerah',1,'2022-01-13 00:19:33','2022-01-13 00:19:33'),(1238,'197505021993111001','YUDHI UTOMO','','S.IP., M,Si.',2,'Camat',22,'2022-01-13 00:19:33','2022-04-04 22:58:38'),(1239,'197311101992011001','TOTOK SUPRIYADI','','S.AP,  MM',2,'Camat',41,'2022-01-13 00:19:33','2022-03-03 23:56:06'),(1240,'196509291991031008','IVAN RIVALDI','','S.Sos',4,'Sekretaris Kecamatan',9,'2022-01-13 00:19:33','2022-01-13 00:19:33'),(1241,'197206131991012001','LUTFI SAHARA','Dra','',4,'Sekretaris Kecamatan',25,'2022-01-13 00:19:33','2022-04-04 22:58:40'),(1242,'196705172002121002','BAMBANG RUSANTONO','','S.IP, M.A',4,'Sekretaris Kecamatan',37,'2022-01-13 00:19:33','2022-04-04 22:58:40'),(1243,'196901012002121008','MUHAMAD JAMALLUDIN','','S.IP, M.Si',4,'Sekretaris Kecamatan',35,'2022-01-13 00:19:33','2022-04-04 22:58:40'),(1244,'197107032002121003','MUCHAMMAD FAHRULLAH','','S.SOs,M.Si',4,'Sekretaris Kecamatan',27,'2022-01-13 00:19:33','2022-01-13 00:19:33'),(1245,'197103231998031011','MOCHAMAD SOBAR MANSOER','','S.IP, M.Si',4,'Sekretaris Kecamatan',16,'2022-01-13 00:19:33','2022-04-04 22:58:40'),(1246,'197204242002121005','SAEFUL JACK PETER','','S.Sos, M.M',4,'Sekretaris Kecamatan',10,'2022-01-13 00:19:33','2022-01-13 00:19:33'),(1247,'197307052002121009','RIDWAN','','S.Sos',4,'Sekretaris Kecamatan',2,'2022-01-13 00:19:33','2022-01-13 00:19:33'),(1248,'196407231996012001','DWI ASIH RACHMAWATI','','S.H, MA',4,'Sekretaris Kecamatan',36,'2022-01-13 00:19:33','2022-01-13 00:19:33'),(1249,'196905161993121001','TIRTA JUWARTA','Drs','M.Si',4,'Sekretaris Kecamatan',6,'2022-01-13 00:19:33','2022-01-13 00:19:33'),(1250,'196512101989021004','IWAN DARMAWAN','','S.Pd, M.Si',4,'Sekretaris Kecamatan',33,'2022-01-13 00:19:33','2022-01-13 00:19:33'),(1251,'196708221988031006','BAKRI HASAN','','S.AP, MA',2,'Camat',5,'2022-01-13 00:19:33','2022-04-04 22:58:38'),(1252,'197609191998031002','AGUS SOPYAN BUDI ASMARA','','S.KM, M.A.P',4,'Sekretaris Kecamatan',3,'2022-01-13 00:19:33','2022-01-13 00:19:33'),(1253,'196409041987031008','HIDAYAT','Drs.','',4,'Sekretaris Kecamatan',40,'2022-01-13 00:19:33','2022-01-13 00:19:33'),(1254,'196508041986021004','AGUS SUTARDI','','S.E',4,'Sekretaris Kecamatan',28,'2022-01-13 00:19:33','2022-01-13 00:19:33'),(1255,'196603231986101001','ADE PRIATNA','','S.Pd, M.M',4,'Sekretaris Kecamatan',12,'2022-01-13 00:19:33','2022-01-13 00:19:33'),(1256,'196403101985081003','SALIM','H','S.Pd',4,'Sekretaris Kecamatan',24,'2022-01-13 00:19:33','2022-01-13 00:19:33'),(1257,'197805231996121001','PRIHATNA ARIF SANTOSA','','S.STP, M.Si',4,'Sekretaris Kecamatan',7,'2022-01-13 00:19:33','2022-01-13 00:19:33'),(1258,'198006202002121002','R. MAFTUKIN','','S.E',5,'Kasie Pemerintahan',23,'2022-01-13 00:19:33','2022-04-04 22:58:39'),(1259,'196904262002122001','WIDANINGSIH','','S.H',6,'Sekretaris Kelurahan',91,'2022-01-13 00:19:33','2022-01-13 00:19:33'),(1260,'196911172007012007','LENNI NERLINA SIRIATY','','S.Sos',6,'Sekretaris Kelurahan',82,'2022-01-13 00:19:33','2022-01-13 00:19:33'),(1261,'197202012010012001','EKA HARTATI','','S.E',6,'Sekretaris Kelurahan',85,'2022-01-13 00:19:33','2022-01-13 00:19:33'),(1262,'196703191992122001','DWI MARTUTI','','',6,'Sekretaris Kelurahan',84,'2022-01-13 00:19:33','2022-01-13 00:19:33'),(1263,'196409121986031016','ENTIS SUTISNA','','S.Pd, M.Pd.',6,'Sekretaris Kelurahan',21,'2022-01-13 00:19:33','2022-01-13 00:19:33'),(1264,'197302022002121006','LOLI HIDAYAT','','S.E, MA',5,'Kasie Ketentraman dan Ketertiban Umum',40,'2022-01-13 00:19:33','2022-04-04 22:58:38'),(1265,'196804241995032002','WAHYU TRISNAWATI','','A.Md',6,'Sekretaris Kelurahan',90,'2022-01-13 00:19:33','2022-04-04 22:58:40'),(1266,'196604101987121001','SAIR','','',6,'Sekretaris Kelurahan',92,'2022-01-13 00:19:33','2022-01-13 00:19:33'),(1267,'197306052009011004','DEDEN YUSUF','','S.Kom, M.Si',6,'Kasubag Program dan Keuangan',36,'2022-01-13 00:19:33','2022-04-04 22:58:39'),(1268,'196404201985032009','EHAN HANIDA','','',6,'Sekretaris Kelurahan',83,'2022-01-13 00:19:33','2022-01-13 00:19:33'),(1269,'197012072009011002','RACHMAT','','S.E',5,'Kasie Ketentraman dan Ketertiban Umum',16,'2022-01-13 00:19:33','2022-04-04 22:58:38'),(1270,'196308251985031005','MULIADI','','S.Sos',1,'Staf Ahli bidang Administrasi dan Keuangan',1,'2022-01-13 00:19:33','2022-01-13 00:19:33'),(1271,'196303161986031016','RUSTANDI','Drs','M.Si',1,'Staf Ahli Bidang Ekonomi dan Pembangunan',1,'2022-01-13 00:19:33','2022-01-13 00:19:33'),(1272,'196505261997031005','ARMAN JAYA','','S.E, M.M',1,'Kepala Dinas',53,'2022-01-13 00:19:33','2022-03-03 23:56:08'),(1273,'196405071987031013','ENDANG ROSYAD ACHIR KUSTOMI','','SKM, M.K.M',2,'Wakil Direktur Administrasi',48,'2022-01-13 00:19:33','2022-01-13 00:19:33'),(1274,'196404031988032007','INLAURIZEN','','B.E, SKM, MM',2,'Wakil Direktur Administrasi',44,'2022-01-13 00:19:33','2022-01-13 00:19:33'),(1275,'196412061992032007','JAMILAH','','S.H, M.Si',2,'Wakil Direktur Administrasi',42,'2022-01-13 00:19:33','2022-01-13 00:19:33'),(1276,'197905042005012010','YUKIE MEISTISIA ANANDAPUTRI SATOTO','dr','M.H(Kes)',2,'Wakil Direktur Administrasi',43,'2022-01-13 00:19:33','2022-01-13 00:19:33'),(1277,'197105272002122006','FUSIA MEIDIAWATY','dr','S.H. MH.Kes.',2,'Wakil Direktur Pelayanan',48,'2022-01-13 00:19:33','2022-01-13 00:19:33'),(1278,'196710192002122002','VITRIE WINASTRI','dr','S.H. MARS.',2,'Wakil Direktur Pelayanan',43,'2022-01-13 00:19:33','2022-01-13 00:19:33'),(1279,'197709232007011008','DEDE AGUNG PRIATNA','dr','',2,'Wakil Direktur Pelayanan',44,'2022-01-13 00:19:33','2022-01-13 00:19:33'),(1280,'196611152002121002','KUSNADI','dr','',2,'Wakil Direktur Pelayanan',42,'2022-01-13 00:19:33','2022-01-13 00:19:33'),(1281,'197205241994032004','DWI RETNO MURDININGSIH','','S.E.',5,'Kasubag Keuangan',70,'2022-03-03 23:56:07','2022-03-03 23:56:07'),(1282,'197009251998021001','KOSASIH','','S.Pd, MM.',6,'Kepala Sekolah',73,'2022-03-03 23:56:08','2022-03-03 23:56:08'),(1283,'197602131998032004','INAWATI','','S.E,MM',2,'Inspektur Pembantu IV',46,'2022-04-04 22:58:38','2022-04-04 22:58:38'),(1284,'197509091998031001','NOOR SYA`DI','','S.Sos.,M.A.',6,'Kasie Ekonomi dan Pembangunan',87,'2022-04-04 22:58:38','2022-04-04 22:58:38'),(1285,'196608122009011002','AGUS JUANDA','Drs','',5,'Kasie Ketentraman dan Ketertiban Umum',28,'2022-04-04 22:58:38','2022-04-04 22:58:38'),(1286,'196512231991031010','TEGUH DARMAWANSYAH','','SST',5,'Kasie Ketentraman dan Ketertiban Umum',20,'2022-04-04 22:58:38','2022-04-04 22:58:38'),(1287,'198102012009011003','YANTO PRADIPTA','','ST',5,'Kasie Pembangunan Sekolah Dasar',73,'2022-04-04 22:58:38','2022-04-04 22:58:38'),(1288,'196710212009011001','MARJUKI','','S.AP',6,'Kasie Pemberdayaan dan Kesejahteraan Masyarakat',21,'2022-04-04 22:58:38','2022-04-04 22:58:38'),(1289,'197106132010011003','SLAMET','','SE',6,'Kasie Pemberdayaan dan Kesejahteraan Masyarakat',80,'2022-04-04 22:58:38','2022-04-04 22:58:38'),(1290,'197903042007012003','ANI MARLINA','','SKM, M.Si',5,'Kasie Pemberdayaan Masyarakat',9,'2022-04-04 22:58:38','2022-04-04 22:58:38'),(1291,'196408161984102002','NURJANAH','Dra','MM',5,'Kasie Pemberdayaan Masyarakat',6,'2022-04-04 22:58:39','2022-04-04 22:58:39'),(1292,'196804262008011003','AHMAD FAISAL MUHAROM','','A.Md',6,'Kasie Pemerintahan',95,'2022-04-04 22:58:39','2022-04-04 22:58:39'),(1293,'196603141988032008','SURTININGSIH','Dra','MM',5,'Kasie Pemerintahan',4,'2022-04-04 22:58:39','2022-04-04 22:58:39'),(1294,'198405062009021001','SANDY MEIFIEF WINATA PRAJA','','S.IP',5,'Kasie Pemerintahan',12,'2022-04-04 22:58:39','2022-04-04 22:58:39'),(1295,'196910102009061005','ADE HIDAYAT','','',5,'Kasie Pemerintahan',79,'2022-04-04 22:58:39','2022-04-04 22:58:39'),(1296,'197511262010011002','REZA SYAHFIRMAN SHAHAB','','S.E, MSi',6,'Kasie Pemerintahan',88,'2022-04-04 22:58:39','2022-04-04 22:58:39'),(1297,'196907102007011036','DADING EFENDI','','S.AP',5,'Kasie Pendidikan dan Kesehatan',41,'2022-04-04 22:58:39','2022-04-04 22:58:39'),(1298,'198102102010011002','ASEP NOOR BY','','S.IP',5,'Kasie Pendidikan dan Kesehatan',32,'2022-04-04 22:58:39','2022-04-04 22:58:39'),(1299,'197501041999032003','SITI LATIFAH','','S.Sos',5,'Kasie Pendidikan dan Kesehatan',11,'2022-04-04 22:58:39','2022-04-04 22:58:39'),(1300,'197306101995031006','TONI HUMARDANI','','S.Pd',5,'Kasie Pendidikan dan Kesehatan',31,'2022-04-04 22:58:39','2022-04-04 22:58:39'),(1301,'197412142008011004','ASAN','','S.IP',5,'Kasie Penyelamatan dan Pertolongan Darurat',53,'2022-04-04 22:58:39','2022-04-04 22:58:39'),(1302,'197412312007011024','SAMBAS','','SSos., M.M.',5,'Kasie Perekonomian dan Pembangunan',5,'2022-04-04 22:58:39','2022-04-04 22:58:39'),(1303,'197208242009012001','SITI CHODIJAH','','S.E.',5,'Kasie Perekonomian dan Pembangunan',33,'2022-04-04 22:58:39','2022-04-04 22:58:39'),(1304,'198405182009011008','TIMBUL','','S.E.,M.P.',5,'Kasie Perekonomian dan Pembangunan',19,'2022-04-04 22:58:39','2022-04-04 22:58:39'),(1305,'197204051994032010','SULISTIATI','','S.Sos.',5,'Kasie Perekonomian dan Pembangunan',2,'2022-04-04 22:58:39','2022-04-04 22:58:39'),(1306,'197709022010011008','DEDE FAUZI','','S.Kom',5,'Kasie Persandian',51,'2022-04-04 22:58:39','2022-04-04 22:58:39'),(1307,'198007242010011020','FADLY ISKANDAR','','ST',5,'Kasie Rehabilitasi Sekolah Dasar',73,'2022-04-04 22:58:39','2022-04-04 22:58:39'),(1308,'197607222006041009','RUSLY PERMANA','','S.T',5,'Kasubag Keuangan',57,'2022-04-04 22:58:39','2022-04-04 22:58:39'),(1309,'197906102005012011','DIANA RAHMAWATI','','SH, MM',5,'Kasubag Keuangan',52,'2022-04-04 22:58:39','2022-04-04 22:58:39'),(1310,'197701222008012006','RIKA SOFYANA','','S.E, M.M',5,'Kasubag Keuangan',58,'2022-04-04 22:58:39','2022-04-04 22:58:39'),(1311,'197812302010011002','GUNTUR EDWARD ALAM PERMANA','','S.Kom',5,'Kasubag Keuangan',61,'2022-04-04 22:58:39','2022-04-04 22:58:39'),(1312,'198310022002121004','RIZKI SETIAWAN','','S.IP',5,'Kasubag Keuangan',69,'2022-04-04 22:58:39','2022-04-04 22:58:39'),(1313,'197106042008012005','ASMANI','','S.Sos',6,'Kasubag Keuangan dan Program',26,'2022-04-04 22:58:39','2022-04-04 22:58:39'),(1314,'197907082009011003','DENNY CHAHYADI SOERADHININGRAT','','S.AP',6,'Kasubag Program dan Keuangan',37,'2022-04-04 22:58:39','2022-04-04 22:58:39'),(1315,'198011042009011003','SUDOMO','','SE',6,'Kasubag Program dan Keuangan',2,'2022-04-04 22:58:39','2022-04-04 22:58:39'),(1316,'198001052009021001','ENDIN SYAFRUDIN','','S.Pt',6,'Kasubag Program dan Keuangan',11,'2022-04-04 22:58:39','2022-04-04 22:58:39'),(1317,'197302272009061001','BAGIO','','S.Sos',6,'Kasubag Program dan Keuangan',3,'2022-04-04 22:58:39','2022-04-04 22:58:39'),(1318,'197305032008011003','UJANG JUNAEDI','','S.E',6,'Kasubag Program dan Keuangan',13,'2022-04-04 22:58:39','2022-04-04 22:58:39'),(1319,'198508262009021001','ADHAM ARYO WIBOWO','','S.Sos, M.A',5,'Kasubag Program dan Pelaporan',50,'2022-04-04 22:58:39','2022-04-04 22:58:39'),(1320,'197811132012112001','DIANA NOVITA','','A.Md.Kep',6,'Kasubag Tata Usaha',66,'2022-04-04 22:58:39','2022-04-04 22:58:39'),(1321,'197705072010011001','MOCHAMAD ICHSAN SANTOSO','','S.E',5,'Kasubag Tata Usaha',51,'2022-04-04 22:58:39','2022-04-04 22:58:39'),(1322,'197406042002121006','ROHMAT','','SM',6,'Kasubag Tata Usaha',74,'2022-04-04 22:58:39','2022-04-04 22:58:39'),(1323,'197111162002121003','INDRA RIDARTA','','S.E',6,'Kasubag Tata Usaha',65,'2022-04-04 22:58:39','2022-04-04 22:58:39'),(1324,'197208132007011010','BAMBANG HERMAWAN','','S.E',6,'Kasubag Tata Usaha',74,'2022-04-04 22:58:39','2022-04-04 22:58:39'),(1325,'197208082010012001','LISTIANA NURBAWATI','','S.Sos',5,'Kasubag Umum dan Kepegawaian',17,'2022-04-04 22:58:39','2022-04-04 22:58:39'),(1326,'197512112010011002','SAEPUL MANAN','','S.E.',6,'Kasubag Umum dan Kepegawaian',13,'2022-04-04 22:58:39','2022-04-04 22:58:39'),(1327,'196605302007011001','AHMAD MULYADI','','S.E.',6,'Kasubag Umum dan Kepegawaian',34,'2022-04-04 22:58:39','2022-04-04 22:58:39'),(1328,'197308062007011007','ASEP SARIPUDIN','','S.H',6,'Kasubag Umum dan Kepegawaian',20,'2022-04-04 22:58:39','2022-04-04 22:58:39'),(1329,'196701232007011005','HERI GUNAWAN','','S.AP',6,'Kasubag Umum dan Kepegawaian',33,'2022-04-04 22:58:39','2022-04-04 22:58:39'),(1330,'197809132010012002','MIRA SEPTASARI','','S.E, M.Si',5,'Kasubid Pengembangan',69,'2022-04-04 22:58:40','2022-04-04 22:58:40'),(1331,'197511132009011002','NANA JUHANA','','SE, M.A',5,'Lurah',79,'2022-04-04 22:58:40','2022-04-04 22:58:40'),(1332,'197907222008011004','RUSWANDI','','S.Sos',6,'Sekretaris Kelurahan',21,'2022-04-04 22:58:40','2022-04-04 22:58:40'),(1333,'','ADE YASIN',NULL,NULL,8,'Bupati Bogor',1,'2022-04-04 22:58:40','2022-04-04 22:58:40');
/*!40000 ALTER TABLE `mst_pegawai` ENABLE KEYS */;
UNLOCK TABLES;

--
-- Table structure for table `mst_periode`
--

DROP TABLE IF EXISTS `mst_periode`;
/*!40101 SET @saved_cs_client     = @@character_set_client */;
/*!40101 SET character_set_client = utf8 */;
CREATE TABLE `mst_periode` (
  `id` bigint(20) unsigned NOT NULL AUTO_INCREMENT,
  `nama` varchar(255) COLLATE utf8mb4_unicode_ci NOT NULL,
  `dari` int(11) NOT NULL,
  `sampai` int(11) NOT NULL,
  `is_plt` tinyint(1) NOT NULL DEFAULT 0,
  `created_at` timestamp NULL DEFAULT NULL,
  `updated_at` timestamp NULL DEFAULT NULL,
  `is_selected` tinyint(1) NOT NULL DEFAULT 0,
  PRIMARY KEY (`id`)
) ENGINE=InnoDB AUTO_INCREMENT=4 DEFAULT CHARSET=utf8mb4 COLLATE=utf8mb4_unicode_ci;
/*!40101 SET character_set_client = @saved_cs_client */;

--
-- Dumping data for table `mst_periode`
--

LOCK TABLES `mst_periode` WRITE;
/*!40000 ALTER TABLE `mst_periode` DISABLE KEYS */;
INSERT INTO `mst_periode` VALUES (1,'Asola Akbar',2021,2025,0,'2022-01-10 07:48:19','2022-01-10 07:48:51',0),(2,'Ade Munawaroh Yasin, SH. MH',2018,2023,0,'2022-01-13 01:00:16','2022-01-13 01:00:16',1);
/*!40000 ALTER TABLE `mst_periode` ENABLE KEYS */;
UNLOCK TABLES;

--
-- Table structure for table `mst_periode_per_tahun`
--

DROP TABLE IF EXISTS `mst_periode_per_tahun`;
/*!40101 SET @saved_cs_client     = @@character_set_client */;
/*!40101 SET character_set_client = utf8 */;
CREATE TABLE `mst_periode_per_tahun` (
  `id` bigint(20) unsigned NOT NULL AUTO_INCREMENT,
  `id_periode` bigint(20) unsigned NOT NULL,
  `tahun` int(11) NOT NULL,
  `created_at` timestamp NULL DEFAULT NULL,
  `updated_at` timestamp NULL DEFAULT NULL,
  PRIMARY KEY (`id`),
  KEY `mst_periode_per_tahun_id_periode_foreign` (`id_periode`),
  CONSTRAINT `mst_periode_per_tahun_id_periode_foreign` FOREIGN KEY (`id_periode`) REFERENCES `mst_periode` (`id`) ON DELETE CASCADE ON UPDATE CASCADE
) ENGINE=InnoDB AUTO_INCREMENT=15 DEFAULT CHARSET=utf8mb4 COLLATE=utf8mb4_unicode_ci;
/*!40101 SET character_set_client = @saved_cs_client */;

--
-- Dumping data for table `mst_periode_per_tahun`
--

LOCK TABLES `mst_periode_per_tahun` WRITE;
/*!40000 ALTER TABLE `mst_periode_per_tahun` DISABLE KEYS */;
INSERT INTO `mst_periode_per_tahun` VALUES (1,1,2022,'2021-12-27 22:31:00','2021-12-27 22:31:00'),(2,1,2023,'2021-12-27 22:31:00','2021-12-27 22:31:00'),(3,1,2024,'2021-12-27 22:31:00','2021-12-27 22:31:00'),(4,1,2025,'2021-12-27 22:31:00','2021-12-27 22:31:00'),(5,2,2019,'2022-01-13 01:00:16','2022-01-13 01:00:16'),(6,2,2020,'2022-01-13 01:00:16','2022-01-13 01:00:16'),(7,2,2021,'2022-01-13 01:00:16','2022-01-13 01:00:16'),(8,2,2022,'2022-01-13 01:00:16','2022-01-13 01:00:16'),(9,2,2023,'2022-01-13 01:00:16','2022-01-13 01:00:16');
/*!40000 ALTER TABLE `mst_periode_per_tahun` ENABLE KEYS */;
UNLOCK TABLES;

--
-- Table structure for table `mst_program`
--

DROP TABLE IF EXISTS `mst_program`;
/*!40101 SET @saved_cs_client     = @@character_set_client */;
/*!40101 SET character_set_client = utf8 */;
CREATE TABLE `mst_program` (
  `id` bigint(20) unsigned NOT NULL AUTO_INCREMENT,
  `kode_program` varchar(255) COLLATE utf8mb4_unicode_ci NOT NULL,
  `name` text COLLATE utf8mb4_unicode_ci NOT NULL,
  `id_bidang_urusan` bigint(20) unsigned NOT NULL,
  `created_at` timestamp NULL DEFAULT NULL,
  `updated_at` timestamp NULL DEFAULT NULL,
  PRIMARY KEY (`id`),
  KEY `mst_program_id_bidang_urusan_foreign` (`id_bidang_urusan`),
  CONSTRAINT `mst_program_id_bidang_urusan_foreign` FOREIGN KEY (`id_bidang_urusan`) REFERENCES `mst_bidang_urusan` (`id`)
) ENGINE=InnoDB AUTO_INCREMENT=178 DEFAULT CHARSET=utf8mb4 COLLATE=utf8mb4_unicode_ci;
/*!40101 SET character_set_client = @saved_cs_client */;

--
-- Dumping data for table `mst_program`
--

LOCK TABLES `mst_program` WRITE;
/*!40000 ALTER TABLE `mst_program` DISABLE KEYS */;
INSERT INTO `mst_program` VALUES (1,'01','PROGRAM PENUNJANG URUSAN PEMERINTAHAN DAERAH KABUPATEN/KOTA',1,NULL,NULL),(2,'02','(kosong)',1,NULL,NULL),(3,'02','PROGRAM PENGELOLAAN PENDIDIKAN',2,NULL,NULL),(4,'03','PROGRAM PENGEMBANGAN KURIKULUM',2,NULL,NULL),(5,'04','PROGRAM PENDIDIK DAN TENAGA KEPENDIDIKAN',2,NULL,NULL),(6,'05','PROGRAM PENGENDALIAN PERIZINAN PENDIDIKAN',2,NULL,NULL),(7,'06','PROGRAM PENGEMBANGAN BAHASA DAN SASTRA',2,NULL,NULL),(8,'02','PROGRAM PEMENUHAN UPAYA KESEHATAN PERORANGAN DAN UPAYA KESEHATAN MASYARAKAT',3,NULL,NULL),(9,'03','PROGRAM PENINGKATAN KAPASITAS SUMBER DAYA MANUSIA KESEHATAN',3,NULL,NULL),(10,'04','PROGRAM SEDIAAN FARMASI, ALAT KESEHATAN DAN MAKANAN MINUMAN',3,NULL,NULL),(11,'05','PROGRAM PEMBERDAYAAN MASYARAKAT BIDANG KESEHATAN',3,NULL,NULL),(12,'02','PROGRAM PENGELOLAAN SUMBER DAYA AIR (SDA)',4,NULL,NULL),(13,'03','PROGRAM PENGELOLAAN DAN PENGEMBANGAN SISTEM PENYEDIAAN AIR MINUM',4,NULL,NULL),(14,'04','PROGRAM PENGEMBANGAN SISTEM DAN PENGELOLAAN PERSAMPAHAN REGIONAL',4,NULL,NULL),(15,'05','PROGRAM PENGELOLAAN DAN PENGEMBANGAN SISTEM AIR LIMBAH',4,NULL,NULL),(16,'06','PROGRAM PENGELOLAAN DAN PENGEMBANGAN SISTEM DRAINASE',4,NULL,NULL),(17,'07','PROGRAM PENGEMBANGAN PERMUKIMAN',4,NULL,NULL),(18,'08','PROGRAM PENATAAN BANGUNAN GEDUNG',4,NULL,NULL),(19,'09','PROGRAM PENATAAN BANGUNAN DAN LINGKUNGANNYA',4,NULL,NULL),(20,'10','PROGRAM PENYELENGGARAAN JALAN',4,NULL,NULL),(21,'11','PROGRAM PENGEMBANGAN JASA KONSTRUKSI',4,NULL,NULL),(22,'12','PROGRAM PENYELENGGARAAN PENATAAN RUANG',4,NULL,NULL),(23,'02','PROGRAM PENGEMBANGAN PERUMAHAN',5,NULL,NULL),(24,'03','PROGRAM KAWASAN PERMUKIMAN',5,NULL,NULL),(25,'04','PROGRAM PERUMAHAN DAN KAWASAN PERMUKIMAN KUMUH',5,NULL,NULL),(26,'05','PROGRAM PENINGKATAN PRASARANA, SARANA, DAN UTILITAS UMUM (PSU)',5,NULL,NULL),(27,'06','PROGRAM PENINGKATAN PELAYANAN SERTIFIKASI, KUALIFIKASI, KLASIFIKASI, DAN REGISTRASI BIDANG PERUMAHAN DAN KAWASAN PERMUKIMAN',5,NULL,NULL),(28,'02','PROGRAM PENINGKATAN KETENTRAMAN DAN KETERTIBAN UMUM',6,NULL,NULL),(29,'03','PROGRAM PENANGGULANGAN BENCANA',6,NULL,NULL),(30,'04','PROGRAM PENCEGAHAN, PENANGGULANGAN, PENYELAMATAN KEBAKARAN DAN PENYELAMATAN NON KEBAKARAN',6,NULL,NULL),(31,'02','PROGRAM PEMBERDAYAAN SOSIAL',7,NULL,NULL),(32,'03','PROGRAM PENANGANAN WARGA NEGARA MIGRAN KORBAN TINDAK KEKERASAN',7,NULL,NULL),(33,'04','PROGRAM REHABILITASI SOSIAL',7,NULL,NULL),(34,'05','PROGRAM PERLINDUNGAN DAN JAMINAN SOSIAL',7,NULL,NULL),(35,'06','PROGRAM PENANGANAN BENCANA',7,NULL,NULL),(36,'07','PROGRAM PENGELOLAAN TAMAN MAKAM PAHLAWAN',7,NULL,NULL),(37,'02','PROGRAM PERENCANAAN TENAGA KERJA',8,NULL,NULL),(38,'03','PROGRAM PELATIHAN KERJA DAN PRODUKTIVITAS TENAGA KERJA',8,NULL,NULL),(39,'04','PROGRAM PENEMPATAN TENAGA KERJA',8,NULL,NULL),(40,'05','PROGRAM HUBUNGAN INDUSTRIAL',8,NULL,NULL),(41,'06','PROGRAM PENGAWASAN KETENAGAKERJAAN',8,NULL,NULL),(42,'02','PROGRAM PENGARUS UTAMAAN GENDER DAN PEMBERDAYAAN PEREMPUAN',9,NULL,NULL),(43,'03','PROGRAM PERLINDUNGAN PEREMPUAN',9,NULL,NULL),(44,'04','PROGRAM PENINGKATAN KUALITAS KELUARGA',9,NULL,NULL),(45,'05','PROGRAM PENGELOLAAN SISTEM DATA GENDER DAN ANAK',9,NULL,NULL),(46,'06','PROGRAM PEMENUHAN HAK ANAK (PHA)',9,NULL,NULL),(47,'07','PROGRAM PERLINDUNGAN KHUSUS ANAK',9,NULL,NULL),(48,'02','PROGRAM PENGELOLAAN SUMBER DAYA EKONOMI UNTUK KEDAULATAN DAN KEMANDIRIAN PANGAN',10,NULL,NULL),(49,'03','PROGRAM PENINGKATAN DIVERSIFIKASI DAN KETAHANAN PANGAN MASYARAKAT',10,NULL,NULL),(50,'04','PROGRAM PENANGANAN KERAWANAN PANGAN',10,NULL,NULL),(51,'05','PROGRAM PENGAWASAN KEAMANAN PANGAN',10,NULL,NULL),(52,'02','PROGRAM PENGELOLAAN IZIN LOKASI',11,NULL,NULL),(53,'04','PROGRAM PENYELESAIAN SENGKETA TANAH GARAPAN',11,NULL,NULL),(54,'05','PROGRAM PENYELESAIAN GANTI KERUGIAN DAN SANTUNAN TANAH UNTUK PEMBANGUNAN',11,NULL,NULL),(55,'06','PROGRAM REDISTRIBUSI TANAH, DAN GANTI KERUGIAN PROGRAM TANAH KELEBIHAN MAKSIMUM DAN TANAH ABSENTEE',11,NULL,NULL),(56,'07','PROGRAM PENETAPAN TANAH ULAYAT',11,NULL,NULL),(57,'08','PROGRAM PENGELOLAAN TANAH KOSONG',11,NULL,NULL),(58,'09','PROGRAM PENGELOLAAN IZIN MEMBUKA TANAH',11,NULL,NULL),(59,'10','PROGRAM PENATAGUNAAN TANAH',11,NULL,NULL),(60,'02','PROGRAM PERENCANAAN LINGKUNGAN HIDUP',12,NULL,'2021-09-28 00:19:02'),(61,'03','PROGRAM PENGENDALIAN PENCEMARAN DAN/ATAU KERUSAKAN LINGKUNGAN HIDUP',12,NULL,NULL),(62,'04','PROGRAM PENGELOLAAN KEANEKARAGAMAN HAYATI (KEHATI)',12,NULL,NULL),(63,'05','PROGRAM PENGENDALIAN BAHAN BERBAHAYA DAN BERACUN (B3) DAN LIMBAH BAHAN BERBAHAYA DAN BERACUN (LIMBAH B3)',12,NULL,NULL),(64,'06','PROGRAM PEMBINAAN DAN PENGAWASAN TERHADAP IZIN LINGKUNGAN DAN IZIN PERLINDUNGAN DAN PENGELOLAAN LINGKUNGAN HIDUP (PPLH)',12,NULL,NULL),(65,'07','PROGRAM PENGAKUAN KEBERADAAN MASYARAKAT HUKUM ADAT (MHA), KEARIFAN LOKAL DAN HAK MHA YANG TERKAIT DENGAN PPLH',12,NULL,NULL),(66,'08','PROGRAM PENINGKATAN PENDIDIKAN, PELATIHAN DAN PENYULUHAN LINGKUNGAN HIDUP UNTUK MASYARAKAT',12,NULL,NULL),(67,'09','PROGRAM PENGHARGAAN LINGKUNGAN HIDUP UNTUK MASYARAKAT',12,NULL,NULL),(68,'10','PROGRAM PENANGANAN PENGADUAN LINGKUNGAN HIDUP',12,NULL,NULL),(69,'11','PROGRAM PENGELOLAAN PERSAMPAHAN',12,NULL,NULL),(70,'02','PROGRAM PENDAFTARAN PENDUDUK',13,NULL,NULL),(71,'03','PROGRAM PENCATATAN SIPIL',13,NULL,NULL),(72,'04','PROGRAM PENGELOLAAN INFORMASI ADMINISTRASI KEPENDUDUKAN',13,NULL,NULL),(73,'05','PROGRAM PENGELOLAAN PROFIL KEPENDUDUKAN',13,NULL,NULL),(74,'02','PROGRAM PENATAAN DESA',14,NULL,NULL),(75,'03','PROGRAM PENINGKATAN KERJASAMA DESA',14,NULL,NULL),(76,'04','PROGRAM ADMINISTRASI PEMERINTAHAN DESA',14,NULL,NULL),(77,'05','PROGRAM PEMBERDAYAAN LEMBAGA KEMASYARAKATAN, LEMBAGA ADAT DAN MASYARAKAT HUKUM ADAT',14,NULL,NULL),(78,'02','PROGRAM PENGENDALIAN PENDUDUK',15,NULL,NULL),(79,'03','PROGRAM PEMBINAAN KELUARGA BENCANA (KB)',15,NULL,NULL),(80,'04','PROGRAM PEMBERDAYAAN DAN PENINGKATAN KELUARGA SEJAHTERA (KS)',15,NULL,NULL),(81,'02','PROGRAM PENYELENGGARAAN LALU LINTAS DAN ANGKUTAN JALAN (LLAJ)',16,NULL,NULL),(82,'03','PROGRAM PENGELOLAAN PELAYARAN',16,NULL,NULL),(83,'04','PROGRAM PENGELOLAAN PENERBANGAN',16,NULL,NULL),(84,'05','PROGRAM PENGELOLAAN PERKERETAAPIAN',16,NULL,NULL),(85,'02','PROGRAM PENGELOLAAN INFORMASI DAN KOMUNIKASI PUBLIK',17,NULL,NULL),(86,'03','PROGRAM PENGELOLAAN APLIKASI INFORMATIKA',17,NULL,NULL),(87,'02','PROGRAM PELAYANAN IZIN USAHA SIMPAN PINJAM',18,NULL,NULL),(88,'03','PROGRAM PENGAWASAN DAN PEMERIKSAAN KOPERASI',18,NULL,NULL),(89,'04','PROGRAM PENILAIAN KESEHATAN KSP/USP KOPERASI',18,NULL,NULL),(90,'05','PROGRAM PENDIDIKAN DAN LATIHAN PERKOPERASIAN',18,NULL,NULL),(91,'06','PROGRAM PEMBERDAYAAN DAN PERLINDUNGAN KOPERASI',18,NULL,NULL),(92,'07','PROGRAM PEMBERDAYAAN USAHA MENENGAH, USAHA KECIL, DAN USAHA MIKRO (UMKM)',18,NULL,NULL),(93,'08','PROGRAM PENGEMBANGAN UMKM',18,NULL,NULL),(94,'02','PROGRAM PENGEMBANGAN IKLIM PENANAMAN MODAL',19,NULL,NULL),(95,'03','PROGRAM PROMOSI PENANAMAN MODAL',19,NULL,NULL),(96,'04','PROGRAM PELAYANAN PENANAMAN MODAL',19,NULL,NULL),(97,'05','PROGRAM PENGENDALIAN PELAKSANAAN PENANAMAN MODAL',19,NULL,NULL),(98,'06','PROGRAM PENGELOLAAN DATA DAN SISTEM INFORMASI PENANAMAN MODAL',19,NULL,NULL),(99,'02','PROGRAM PENGEMBANGAN KAPASITAS DAYA SAING KEPEMUDAAN',20,NULL,NULL),(100,'03','PROGRAM PENGEMBANGAN KAPASITAS DAYA SAING KEOLAHRAGAAN',20,NULL,NULL),(101,'04','PROGRAM PENGEMBANGAN KAPASITAS KEPRAMUKAAN',20,NULL,NULL),(102,'02','PROGRAM PENYELENGGARAAN STATISTIK SEKTORAL',21,NULL,NULL),(103,'02','PROGRAM PENYELENGGARAAN PERSANDIAN UNTUK PENGAMANAN INFORMASI',22,NULL,NULL),(104,'02','PROGRAM PENGEMBANGAN KEBUDAYAAN',23,NULL,NULL),(105,'03','PROGRAM PENGEMBANGAN KESENIAN TRADISIONAL',23,NULL,NULL),(106,'04','PROGRAM PEMBINAAN SEJARAH',23,NULL,NULL),(107,'05','PROGRAM PELESTARIAN DAN PENGELOLAAN CAGAR BUDAYA',23,NULL,NULL),(108,'06','PROGRAM PENGELOLAAN PERMUSEUMAN',23,NULL,NULL),(109,'02','PROGRAM PEMBINAAN PERPUSTAKAAN',24,NULL,NULL),(110,'03','PROGRAM PELESTARIAN KOLEKSI NASIONAL DAN NASKAH KUNO',24,NULL,NULL),(111,'02','PROGRAM PENGELOLAAN ARSIP',25,NULL,NULL),(112,'03','PROGRAM PERLINDUNGAN DAN PENYELAMATAN ARSIP',25,NULL,NULL),(113,'04','PROGRAM PERIZINAN PENGGUNAAN ARSIP',25,NULL,NULL),(114,'02','PROGRAM PENGELOLAAN KELAUTAN, PESISIR DAN PULAU-PULAU KECIL',26,NULL,NULL),(115,'03','PROGRAM PENGELOLAAN PERIKANAN TANGKAP',26,NULL,NULL),(116,'04','PROGRAM PENGELOLAAN PERIKANAN BUDIDAYA',26,NULL,NULL),(117,'05','PROGRAM PENGAWASAN SUMBER DAYA KELAUTAN DAN PERIKANAN',26,NULL,NULL),(118,'06','PROGRAM PENGOLAHAN DAN PEMASARAN HASIL PERIKANAN',26,NULL,NULL),(119,'02','PROGRAM PENINGKATAN DAYA TARIK DESTINASI PARIWISATA',27,NULL,NULL),(120,'03','PROGRAM PEMASARAN PARIWISATA',27,NULL,NULL),(121,'04','PROGRAM PENGEMBANGAN EKONOMI KREATIF MELALUI PEMANFAATAN DAN PERLINDUNGAN HAK KEKAYAAN INTELEKTUAL',27,NULL,NULL),(122,'05','PROGRAM PENGEMBANGAN SUMBER DAYA PARIWISATA DAN EKONOMI KREATIF',27,NULL,NULL),(123,'02','PROGRAM PENYEDIAAN DAN PENGEMBANGAN SARANA PERTANIAN',28,NULL,NULL),(124,'03','PROGRAM PENYEDIAAN DAN PENGEMBANGAN PRASARANA PERTANIAN',28,NULL,NULL),(125,'04','PROGRAM PENGENDALIAN KESEHATAN HEWAN DAN KESEHATAN MASYARAKAT VETERINER',28,NULL,NULL),(126,'05','PROGRAM PENGENDALIAN DAN PENANGGULANGAN BENCANA PERTANIAN',28,NULL,NULL),(127,'06','PROGRAM PERIZINAN USAHA PERTANIAN',28,NULL,NULL),(128,'07','PROGRAM PENYULUHAN PERTANIAN',28,NULL,NULL),(129,'02','PROGRAM PERENCANAAN HUTAN',29,NULL,NULL),(130,'03','PROGRAM PENGELOLAAN HUTAN',29,NULL,NULL),(131,'04','PROGRAM KONSERVASI SUMBER DAYA ALAM HAYATI DAN EKOSISTEMNYA',29,NULL,NULL),(132,'05','PROGRAM PENDIDIKAN DAN PELATIHAN, PENYULUHAN DAN PEMBERDAYAAN MASYARAKAT DI BIDANG KEHUTANAN',29,NULL,NULL),(133,'06','PROGRAM PENGELOLAAN DAERAH ALIRAN SUNGAI (DAS)',29,NULL,NULL),(134,'02','PROGRAM PENGELOLAAN ASPEK GEOLOGI',30,NULL,NULL),(135,'03','PROGRAM MINERAL DAN BATUBARA',30,NULL,NULL),(136,'04','PROGRAM PENGELOLAAN MINYAK DAN GAS BUMI',30,NULL,NULL),(137,'05','PROGRAM PENGELOLAAN ENERGI BARU TERBARUKAN',30,NULL,NULL),(138,'06','PROGRAM KETENAGALISTRIKAN',30,NULL,NULL),(139,'02','PROGRAM PERIZINAN DAN PENDAFTARAN PERUSAHAAN',31,NULL,NULL),(140,'03','PROGRAM PENINGKATAN SARANA DISTRIBUSI PERDAGANGAN',31,NULL,NULL),(141,'04','PROGRAM STABILISASI HARGA BARANG KEBUTUHAN POKOK DAN BARANG PENTING',31,NULL,NULL),(142,'05','PROGRAM PENGEMBANGAN EKSPOR',31,NULL,NULL),(143,'06','PROGRAM STANDARDISASI DAN PERLINDUNGAN KONSUMEN',31,NULL,NULL),(144,'07','PROGRAM PENGGUNAAN DAN PEMASARAN PRODUK DALAM NEGERI',31,NULL,NULL),(145,'02','PROGRAM PERENCANAAN DAN PEMBANGUNAN INDUSTRI',32,NULL,NULL),(146,'03','PROGRAM PENGENDALIAN IZIN USAHA INDUSTRI',32,NULL,NULL),(147,'04','PROGRAM PENGELOLAAN SISTEM INFORMASI INDUSTRI NASIONAL',32,NULL,NULL),(148,'02','PROGRAM PERENCANAAN KAWASAN TRANSMIGRASI',33,NULL,NULL),(149,'03','PROGRAM PEMBANGUNAN KAWASAN TRANSMIGRASI',33,NULL,NULL),(150,'04','PROGRAM PENGEMBANGAN KAWASAN TRANSMIGRASI',33,NULL,NULL),(151,'01','PROGRAM ADMINISTRASI UMUM (menggunakan Kegiatan dan Sub Kegiatan pada Program Penunjang Urusan Pemerintahan Daerah)',34,NULL,NULL),(152,'02','PROGRAM PEMERINTAHAN DAN KESEJAHTERAAN RAKYAT',34,NULL,NULL),(153,'03','PROGRAM PEREKONOMIAN DAN PEMBANGUNAN',34,NULL,NULL),(154,'01','PROGRAM ADMINISTRASI UMUM SEKRETARIAT DPRD KABUPATEN/KOTA',35,NULL,NULL),(155,'02','PROGRAM DUKUNGAN PELAKSANAAN TUGAS DAN FUNGSI DPRD',35,NULL,NULL),(156,'02','PROGRAM PERENCANAAN, PENGENDALIAN DAN EVALUASI PEMBANGUNAN DAERAH',36,NULL,NULL),(157,'03','PROGRAM KOORDINASI DAN SINKRONISASI PERENCANAAN PEMBANGUNAN DAERAH',36,NULL,NULL),(158,'02','PROGRAM PENGELOLAAN KEUANGAN DAERAH',37,NULL,NULL),(159,'03','PROGRAM PENGELOLAAN BARANG MILIK DAERAH',37,NULL,NULL),(160,'04','PROGRAM PENGELOLAAN PENDAPATAN DAERAH',37,NULL,NULL),(161,'02','PROGRAM KEPEGAWAIAN DAERAH',38,NULL,NULL),(162,'02','PROGRAM PENGEMBANGAN SUMBER DAYA MANUSIA',39,NULL,NULL),(163,'02','PROGRAM PENELITIAN DAN PENGEMBANGAN DAERAH',40,NULL,NULL),(164,'02','PROGRAM PENGELOLAAN PERBATASAN',41,NULL,NULL),(165,'02','PROGRAM PENYELENGGARAAN PENGAWASAN',42,NULL,NULL),(166,'03','PROGRAM PERUMUSAN KEBIJAKAN, PENDAMPINGAN DAN ASISTENSI',42,NULL,NULL),(167,'02','PROGRAM PENYELENGGARAAN PEMERINTAHAN DAN PELAYANAN PUBLIK',43,NULL,NULL),(168,'03','PROGRAM PEMBERDAYAAN MASYARAKAT DESA DAN KELURAHAN',43,NULL,NULL),(169,'04','PROGRAM KOORDINASI KETENTRAMAN DAN KETERTIBAN UMUM',43,NULL,NULL),(170,'05','PROGRAM PENYELENGGARAAN URUSAN PEMERINTAHAN UMUM',43,NULL,NULL),(171,'06','PROGRAM PEMBINAAN DAN PENGAWASAN PEMERINTAHAN DESA',43,NULL,NULL),(172,'02','PROGRAM PENGUATAN IDEOLOGI PANCASILA DAN KARAKTER KEBANGSAAN',44,NULL,NULL),(173,'03','PROGRAM PENINGKATAN PERAN PARTAI POLITIK DAN LEMBAGA PENDIDIKAN MELALUI PENDIDIKAN POLITIK DAN PENGEMBANGAN ETIKA SERTA BUDAYA POLITIK',44,NULL,NULL),(174,'04','PROGRAM PEMBERDAYAAN DAN PENGAWASAN ORGANISASI KEMASYARAKATAN',44,NULL,NULL),(175,'05','PROGRAM PEMBINAAN DAN PENGEMBANGAN KETAHANAN EKONOMI, SOSIAL, DAN BUDAYA',44,NULL,NULL),(176,'06','PROGRAM PENINGKATAN KEWASPADAAN NASIONAL DAN PENINGKATAN KUALITAS DAN FASILITASI PENANGANAN KONFLIK SOSIAL',44,NULL,NULL),(177,'03','PROGRAM PENGENDALIAN IZIN USAHA INDUSTRI KABUPATEN/KOTA',31,'2021-09-28 00:05:50','2021-09-28 00:05:50');
/*!40000 ALTER TABLE `mst_program` ENABLE KEYS */;
UNLOCK TABLES;

--
-- Table structure for table `mst_satuan`
--

DROP TABLE IF EXISTS `mst_satuan`;
/*!40101 SET @saved_cs_client     = @@character_set_client */;
/*!40101 SET character_set_client = utf8 */;
CREATE TABLE `mst_satuan` (
  `id` bigint(20) unsigned NOT NULL AUTO_INCREMENT,
  `name` varchar(255) COLLATE utf8mb4_unicode_ci NOT NULL,
  `created_at` timestamp NULL DEFAULT NULL,
  `updated_at` timestamp NULL DEFAULT NULL,
  PRIMARY KEY (`id`),
  UNIQUE KEY `mst_satuan_name_unique` (`name`)
) ENGINE=InnoDB AUTO_INCREMENT=69 DEFAULT CHARSET=utf8mb4 COLLATE=utf8mb4_unicode_ci;
/*!40101 SET character_set_client = @saved_cs_client */;

--
-- Dumping data for table `mst_satuan`
--

LOCK TABLES `mst_satuan` WRITE;
/*!40000 ALTER TABLE `mst_satuan` DISABLE KEYS */;
INSERT INTO `mst_satuan` VALUES (1,'Tahun','2021-09-10 02:46:13','2021-09-10 02:46:13'),(2,'Point','2021-09-10 02:46:17','2021-09-10 02:46:17'),(3,'%','2021-09-10 02:46:30','2021-09-10 02:46:30'),(4,'Per 100.000 kelahiran hidup','2021-09-10 02:47:09','2021-09-10 02:47:09'),(5,'Per 1.000 kelahiran hidup','2021-09-10 02:47:22','2021-09-10 02:47:22'),(6,'Per 100.000 penduduk','2021-09-10 02:47:51','2021-09-10 02:47:51'),(7,'Per 30.000 penduduk','2021-09-10 02:48:02','2021-09-10 02:48:02'),(8,'Per 1.000 remaja','2021-09-10 02:48:13','2021-09-10 02:48:13'),(9,'Kkal/Kapita/Hari','2021-09-10 02:48:28','2021-09-10 02:48:28'),(10,'Gram/Kapita/Hari','2021-09-10 02:48:38','2021-09-10 02:48:38'),(11,'Kasus','2021-09-10 02:48:42','2021-09-10 02:48:42'),(12,'Kg/Kapital/Tahun','2021-09-10 02:48:55','2021-09-10 02:48:55'),(13,'Per 916.052 penduduk','2021-09-10 02:49:12','2021-09-10 02:49:12'),(14,'Angka','2021-09-10 02:49:19','2021-09-10 02:49:19'),(15,'Ha','2021-09-10 02:49:23','2021-09-10 02:49:23'),(16,'Km','2021-09-10 02:49:32','2021-09-10 02:49:32'),(17,'titik','2021-09-10 02:49:36','2021-09-10 02:49:36'),(18,'Lokasi','2021-09-10 02:49:40','2021-09-10 02:49:40'),(19,'Kelurahan','2021-09-10 02:49:44','2021-09-10 02:49:51'),(20,'Sekolah','2021-09-10 02:50:09','2021-09-10 02:50:09'),(21,'Ton/hari','2021-09-10 02:50:17','2021-09-10 02:50:17'),(22,'orang','2021-09-10 02:50:44','2021-09-10 02:50:44'),(23,'Peringkat','2021-09-10 02:51:00','2021-09-10 02:51:00'),(24,'Event','2021-09-10 02:51:07','2021-09-10 02:51:07'),(25,'kejadian','2021-09-10 02:51:15','2021-09-10 02:51:15'),(26,'Predikat','2021-09-10 02:51:33','2021-09-10 02:51:33'),(27,'Medali','2021-09-10 02:51:37','2021-09-10 02:51:37'),(28,'Indeks','2021-09-10 02:51:59','2021-09-10 02:51:59'),(29,'Rasio','2021-09-10 02:52:14','2021-09-10 02:52:14'),(30,'Level','2021-09-10 02:53:45','2021-09-10 02:53:45'),(31,'arsip','2021-09-10 02:53:59','2021-09-10 02:53:59'),(32,'Opini','2021-09-10 02:54:14','2021-09-10 02:54:14'),(33,'Elemen','2021-09-10 02:54:45','2021-09-10 02:54:45'),(34,'Layanan','2021-09-10 02:55:13','2021-09-10 02:55:13'),(35,'Jam','2021-09-10 02:55:35','2021-09-10 02:55:35'),(36,'Menit','2021-09-10 02:55:42','2021-09-10 02:55:42'),(37,'KK','2021-09-10 02:55:57','2021-09-10 02:55:57'),(38,'Rp','2021-09-10 02:56:05','2021-09-10 02:56:05'),(39,'Juta/pekerja/tahun','2021-09-10 02:56:55','2021-09-10 02:56:55'),(40,'UMKM','2021-09-10 02:57:09','2021-09-10 02:57:09'),(41,'mahasiswa','2021-09-10 02:57:25','2021-09-10 02:57:25'),(42,'Dalam Juta Rp.','2021-09-10 02:57:49','2021-09-10 02:57:49'),(43,'Dalam Ribu Rp.','2021-09-10 02:57:57','2021-09-10 02:57:57'),(44,'Trilyun Rp.','2021-09-10 02:58:05','2021-09-10 02:58:05'),(45,'Rupiah','2021-09-10 02:58:23','2021-09-10 02:58:23'),(46,'PKL','2021-09-10 02:58:27','2021-09-10 02:58:27'),(47,'Unit','2021-09-10 02:58:41','2021-09-10 02:58:41'),(48,'Produk','2021-09-10 02:58:47','2021-09-10 02:58:47'),(49,'kawasan','2021-09-10 02:59:04','2021-09-10 02:59:04'),(50,'M','2021-09-10 02:59:21','2021-09-10 02:59:21'),(51,'Jalur','2021-09-10 02:59:26','2021-09-10 02:59:26'),(52,'Nilai','2022-01-10 00:19:26','2022-01-10 00:19:26'),(53,'WTP','2022-01-27 21:41:38','2022-01-27 21:41:38'),(54,'Predikat/Poin','2022-01-27 21:44:52','2022-01-27 21:44:52'),(55,'N/A','2022-01-27 22:50:16','2022-01-27 22:50:16'),(56,'IDG','2022-01-27 22:59:10','2022-01-27 22:59:10'),(57,'Ton','2022-01-31 19:44:42','2022-01-31 19:44:42'),(58,'Perusahaan','2022-01-31 19:51:35','2022-01-31 19:51:35'),(59,'USD','2022-01-31 19:53:05','2022-01-31 19:53:05'),(60,'Jenis','2022-01-31 19:54:48','2022-01-31 19:54:48'),(61,'Ya/Tidak','2022-01-31 20:01:44','2022-01-31 20:01:44'),(62,'Dokumen','2022-01-31 20:08:33','2022-01-31 20:08:33'),(63,'PD','2022-01-31 20:12:21','2022-01-31 20:12:21'),(64,'v/c ratio','2022-01-31 20:14:09','2022-01-31 20:14:09'),(65,'Kesenian','2022-01-31 20:22:30','2022-01-31 20:22:30'),(66,'Upacara / Penampilan','2022-01-31 20:22:49','2022-01-31 20:22:49'),(67,'Tepat waktu  / Tidak tepat waktu','2022-03-03 23:51:22','2022-03-03 23:51:22'),(68,'Aplikasi','2022-04-14 00:30:46','2022-04-14 00:30:46');
/*!40000 ALTER TABLE `mst_satuan` ENABLE KEYS */;
UNLOCK TABLES;

--
-- Table structure for table `mst_sub_kegiatan`
--

DROP TABLE IF EXISTS `mst_sub_kegiatan`;
/*!40101 SET @saved_cs_client     = @@character_set_client */;
/*!40101 SET character_set_client = utf8 */;
CREATE TABLE `mst_sub_kegiatan` (
  `id` bigint(20) unsigned NOT NULL AUTO_INCREMENT,
  `id_kegiatan` int(11) NOT NULL,
  `kode_sub_kegiatan` varchar(255) COLLATE utf8mb4_unicode_ci NOT NULL,
  `name` varchar(1255) COLLATE utf8mb4_unicode_ci NOT NULL DEFAULT '',
  `created_at` timestamp NULL DEFAULT NULL,
  `updated_at` timestamp NULL DEFAULT NULL,
  PRIMARY KEY (`id`)
) ENGINE=InnoDB AUTO_INCREMENT=1952 DEFAULT CHARSET=utf8mb4 COLLATE=utf8mb4_unicode_ci;
/*!40101 SET character_set_client = @saved_cs_client */;

--
-- Dumping data for table `mst_sub_kegiatan`
--

LOCK TABLES `mst_sub_kegiatan` WRITE;
/*!40000 ALTER TABLE `mst_sub_kegiatan` DISABLE KEYS */;
INSERT INTO `mst_sub_kegiatan` VALUES (1,1,'01','Penyusunan Dokumen Perencanaan Perangkat Daerah\r',NULL,NULL),(2,1,'02','Koordinasi dan Penyusunan Dokumen RKA-SKPD\r',NULL,NULL),(3,1,'03','Koordinasi dan Penyusunan Dokumen Perubahan RKA-SKPD\r',NULL,NULL),(4,1,'04','Koordinasi dan Penyusunan DPA-SKPD\r',NULL,NULL),(5,1,'05','Koordinasi dan Penyusunan Perubahan DPA-SKPD\r',NULL,NULL),(6,1,'06','Koordinasi dan Penyusunan Laporan Capaian Kinerja dan Ikhtisar Realisasi Kinerja SKPD\r',NULL,NULL),(7,1,'07','Evaluasi Kinerja Perangkat Daerah\r',NULL,NULL),(8,2,'01','Peyediaan Gaji dan Tunjangan ASN\r',NULL,NULL),(9,2,'02','Penyediaan Administrasi Pelaksanaan Tugas ASN\r',NULL,NULL),(10,2,'03','Pelaksanaan Penatausahaan dan Pengujian/Verifikasi Keuangan SKPD\r',NULL,NULL),(11,2,'04','Koordinasi dan Pelaksanaan Akuntansi SKPD\r',NULL,NULL),(12,2,'05','Koordinasi dan Penyusunan Laporan Keuangan Akhir Tahun SKPD\r',NULL,NULL),(13,2,'06','Pengelolaan dan Penyiapan Bahan Tanggapan Pemeriksaan\r',NULL,NULL),(14,2,'07','Koordinasi dan Penyusunan Laporan Keuangan Bulanan/Triwulanan/Semesteran SKPD\r',NULL,NULL),(15,2,'08','Penyusunan Pelaporan dan Analisis Prognosis Realisasi Anggaran\r',NULL,NULL),(16,3,'01','Penyusunan Perencanaan Kebutuhan Barang Milik Daerah SKPD\r',NULL,NULL),(17,3,'02','Pengamanan Barang Milik Daerah SKPD\r',NULL,NULL),(18,3,'03','Koordinasi dan Penilaian Barang Milik Daerah SKPD\r',NULL,NULL),(19,3,'04','Pembinaan, Pengawasan, dan Pengendalian Barang Milik Daerah pada SKPD\r',NULL,NULL),(20,3,'05','Rekonsiliasi dan Penyusunan Laporan Barang Milik Daerah pada SKPD\r',NULL,NULL),(21,3,'06','Penatausahaan Barang Milik Daerah pada SKPD\r',NULL,NULL),(22,3,'07','Pemanfaatan Barang Milik Daerah SKPD\r',NULL,NULL),(23,4,'01','Perencanaan Pengelolaan Retribusi Daerah\r',NULL,NULL),(24,4,'02','Analisa dan Pengembangan Retribusi Daerah, serta Penyusunan Kebijakan Retribusi Daerah\r',NULL,NULL),(25,4,'03','Penyuluhan dan Penyebarluasan Kebijakan Retribusi Daerah\r',NULL,NULL),(26,4,'04','Pendataan dan Pendaftaran Objek Retribusi Daerah (Sub Kegiatan berlaku untuk karakter retribusi yang membutuhkan pendataan dan pendaftaran)\r',NULL,NULL),(27,4,'05','Pengolahan Data Retribusi Daerah (Sub Kegiatan berlaku untuk karakter retribusi yang membutuhkan pendataan dan pendaftaran)\r',NULL,NULL),(28,4,'06','Penetapan Wajib Retribusi Daerah (Sub Kegiatan berlaku untuk karakter retribusi yang membutuhkan pendataan dan pendaftaran)\r',NULL,NULL),(29,4,'07','Pelaporan Pengelolaan Retribusi Daerah\r',NULL,NULL),(30,5,'01','Peningkatan Sarana dan Prasarana Disiplin Pegawai\r',NULL,NULL),(31,5,'02','Pengadaan Pakaian Dinas Beserta Atribut Kelengkapannya\r',NULL,NULL),(32,5,'03','Pendataan dan Pengolahan Administrasi Kepegawaian\r',NULL,NULL),(33,5,'04','Koordinasi dan Pelaksanaan Sistem Informasi Kepegawaian\r',NULL,NULL),(34,5,'05','Monitoring, Evaluasi, dan Penilaian Kinerja Pegawai\r',NULL,NULL),(35,5,'06','Pemulangan Pegawai yang Pensiun\r',NULL,NULL),(36,5,'07','Pemulangan Pegawai yang Meninggal dalam Melaksanakan Tugas\r',NULL,NULL),(37,5,'08','Pemindahan Tugas ASN\r',NULL,NULL),(38,5,'09','Pendidikan dan Pelatihan Pegawai Berdasarkan Tugas dan Fungsi\r',NULL,NULL),(39,5,'10','Sosialisasi Peraturan Perundang-Undangan\r',NULL,NULL),(40,5,'11','Bimbingan Teknis Implementasi Peraturan Perundang-Undangan\r',NULL,NULL),(41,6,'01','Penyediaan Komponen Instalasi Listrik/Penerangan Bangunan Kantor\r',NULL,NULL),(42,6,'02','Penyediaan Peralatan dan Perlengkapan Kantor\r',NULL,NULL),(43,6,'03','Penyediaan Peralatan Rumah Tangga\r',NULL,NULL),(44,6,'04','Penyediaan Bahan Logistik Kantor\r',NULL,NULL),(45,6,'05','Penyediaan Barang Cetakan dan Penggandaan\r',NULL,NULL),(46,6,'06','Penyediaan Bahan Bacaan dan Peraturan Perundang-undangan\r',NULL,NULL),(47,6,'07','Penyediaan Bahan Material\r',NULL,NULL),(48,6,'08','Fasilitasi Kunjungan Tamu\r',NULL,NULL),(49,6,'09','Penyelenggaraan Rapat Koordinasi dan Konsultasi SKPD\r',NULL,NULL),(50,6,'10','Penatausahaan Arsip Dinamis pada SKPD\r',NULL,NULL),(51,6,'11','Dukungan Pelaksanaan Sistem Pemerintahan Berbasis Elektronik pada SKPD\r',NULL,NULL),(52,7,'01','Pengadaan Kendaraan Perorangan Dinas atau Kendaraan Dinas Jabatan\r',NULL,NULL),(53,7,'02','Pengadaan Kendaraan Dinas Operasional atau Lapangan\r',NULL,NULL),(54,7,'03','Pengadaan Alat Besar\r',NULL,NULL),(55,7,'04','Pengadaan Alat Angkutan Darat Tak Bermotor\r',NULL,NULL),(56,7,'05','Pengadaan Mebel\r',NULL,NULL),(57,7,'06','Pengadaan Peralatan dan Mesin Lainnya\r',NULL,NULL),(58,7,'07','Pengadaan Aset Tetap Lainnya\r',NULL,NULL),(59,7,'08','Pengadaan Aset Tak Berwujud\r',NULL,NULL),(60,7,'09','Pengadaan Gedung Kantor atau Bangunan Lainnya\r',NULL,NULL),(61,7,'10','Pengadaan Sarana dan Prasarana Gedung Kantor atau Bangunan Lainnya\r',NULL,NULL),(62,7,'11','Pengadaan Sarana dan Prasarana Pendukung Gedung Kantor atau Bangunan Lainnya\r',NULL,NULL),(63,8,'01','Penyediaan Jasa Surat Menyurat\r',NULL,NULL),(64,8,'02','Penyediaan Jasa Komunikasi, Sumber Daya Air dan Listrik\r',NULL,NULL),(65,8,'03','Penyediaan Jasa Peralatan dan Perlengkapan Kantor\r',NULL,NULL),(66,8,'04','Penyediaan Jasa Pelayanan Umum Kantor\r',NULL,NULL),(67,9,'01','Penyediaan Jasa Pemeliharaan, Biaya Pemeliharaan, dan Pajak Kendaraan Perorangan Dinas atau Kendaraan Dinas Jabatan\r',NULL,NULL),(68,9,'02','Penyediaan Jasa Pemeliharaan, Biaya Pemeliharaan, Pajak dan Perizinan Kendaraan Dinas Operasional atau Lapangan\r',NULL,NULL),(69,9,'03','Penyediaan Jasa Pemeliharaan, Biaya Pemeliharaan dan Perizinan Alat Besar\r',NULL,NULL),(70,9,'04','Penyediaan Jasa Pemeliharaan, Biaya Pemeliharaan dan Perizinan Alat Angkutan Darat Tak Bermotor\r',NULL,NULL),(71,9,'05','Pemeliharaan Mebel\r',NULL,NULL),(72,9,'06','Pemeliharaan Peralatan dan Mesin Lainnya\r',NULL,NULL),(73,9,'07','Pemeliharaan Aset Tetap Lainnya\r',NULL,NULL),(74,9,'08','Pemeliharaan Aset Tak Berwujud\r',NULL,NULL),(75,9,'09','Pemeliharaan/Rehabilitasi Gedung Kantor dan Bangunan Lainnya\r',NULL,NULL),(76,9,'10','Pemeliharaan/Rehabilitasi Sarana dan Prasarana Gedung Kantor atau Bangunan Lainnya\r',NULL,NULL),(77,9,'11','Pemeliharaan/Rehabilitasi Sarana dan Prasarana Pendukung Gedung Kantor atau Bangunan Lainnya\r',NULL,NULL),(78,9,'12','Pemeliharaan/Rehabilitasi Tanah\r',NULL,NULL),(79,10,'01','Pelayanan dan Penunjang Pelayanan BLUD\r',NULL,NULL),(80,11,'01','Penyediaan Gaji dan Tunjangan Kepala Daerah dan Wakil Kepala Daerah\r',NULL,NULL),(81,11,'02','Penyediaan Pakaian Dinas dan Atribut Kelengkapan Kepala Daerah dan Wakil Kepala Daerah\r',NULL,NULL),(82,11,'03','Pelaksanaan Medical Check Up Kepala Daerah dan Wakil Kepala Daerah\r',NULL,NULL),(83,11,'04','Penyediaan Dana Penunjang Operasional Kepala Daerah dan Wakil Kepala Daerah\r',NULL,NULL),(84,12,'01','Penyediaan Kebutuhan Rumah Tangga Kepala Daerah\r',NULL,NULL),(85,12,'02','Penyediaan Kebutuhan Rumah Tangga Wakil Kepala Daerah\r',NULL,NULL),(86,12,'03','Penyediaan Kebutuhan Rumah Tangga Sekretariat Daerah\r',NULL,NULL),(87,13,'01','Pengelolaan Kelembagaan dan Analisis Jabatan\r',NULL,NULL),(88,13,'02','Fasilitasi Pelayanan Publik dan Tata Laksana\r',NULL,NULL),(89,13,'03','Peningkatan Kinerja dan Reformasi Birokrasi\r',NULL,NULL),(90,13,'04','Monitoring, Evaluasi dan Pengendalian Kualitas Pelayanan Publik dan Tata Laksana\r',NULL,NULL),(91,13,'05','Koordinasi dan Penyusunan Laporan Kinerja Pemerintah Daerah\r',NULL,NULL),(92,14,'01','Fasilitasi Keprotokolan\r',NULL,NULL),(93,14,'02','Fasilitasi Komunikasi Pimpinan\r',NULL,NULL),(94,14,'03','Pendokumentasian Tugas Pimpinan\r',NULL,NULL),(95,15,'01','Penyelenggaraan Administrasi Keuangan DPRD\r',NULL,NULL),(96,15,'02','Penyediaan Pakaian Dinas dan Atribut DPRD\r',NULL,NULL),(97,15,'03','Pelaksanaan Medical Check Up DPRD\r',NULL,NULL),(98,16,'01','Penyelenggaraan Administrasi Keanggotaan DPRD\r',NULL,NULL),(99,16,'02','Fasilitasi Fraksi DPRD\r',NULL,NULL),(100,16,'03','Fasilitasi Rapat Koordinasi dan Konsultasi DPRD\r',NULL,NULL),(101,16,'04','Penyediaan Kebutuhan Rumah Tangga DPRD\r',NULL,NULL),(102,17,'01','Pembangunan Unit Sekolah Baru (USB)\r',NULL,NULL),(103,17,'02','Penambahan Ruang Kelas Baru\r',NULL,NULL),(104,17,'03','Pembangunan Ruang Guru/Kepala Sekolah/TU\r',NULL,NULL),(105,17,'04','Pembangunan Ruang Unit Kesehatan Sekolah\r',NULL,NULL),(106,17,'05','Pembangunan Perpustakaan Sekolah\r',NULL,NULL),(107,17,'06','Pembangunan Sarana, Prasarana dan Utilitas Sekolah\r',NULL,NULL),(108,17,'07','Pembangunan Rumah Dinas Kepala Sekolah/Guru/Penjaga Sekolah\r',NULL,NULL),(109,17,'08','Rehabilitasi Sedang/Berat Ruang Kelas\r',NULL,NULL),(110,17,'09','Rehabilitasi Sedang/Berat Ruang Guru/Kepala Sekolah/TU\r',NULL,NULL),(111,17,'10','Rehabilitasi Sedang/Berat Ruang Unit Kesehatan Sekolah\r',NULL,NULL),(112,17,'11','Rehabilitasi Sedang/Berat Perpustakaan Sekolah\r',NULL,NULL),(113,17,'12','Rehabilitasi Sedang/Berat Sarana, Prasarana dan Utilitas Sekolah\r',NULL,NULL),(114,17,'13','Rehabilitasi Sedang/Berat Rumah Dinas Kepala Sekolah/Guru/Penjaga Sekolah\r',NULL,NULL),(115,17,'14','Pengadaan Mebel Sekolah\r',NULL,NULL),(116,17,'15','Pengadaan Alat Rumah Tangga Sekolah\r',NULL,NULL),(117,17,'16','Pengadaan Perlengkapan Sekolah\r',NULL,NULL),(118,17,'17','Pengadaan Perlengkapan Siswa\r',NULL,NULL),(119,17,'18','Pemeliharaan Rutin Bangunan Gedung dan Ruangan\r',NULL,NULL),(120,17,'19','Pemeliharaan Rutin Sarana, Prasarana dan Utilitas Sekolah\r',NULL,NULL),(121,17,'20','Pemeliharaan Rutin Rumah Dinas Kepala Sekolah/Guru/Penjaga Sekolah\r',NULL,NULL),(122,17,'21','Penyediaan Biaya Personil Peserta Didik Sekolah Dasar\r',NULL,NULL),(123,17,'22','Pengadaan Alat Praktik dan Peraga Siswa\r',NULL,NULL),(124,17,'23','Penyelenggaraan Proses Belajar dan Ujian bagi Peserta Didik\r',NULL,NULL),(125,17,'24','Penyiapan dan Tindak Lanjut Evaluasi Satuan Pendidikan Dasar\r',NULL,NULL),(126,17,'25','Pembinaan Minat, Bakat dan Kreativitas Siswa\r',NULL,NULL),(127,17,'26','Penyediaan Pendidik dan Tenaga Kependidikan bagi Satuan Pendidikan Sekolah Dasar\r',NULL,NULL),(128,17,'27','Pengembangan Karir Pendidik dan Tenaga Kependidikan pada Satuan Pendidikan Sekolah Dasar\r',NULL,NULL),(129,17,'28','Pembinaan Kelembagaan dan Manajemen Sekolah\r',NULL,NULL),(130,17,'29','Pengelolaan Dana BOS Sekolah Dasar\r',NULL,NULL),(131,17,'30','Peningkatan Kapasitas Pengelolaan Dana BOS Sekolah Dasar\r',NULL,NULL),(132,18,'01','Pembangunan Unit Sekolah Baru (USB)\r',NULL,NULL),(133,18,'02','Penambahan Ruang Kelas Baru\r',NULL,NULL),(134,18,'03','Pembangunan Ruang Guru/Kepala Sekolah/TU\r',NULL,NULL),(135,18,'04','Pembangunan Ruang Unit Kesehatan Sekolah\r',NULL,NULL),(136,18,'05','Pembangunan Perpustakaan Sekolah\r',NULL,NULL),(137,18,'06','Pembangunan Laboratorium\r',NULL,NULL),(138,18,'07','Pembangunan Ruang Serba Guna/Aula\r',NULL,NULL),(139,18,'08','Pembangunan Asrama Sekolah\r',NULL,NULL),(140,18,'09','Pembangunan Rumah Dinas Kepala Sekolah/Guru/Penjaga Sekolah\r',NULL,NULL),(141,18,'10','Pembangunan Fasilitas Parkir\r',NULL,NULL),(142,18,'11','Pembangunan Kantin Sekolah\r',NULL,NULL),(143,18,'12','Pembangunan Sarana, Prasarana dan Utilitas Sekolah\r',NULL,NULL),(144,18,'13','Rehabilitasi Sedang/Berat Gedung Sekolah\r',NULL,NULL),(145,18,'14','Rehabilitasi Sedang/Berat Ruang Kelas Sekolah\r',NULL,NULL),(146,18,'15','Rehabilitasi Sedang/Berat Ruang Guru Sekolah\r',NULL,NULL),(147,18,'16','Rehabilitasi Sedang/Berat Ruang Unit Kesehatan Sekolah\r',NULL,NULL),(148,18,'17','Rehabilitasi Sedang/Berat Perpustakaan Sekolah\r',NULL,NULL),(149,18,'18','Rehabilitasi Sedang/Berat Laboratorium\r',NULL,NULL),(150,18,'19','Rehabilitasi Sedang/Berat Ruang Serba Guna/Aula\r',NULL,NULL),(151,18,'20','Rehabilitasi Sedang/Berat Asrama\r',NULL,NULL),(152,18,'21','Rehabilitasi Sedang/Berat Rumah Dinas Kepala Sekolah/Guru/Penjaga Sekolah\r',NULL,NULL),(153,18,'22','Rehabilitasi Sedang/Berat Fasilitas Parkir\r',NULL,NULL),(154,18,'23','Rehabilitasi Sedang/Berat Kantin Sekolah\r',NULL,NULL),(155,18,'24','Rehabilitasi Sedang/Berat Sarana, Prasarana dan Utilitas Sekolah\r',NULL,NULL),(156,18,'25','Pengadaan Mebel Sekolah\r',NULL,NULL),(157,18,'26','Pengadaan Alat Rumah Tangga Sekolah\r',NULL,NULL),(158,18,'27','Pengadaan Perlengkapan Sekolah\r',NULL,NULL),(159,18,'28','Pengadaan Perlengkapan Siswa\r',NULL,NULL),(160,18,'29','Pemeliharaan Rutin Bangunan Gedung dan Ruangan\r',NULL,NULL),(161,18,'30','Pemeliharaan Rutin Sarana, Prasarana dan Utilitas Sekolah\r',NULL,NULL),(162,18,'31','Pemeliharaan Rutin Rumah Dinas Kepala Sekolah, Guru, Penjaga Sekolah\r',NULL,NULL),(163,18,'32','Penyediaan Biaya Personil Peserta Didik Sekolah Menengah Pertama\r',NULL,NULL),(164,18,'33','Perlengkapan Dasar Buku Teks Peserta Didik\r',NULL,NULL),(165,18,'34','Perlengkapan Belajar Peserta Didik\r',NULL,NULL),(166,18,'35','Pengadaan Alat Praktik dan Peraga Siswa\r',NULL,NULL),(167,18,'36','Penyelenggaraan Proses Belajar dan Ujian bagi Peserta Didik\r',NULL,NULL),(168,18,'37','Penyiapan dan Tindak Lanjut Evaluasi Satuan Pendidikan Sekolah Menengah Pertama\r',NULL,NULL),(169,18,'38','Pembinaan Minat, Bakat dan Kreativitas Siswa\r',NULL,NULL),(170,18,'39','Penyediaan Pendidik dan Tenaga Kependidikan bagi Satuan Pendidikan Sekolah Menengah Pertama\r',NULL,NULL),(171,18,'40','Pengembangan Karir Pendidik dan Tenaga Kependidikan pada Satuan Pendidikan Sekolah Menengah Pertama\r',NULL,NULL),(172,18,'41','Pembinaan Kelembagaan dan Manajemen Sekolah\r',NULL,NULL),(173,18,'42','Pengelolaan Dana BOS Sekolah Menengah Pertama\r',NULL,NULL),(174,18,'43','Peningkatan Kapasitas Pengelolaan Dana BOS Sekolah Menengah Pertama\r',NULL,NULL),(175,19,'01','Pembangunan Gedung/Ruang Kelas/Ruang Guru PAUD\r',NULL,NULL),(176,19,'02','Pembangunan Sarana, Prasarana dan Utilitas PAUD\r',NULL,NULL),(177,19,'03','Rehabilitasi Sedang/Berat Gedung/Ruang Kelas/Ruang Guru PAUD\r',NULL,NULL),(178,19,'04','Rehabilitasi Sedang/Berat Pembangunan Sarana, Prasarana dan Utilitas PAUD\r',NULL,NULL),(179,19,'05','Pemeliharaan Rutin Gedung/Ruang Kelas/Ruang Guru PAUD\r',NULL,NULL),(180,19,'06','Pemeliharaan Rutin Sarana, Prasarana dan Utilitas PAUD\r',NULL,NULL),(181,19,'07','Pengadaan Mebel PAUD\r',NULL,NULL),(182,19,'08','Pengadaan Alat Rumah Tangga PAUD\r',NULL,NULL),(183,19,'09','Pengadaan Perlengkapan PAUD\r',NULL,NULL),(184,19,'10','Pengadaan Perlengkapan Siswa PAUD\r',NULL,NULL),(185,19,'11','Penyediaan Biaya Personil Peserta Didik PAUD\r',NULL,NULL),(186,19,'12','Pengadaan Alat Praktik dan Peraga Siswa PAUD\r',NULL,NULL),(187,19,'13','Penyelenggaraan Proses Belajar PAUD\r',NULL,NULL),(188,19,'14','Penyiapan dan Tindak Lanjut Evaluasi Satuan PAUD\r',NULL,NULL),(189,19,'15','Penyediaan Pendidik dan Tenaga Kependidikan bagi Satuan PAUD\r',NULL,NULL),(190,19,'16','Pengembangan Karir Pendidik dan Tenaga Kependidikan pada Satuan Pendidikan PAUD\r',NULL,NULL),(191,19,'17','Pembinaan Kelembagaan dan Manajemen PAUD\r',NULL,NULL),(192,19,'18','Pengelolaan Dana BOP PAUD\r',NULL,NULL),(193,19,'19','Peningkatan Kapasitas Pengelolaan Dana BOP PAUD\r',NULL,NULL),(194,20,'01','Pembangunan Gedung/Ruang Kelas/Ruang Guru Nonformal/Kesetaraan\r',NULL,NULL),(195,20,'02','Pembangunan Sarana, Prasarana dan Utilitas Sekolah Nonformal/Kesetaraan\r',NULL,NULL),(196,20,'03','Rehabilitasi Sedang/Berat Gedung/Ruang Kelas/Ruang Guru Pendidikan Nonformal/Kesetaraan\r',NULL,NULL),(197,20,'04','Rehabilitasi Sedang/Berat Pembangunan Sarana, Prasarana dan Utilitas Sekolah Nonformal/Kesetaraan\r',NULL,NULL),(198,20,'05','Pemeliharaan Rutin Gedung/Ruang Kelas/Ruang Guru Pendidikan Nonformal/Kesetaraan\r',NULL,NULL),(199,20,'06','Pemeliharaan Rutin Sarana, Prasarana dan Utilitas Sekolah Nonformal/Kesetaraan\r',NULL,NULL),(200,20,'07','Pengadaan Mebel Pendidikan Nonformal/Kesetaraan\r',NULL,NULL),(201,20,'08','Pengadaan Alat Rumah Tangga Pendidikan Nonformal/Kesetaraan\r',NULL,NULL),(202,20,'09','Pengadaan Perlengkapan Pendidikan Nonformal/Kesetaraan\r',NULL,NULL),(203,20,'10','Penyediaan Biaya Personil Peserta Didik Nonformal/Kesetaraan\r',NULL,NULL),(204,20,'11','Pengadaan Alat Praktik dan Peraga Siswa Nonformal/Kesetaraan\r',NULL,NULL),(205,20,'12','Penyelenggaraan Proses Belajar Nonformal/Kesetaraan\r',NULL,NULL),(206,20,'13','Penyiapan dan Tindak Lanjut Evaluasi Satuan Pendidikan di Pendidikan Nonformal/Kesetaraan\r',NULL,NULL),(207,20,'14','Penyediaan Pendidik dan Tenaga Kependidikan bagi Satuan Pendidikan Nonformal/Kesetaraan\r',NULL,NULL),(208,20,'15','Pengembangan Karir Pendidik dan Tenaga Kependidikan pada Satuan Pendidikan Nonformal/Kesetaraan\r',NULL,NULL),(209,20,'16','Pembinaan Kelembagaan dan Manajemen Sekolah Nonformal/Kesetaraan\r',NULL,NULL),(210,20,'17','Pengelolaan Dana BOP Sekolah Nonformal/Kesetaraan\r',NULL,NULL),(211,20,'18','Peningkatan Kapasitas Pengelolaan Dana BOP Sekolah Nonformal/Kesetaraan\r',NULL,NULL),(212,21,'01','Penyusunan Kompetensi Dasar Muatan Lokal Pendidikan Dasar\r',NULL,NULL),(213,21,'02','Penyusunan Silabus Muatan Lokal Pendidikan Dasar\r',NULL,NULL),(214,21,'03','Penyediaan Buku Teks Pelajaran Muatan Lokal Pendidikan Dasar\r',NULL,NULL),(215,21,'04','Pelatihan Penyusunan Kurikulum Muatan Lokal Pendidikan Dasar\r',NULL,NULL),(216,22,'01','Penyusunan Kompetensi Dasar Muatan Lokal Pendidikan Anak Usia Dini dan Pendidikan Nonformal\r',NULL,NULL),(217,22,'02','Penyusunan Silabus Muatan Lokal Pendidikan Anak Usia Dini dan Pendidikan Nonformal\r',NULL,NULL),(218,22,'03','Penyediaan Buku Teks Pelajaran Muatan Lokal Pendidikan Anak Usia Dini dan Pendidikan Nonformal\r',NULL,NULL),(219,23,'01','Perhitungan dan Pemetaan Pendidik dan Tenaga Kependidikan Satuan Pendidikan Dasar, PAUD, dan Pendidikan Nonformal/Kesetaraan\r',NULL,NULL),(220,23,'02','Penataan Pendistribusian Pendidik dan Tenaga Kependidikan bagi Satuan Pendidikan Dasar, PAUD, dan Pendidikan Nonformal/Kesetaraan\r',NULL,NULL),(221,24,'01','Penilaian Kelayakan Usul Perizinan Pendidikan Dasar yang Diselenggarakan oleh Masyarakat\r',NULL,NULL),(222,24,'02','Pengendalian dan Pengawasan Perizinan Pendidikan Dasar yang Diselenggarakan oleh Masyarakat\r',NULL,NULL),(223,25,'01','Penilaian Kelayakan Usul Perizinan PAUD dan Pendidikan Nonformal yang Diselenggarakan oleh Masyarakat\r',NULL,NULL),(224,25,'02','Pengendalian dan Pengawasan Perizinan PAUD dan Pendidikan Nonformal yang Diselenggarakan oleh Masyarakat\r',NULL,NULL),(225,25,'03','Pembinaan PAUD dan Pendidikan Nonformal yang Diselenggarakan oleh Masyarakat\r',NULL,NULL),(226,26,'01','Penyusunan Kamus Bahasa Daerah Kabupaten/Kota\r',NULL,NULL),(227,26,'02','Vitalitas, Konservasi dan Revitalisasi Bahasa dan Sastra Daerah Kabupaten/Kota\r',NULL,NULL),(228,26,'03','Publikasi Bahasa dan Sastra Daerah Kabupaten/Kota\r',NULL,NULL),(229,26,'04','Penghargaan Tokoh Kebahasaan dan Kesastraan Daerah Kabupaten/Kota\r',NULL,NULL),(230,26,'05','Penyediaan dan Pendistribusian Buku Cerita Rakyat Daerah Penunjang Literasi Kabupaten/Kota\r',NULL,NULL),(231,26,'06','Peningkatan Apresiasi Siswa terhadap Bahasa dan Sastra Daerah Kewenangan Kabupaten/Kota\r',NULL,NULL),(232,26,'07','Penyusunan Modul dan Bahan Ajar Bahasa Daerah Kewenangan Kabupaten/Kota\r',NULL,NULL),(233,27,'01','Pembangunan Rumah Sakit beserta Sarana dan Prasarana Pendukungnya\r',NULL,NULL),(234,27,'02','Pembangunan Puskesmas\r',NULL,NULL),(235,27,'03','Pembangunan Fasilitas Kesehatan Lainnya\r',NULL,NULL),(236,27,'04','Pembangunan Rumah Dinas Tenaga Kesehatan\r',NULL,NULL),(237,27,'05','Pengembangan Rumah Sakit\r',NULL,NULL),(238,27,'06','Pengembangan Puskesmas\r',NULL,NULL),(239,27,'07','Pengembangan Fasilitas Kesehatan Lainnya\r',NULL,NULL),(240,27,'08','Rehabilitasi dan Pemeliharaan Rumah Sakit\r',NULL,NULL),(241,27,'09','Rehabilitasi dan Pemeliharaan Puskesmas\r',NULL,NULL),(242,27,'10','Rehabilitasi dan Pemeliharaan Fasilitas Kesehatan Lainnya\r',NULL,NULL),(243,27,'11','Rehabilitasi dan Pemeliharaan Rumah Dinas Tenaga Kesehatan\r',NULL,NULL),(244,27,'12','Pengadaan Sarana Fasilitas Pelayanan Kesehatan\r',NULL,NULL),(245,27,'13','Pengadaan Prasarana dan Pendukung Fasilitas Pelayanan Kesehatan\r',NULL,NULL),(246,27,'14','Pengadaan Alat Kesehatan/Alat Penunjang Medik Fasilitas Pelayanan Kesehatan\r',NULL,NULL),(247,27,'15','Pengadaan dan Pemeliharaan Alat Kalibrasi\r',NULL,NULL),(248,27,'16','Pengadaan Obat, Vaksin\r',NULL,NULL),(249,27,'17','Pengadaan Bahan Habis Pakai\r',NULL,NULL),(250,27,'18','Pemeliharaan Sarana Fasilitas Pelayanan Kesehatan\r',NULL,NULL),(251,27,'19','Pemeliharaan Prasarana dan Pendukung Fasilitas Pelayanan Kesehatan\r',NULL,NULL),(252,27,'20','Pemeliharaan Rutin dan Berkala Alat Kesehatan/Alat Penunjang Medik Fasilitas Pelayanan Kesehatan\r',NULL,NULL),(253,28,'01','Pengelolaan Pelayanan Kesehatan Ibu Hamil\r',NULL,NULL),(254,28,'02','Pengelolaan Pelayanan Kesehatan Ibu Bersalin\r',NULL,NULL),(255,28,'03','Pengelolaan Pelayanan Kesehatan Bayi Baru Lahir\r',NULL,NULL),(256,28,'04','Pengelolaan Pelayanan Kesehatan Balita\r',NULL,NULL),(257,28,'05','Pengelolaan Pelayanan Kesehatan pada Usia Pendidikan Dasar\r',NULL,NULL),(258,28,'06','Pengelolaan Pelayanan Kesehatan pada Usia Produktif\r',NULL,NULL),(259,28,'07','Pengelolaan Pelayanan Kesehatan pada Usia Lanjut\r',NULL,NULL),(260,28,'08','Pengelolaan Pelayanan Kesehatan Penderita Hipertensi\r',NULL,NULL),(261,28,'09','Pengelolaan Pelayanan Kesehatan Penderita Diabetes Melitus\r',NULL,NULL),(262,28,'10','Pengelolaan Pelayanan Kesehatan Orang dengan Gangguan Jiwa Berat\r',NULL,NULL),(263,28,'11','Pengelolaan Pelayanan Kesehatan Orang Terduga Tuberkulosis\r',NULL,NULL),(264,28,'12','Pengelolaan Pelayanan Kesehatan Orang dengan Risiko Terinfeksi HIV\r',NULL,NULL),(265,28,'13','Pengelolaan Pelayanan Kesehatan bagi Penduduk pada Kondisi Kejadian Luar Biasa (KLB)\r',NULL,NULL),(266,28,'14','Pengelolaan Pelayanan Kesehatan bagi Penduduk Terdampak Krisis Kesehatan Akibat Bencana dan/atau Berpotensi Bencana\r',NULL,NULL),(267,28,'15','Pengelolaan Pelayanan Kesehatan Gizi Masyarakat\r',NULL,NULL),(268,28,'16','Pengelolaan Pelayanan Kesehatan Kerja dan Olahraga\r',NULL,NULL),(269,28,'17','Pengelolaan Pelayanan Kesehatan Lingkungan\r',NULL,NULL),(270,28,'18','Pengelolaan Pelayanan Promosi Kesehatan\r',NULL,NULL),(271,28,'19','Pengelolaan Pelayanan Kesehatan Tradisional, Akupuntur, Asuhan Mandiri dan Tradisional Lainnya\r',NULL,NULL),(272,28,'20','Pengelolaan Surveilans Kesehatan\r',NULL,NULL),(273,28,'21','Pengelolaan Pelayanan Kesehatan Orang dengan Masalah Kesehatan Jiwa (ODMK)\r',NULL,NULL),(274,28,'22','Pengelolaan Pelayanan Kesehatan Jiwa dan NAPZA\r',NULL,NULL),(275,28,'23','Pengelolaan Upaya Kesehatan Khusus\r',NULL,NULL),(276,28,'24','Pengelolaan Upaya Pengurangan Risiko Krisis Kesehatan dan Pasca Krisis Kesehatan\r',NULL,NULL),(277,28,'25','Pelayanan Kesehatan Penyakit Menular dan Tidak Menular\r',NULL,NULL),(278,28,'26','Pengelolaan Jaminan Kesehatan Masyarakat\r',NULL,NULL),(279,28,'27','Deteksi Dini Penyalahgunaan NAPZA di Fasyankes dan Sekolah\r',NULL,NULL),(280,28,'28','Pengambilan dan Pengiriman Spesimen Penyakit Potensial KLB ke Laboratorium Rujukan/Nasional\r',NULL,NULL),(281,28,'29','Penyelenggaraan Kabupaten/Kota Sehat\r',NULL,NULL),(282,28,'30','Penyediaan Telemedicine di Fasilitas Pelayanan Kesehatan\r',NULL,NULL),(283,28,'31','Pengelolaan Penelitian Kesehatan\r',NULL,NULL),(284,28,'32','Operasional Pelayanan Rumah Sakit\r',NULL,NULL),(285,28,'33','Operasional Pelayanan Puskesmas\r',NULL,NULL),(286,28,'34','Operasional Pelayanan Fasilitas Kesehatan Lainnya\r',NULL,NULL),(287,28,'35','Pelaksanaan Akreditasi Fasilitas Kesehatan di Kabupaten/Kota\r',NULL,NULL),(288,28,'36','Investigasi Awal Kejadian Tidak Diharapkan (Kejadian Ikutan Pasca Imunisasi dan Pemberian Obat Massal)\r',NULL,NULL),(289,28,'37','Pelaksanaan Kewaspadaan Dini dan Respon Wabah\r',NULL,NULL),(290,28,'38','Penyediaan dan Pengelolaan Sistem Penanganan Gawat Darurat Terpadu (SPGDT)\r',NULL,NULL),(291,29,'01','Pengelolaan Data dan Informasi Kesehatan\r',NULL,NULL),(292,29,'02','Pengelolaan Sistem Informasi Kesehatan\r',NULL,NULL),(293,29,'03','Pengadaan Alat/Perangkat Sistem Informasi Kesehatan dan Jaringan Internet\r',NULL,NULL),(294,30,'01','Pengendalian dan Pengawasan serta Tindak Lanjut Pengawasan Perizinan Rumah Sakit Kelas C, D dan Fasilitas Pelayanan Kesehatan Lainnya\r',NULL,NULL),(295,30,'02','Peningkatan Tata Kelola Rumah Sakit dan Fasilitas Pelayanan Kesehatan Tingkat Daerah Kabupaten/Kota\r',NULL,NULL),(296,30,'03','Peningkatan Mutu Pelayanan Fasilitas Kesehatan\r',NULL,NULL),(297,30,'04','Penyiapan Perumusan dan Pelaksanaan Pelayanan Kesehatan Rujukan\r',NULL,NULL),(298,31,'01','Pengendalian Perizinan Praktik Tenaga Kesehatan\r',NULL,NULL),(299,31,'02','Pembinaan dan Pengawasan Tenaga Kesehatan serta Tindak Lanjut Perizinan Praktik Tenaga Kesehatan\r',NULL,NULL),(300,32,'01','Perencanaan dan Distribusi serta Pemerataan Sumber Daya Manusia Kesehatan\r',NULL,NULL),(301,32,'02','Pemenuhan Kebutuhan Sumber Daya Manusia Kesehatan sesuai Standar\r',NULL,NULL),(302,32,'03','Pembinaan dan Pengawasan Sumber Daya Manusia Kesehatan\r',NULL,NULL),(303,33,'01','Pengembangan Mutu dan Peningkatan Kompetensi Teknis Sumber Daya Manusia Kesehatan Tingkat Daerah Kabupaten/Kota\r',NULL,NULL),(304,34,'01','Pengendalian dan Pengawasan serta Tindak Lanjut Pengawasan Perizinan Apotek, Toko Obat, Toko Alat Kesehatan dan Optikal, Usaha Mikro Obat Tradisional (UMOT)\r',NULL,NULL),(305,34,'02','Penyediaan dan Pengelolaan Data Perizinan dan Tindak Lanjut Pengawasan Izin Apotek, Toko Obat, Toko Alat Kesehatan dan Optikal, Usaha Mikro Obat Tradisional (UMOT)\r',NULL,NULL),(306,34,'03','Fasilitasi Pemenuhan Komitmen Izin Apotek, Toko Obat, Toko Alat Kesehatan dan Optikal, Usaha Mikro Obat Tradisional (UMOT)\r',NULL,NULL),(307,35,'01','Pengendalian dan Pengawasan serta tindak lanjut Pengawasan Sertifikat Produksi Alat Kesehatan Kelas 1 Tertentu dan PKRT Kelas 1 Tertentu Perusahaan Rumah Tangga\r',NULL,NULL),(308,35,'02','Pengendalian dan Pengawasan serta Tindak Lanjut Pengawasan Perbekalan Kesehatan Rumah Tangga Kelas 1 Tertentu Perusahaan Rumah Tangga\r',NULL,NULL),(309,36,'01','Pengendalian dan Pengawasan serta Tindak Lanjut Pengawasan Sertifikat Produksi Pangan Industri Rumah Tangga dan Nomor P-IRT Sebagai Izin Produksi, untuk Produk Makanan Minuman Tertentu yang dapat Diproduksi oleh Industri Rumah Tangga\r',NULL,NULL),(310,37,'01','Pengendalian dan Pengawasan serta Tindak Lanjut Pengawasan Penerbitan Sertifikat Laik Higiene Sanitasi Tempat Pengelolaan Makanan (TPM) antara lain Jasa Boga, Rumah Makan/Restoran dan Depot Air Minum (DAM)\r',NULL,NULL),(311,38,'01','Pengendalian dan Pengawasan serta Tindak Lanjut Penerbitan Stiker Pembinaan pada Makanan Jajanan dan Sentra Makanan Jajanan\r',NULL,NULL),(312,39,'01','Pemeriksaan Post Market pada Produk Makanan- Minuman Industri Rumah Tangga yang Beredar dan Pengawasan serta Tindak Lanjut Pengawasan\r',NULL,NULL),(313,39,'02','Penyediaan dan Pengelolaan Data Tindak Lanjut Pengawasan Perizinan Industri Rumah Tangga\r',NULL,NULL),(314,40,'01','Peningkatan Upaya Promosi Kesehatan, Advokasi, Kemitraan dan Pemberdayaan Masyarakat\r',NULL,NULL),(315,41,'01','Penyelenggaraan Promosi Kesehatan dan Gerakan Hidup Bersih dan Sehat\r',NULL,NULL),(316,42,'01','Bimbingan Teknis dan Supervisi Pengembangan dan Pelaksanaan Upaya Kesehatan Bersumber Daya Masyarakat (UKBM)\r',NULL,NULL),(317,43,'01','Penyusunan Rencana Teknis dan Dokumen Lingkungan Hidup untuk Konstruksi Bendungan, Embung, dan Bangunan Penampung Air Lainnya\r',NULL,NULL),(318,43,'02','Penyusunan Rencana Teknis dan Dokumen Lingkungan Hidup untuk Konstruksi Air Tanah dan Air Baku\r',NULL,NULL),(319,43,'03','Penyusunan Rencana Teknis dan Dokumen Lingkungan Hidup untuk Konstruksi Pengendali Banjir, Lahar, Drainase Utama Perkotaan dan Pengaman Pantai\r',NULL,NULL),(320,43,'04','Penyusunan Pola dan Rencana Pengelolaan SDA WS Kewenangan Kabupaten/Kota\r',NULL,NULL),(321,43,'05','Pembangunan Bendungan\r',NULL,NULL),(322,43,'06','Pembangunan Embung dan Penampung Air Lainnya\r',NULL,NULL),(323,43,'07','Pembangunan Sumur Air Tanah untuk Air Baku\r',NULL,NULL),(324,43,'08','Pembangunan Unit Air Baku\r',NULL,NULL),(325,43,'09','Pembangunan Tanggul Sungai\r',NULL,NULL),(326,43,'10','Pembangunan Bangunan Perkuatan Tebing\r',NULL,NULL),(327,43,'11','Pembangunan Pintu Air/Bendung Pengendali Banjir\r',NULL,NULL),(328,43,'12','Pembangunan Kanal Banjir\r',NULL,NULL),(329,43,'13','Pembangunan Stasiun Pompa Banjir\r',NULL,NULL),(330,43,'14','Pembangunan Polder/Kolam Retensi\r',NULL,NULL),(331,43,'15','Pembangunan Bangunan Sabo\r',NULL,NULL),(332,43,'16','Pembangunan Check Dam\r',NULL,NULL),(333,43,'17','Pembangunan Breakwater\r',NULL,NULL),(334,43,'18','Pembangunan Seawall dan Bangunan Pengaman Pantai Lainnya\r',NULL,NULL),(335,43,'19','Pembangunan Flood Forecasting And Warning System (FFWS)\r',NULL,NULL),(336,43,'20','Rehabilitasi Bendungan\r',NULL,NULL),(337,43,'21','Rehabilitasi Embung dan Penampungan Air Lainnya\r',NULL,NULL),(338,43,'22','Rehabilitasi Sumur Air Tanah untuk Air Baku\r',NULL,NULL),(339,43,'23','Rehabilitasi Unit Air Baku\r',NULL,NULL),(340,43,'24','Rehabilitasi Tanggul Sungai\r',NULL,NULL),(341,43,'25','Rehabilitasi Bangunan Perkuatan Tebing\r',NULL,NULL),(342,43,'26','Rehabilitasi Pintu Air/Bendung Pengendali Banjir\r',NULL,NULL),(343,43,'27','Rehabilitasi Kanal Banjir\r',NULL,NULL),(344,43,'28','Rehabilitasi Stasiun Pompa Banjir\r',NULL,NULL),(345,43,'29','Rehabilitasi Polder/Kolam Retensi\r',NULL,NULL),(346,43,'30','Rehabilitasi Bangunan Sabo\r',NULL,NULL),(347,43,'31','Rehabilitasi Check Dam\r',NULL,NULL),(348,43,'32','Rehabilitasi Breakwater\r',NULL,NULL),(349,43,'33','Rehabilitasi Seawall dan Bangunan Pengaman Pantai Lainnya\r',NULL,NULL),(350,43,'34','Peningkatan Tanggul Sungai\r',NULL,NULL),(351,43,'35','Peningkatan Bangunan Perkuatan Tebing\r',NULL,NULL),(352,43,'36','Peningkatan Pintu Air/Bendung Pengendali Banjir\r',NULL,NULL),(353,43,'37','Peningkatan Kanal Banjir\r',NULL,NULL),(354,43,'38','Peningkatan Stasiun Pompa Banjir\r',NULL,NULL),(355,43,'39','Peningkatan Polder/Kolam Retensi\r',NULL,NULL),(356,43,'40','Peningkatan Bangunan Sabo\r',NULL,NULL),(357,43,'41','Peningkatan Check Dam\r',NULL,NULL),(358,43,'42','Peningkatan Breakwater\r',NULL,NULL),(359,43,'43','Peningkatan Seawall dan Bangunan Pengaman Pantai Lainnya\r',NULL,NULL),(360,43,'44','Peningkatan Flood Forecasting And Warning System (FFWS)\r',NULL,NULL),(361,43,'45','Revitalisasi Danau\r',NULL,NULL),(362,43,'46','Normalisasi/Restorasi Sungai\r',NULL,NULL),(363,43,'47','Pembangunan Infrastruktur untuk Melindungi Mata Air\r',NULL,NULL),(364,43,'48','Operasi dan Pemeliharaan Bendungan\r',NULL,NULL),(365,43,'49','Operasi dan Pemeliharaan Embung dan Penampung Air Lainnya\r',NULL,NULL),(366,43,'50','Operasi dan Pemeliharaan Sumur Air Tanah untuk Air Baku\r',NULL,NULL),(367,43,'51','Operasi dan Pemeliharaan Embung Air Baku\r',NULL,NULL),(368,43,'52','Operasi dan Pemeliharaan Unit Air Baku\r',NULL,NULL),(369,43,'53','Operasi dan Pemeliharaan Tanggul dan Tebing Sungai\r',NULL,NULL),(370,43,'54','Operasi dan Pemeliharaan Kanal Banjir\r',NULL,NULL),(371,43,'55','Operasi dan Pemeliharaan Stasiun Pompa Banjir\r',NULL,NULL),(372,43,'56','Operasi dan Pemeliharaan Polder/Kolam Retensi\r',NULL,NULL),(373,43,'57','Operasi dan Pemeliharaan Bangunan Sabo\r',NULL,NULL),(374,43,'58','Operasi dan Pemeliharaan Check Dam\r',NULL,NULL),(375,43,'59','Operasi dan Pemeliharaan Breakwater/Seawall dan Bangunan Pengaman Pantai Lainnya\r',NULL,NULL),(376,43,'60','Pengelolaan Hidrologi dan Kualitas Air WS Kewenangan Kabupaten/Kota\r',NULL,NULL),(377,43,'61','Pembinaan dan Pemberdayaan Kelembagaan Pengelolaan SDA Kewenangan Kabupaten/Kota\r',NULL,NULL),(378,43,'62','Evaluasi dan Rekomendasi Teknis (Rekomtek) Pemanfaatan SDA WS Kewenangan Kabupaten/Kota\r',NULL,NULL),(379,43,'63','Koordinasi dan Sinkronisasi Peningkatan Kapasitas Kelembagaan Pengelolaan SDA Kewenangan Kabupaten/Kota\r',NULL,NULL),(380,43,'64','Operasi dan Pemeliharaan Danau\r',NULL,NULL),(381,43,'65','Operasi dan Pemeliharaan Sungai\r',NULL,NULL),(382,43,'66','Operasi dan Pemeliharaan Infrastruktur untuk Melindungi Mata Air\r',NULL,NULL),(383,44,'01','Penyusunan Rencana Teknis dan Dokumen Lingkungan Hidup untuk Konstruksi Irigasi dan Rawa\r',NULL,NULL),(384,44,'02','Pembangunan Jaringan Irigasi Permukaan\r',NULL,NULL),(385,44,'03','Pembangunan Bendung Irigasi\r',NULL,NULL),(386,44,'04','Pembangunan Jaringan Irigasi Rawa\r',NULL,NULL),(387,44,'05','Pembangunan Jaringan Irigasi Tambak\r',NULL,NULL),(388,44,'06','Pembangunan Sumur Jaringan Irigasi Air Tanah\r',NULL,NULL),(389,44,'07','Pembangunan Jaringan Irigasi Air Tanah\r',NULL,NULL),(390,44,'08','Peningkatan Jaringan Irigasi Permukaan\r',NULL,NULL),(391,44,'09','Peningkatan Bendung Irigasi\r',NULL,NULL),(392,44,'10','Peningkatan Jaringan Irigasi Rawa\r',NULL,NULL),(393,44,'11','Peningkatan Jaringan Irigasi Tambak\r',NULL,NULL),(394,44,'12','Peningkatan Sumur Jaringan Irigasi Air Tanah\r',NULL,NULL),(395,44,'13','Peningkatan Jaringan Irigasi Air Tanah\r',NULL,NULL),(396,44,'14','Rehabilitasi Jaringan Irigasi Permukaan\r',NULL,NULL),(397,44,'15','Rehabilitasi Bendung Irigasi\r',NULL,NULL),(398,44,'16','Rehabilitasi Jaringan Irigasi Rawa\r',NULL,NULL),(399,44,'17','Rehabilitasi Jaringan Irigasi Tambak\r',NULL,NULL),(400,44,'18','Rehabilitasi Sumur Jaringan Irigasi Air Tanah\r',NULL,NULL),(401,44,'19','Rehabilitasi Jaringan Irigasi Air Tanah\r',NULL,NULL),(402,44,'20','Koordinasi, Sinkronisasi dan Pelaksanaan Konservasi Kawasan Rawa\r',NULL,NULL),(403,44,'21','Operasi dan Pemeliharaan Jaringan Irigasi Permukaan\r',NULL,NULL),(404,44,'22','Operasi dan Pemeliharaan Bendung Irigasi\r',NULL,NULL),(405,44,'23','Operasi dan Pemeliharaan Jaringan Irigasi Rawa\r',NULL,NULL),(406,44,'24','Operasi dan Pemeliharaan Jaringan Irigasi Tambak\r',NULL,NULL),(407,44,'25','Operasi dan Pemeliharaan Sumur Jaringan Irigasi Air Tanah\r',NULL,NULL),(408,44,'26','Operasi dan Pemeliharaan Jaringan Irigasi Air Tanah\r',NULL,NULL),(409,44,'27','Operasional Unit Pengelola Irigasi\r',NULL,NULL),(410,44,'28','Pengelolaan dan Pengawasan Alokasi Air Irigasi\r',NULL,NULL),(411,44,'29','Koordinasi, Sinkronisasi dan Pelaksanaan Pemeliharaan Kawasan Rawa\r',NULL,NULL),(412,45,'01','Penyusunan Rencana, Kebijakan, Strategi, dan Teknis SPAM\r',NULL,NULL),(413,45,'02','Supervisi Pembangunan/Peningkatan/Perluasan/Perbaikan SPAM\r',NULL,NULL),(414,45,'03','Pembangunan SPAM Jaringan Perpipaan di Kawasan Perkotaan\r',NULL,NULL),(415,45,'04','Pembangunan SPAM Jaringan Perpipaan di Kawasan Perdesaan\r',NULL,NULL),(416,45,'05','Peningkatan SPAM Jaringan Perpipaan di Kawasan Perkotaan\r',NULL,NULL),(417,45,'06','Peningkatan SPAM Jaringan Perpipaan di Kawasan Perdesaan\r',NULL,NULL),(418,45,'07','Perluasan SPAM Jaringan Perpipaan di Kawasan Perkotaan\r',NULL,NULL),(419,45,'08','Perbaikan SPAM Jaringan Perpipaan di Kawasan Perdesaan\r',NULL,NULL),(420,45,'09','Pembinaan dan Pengawasan terhadap Taraf Air Minum\r',NULL,NULL),(421,45,'10','Pembinaan dan Pengawasan terhadap Penyelenggaraan SPAM oleh Badan Usaha Untuk Kebutuhan Sendiri\r',NULL,NULL),(422,45,'11','Pembinaan dan Pengawasan terhadap Penyelenggaraan SPAM oleh Pemerintah Desa dan Kelompok Masyarakat\r',NULL,NULL),(423,45,'12','Fasilitasi Penyiapan Kerja Sama SPAM\r',NULL,NULL),(424,45,'13','Pembinaan dan Pengawasan terhadap Pelaksanaan Kerjasama SPAM\r',NULL,NULL),(425,45,'14','Pengembangan SDM dan Kelembagaan Pengelolaan SPAM\r',NULL,NULL),(426,45,'15','Operasi dan Pemeliharaan SPAM di Kawasan Perkotaan\r',NULL,NULL),(427,45,'16','Operasi dan Pemeliharaan SPAM di Kawasan Perdesaan\r',NULL,NULL),(428,45,'17','Pembangunan Baru SPAM Bukan Jaringan Perpipaan di Kawasan Perdesaan\r',NULL,NULL),(429,45,'18','Peningkatan SPAM Bukan Jaringan Perpipaan di Kawasan Perdesaan\r',NULL,NULL),(430,45,'19','Perluasan SPAM Jaringan Perpipaan di Kawasan Perdesaan\r',NULL,NULL),(431,45,'20','Perbaikan SPAM Jaringan Perpipaan di Kawasan Perkotaan\r',NULL,NULL),(432,45,'21','Perbaikan SPAM Bukan Jaringan Perpipaan di Kawasan Perdesaan\r',NULL,NULL),(433,46,'01','Penyusunan Rencana, Kebijakan, Strategi, dan Teknis Sistem Pengelolaan Persampahan TPA/TPST/SPA/TPS-3R/TPS Kewenangan Kabupaten/Kota\r',NULL,NULL),(434,46,'02','Supervisi Pembangunan/Rehabilitasi/Peningkatan TPA/TPST/SPA/TPS-3R/TPS Kewenangan Kabupaten/Kota\r',NULL,NULL),(435,46,'03','Pembangunan TPA/TPST/SPA/TPS-3R/TPS\r',NULL,NULL),(436,46,'04','Rehabilitasi TPA/TPST/SPA/TPS-3R/TPS\r',NULL,NULL),(437,46,'05','Peningkatan TPA/TPST/SPA/TPS-3R/TPS\r',NULL,NULL),(438,46,'06','Penyediaan Sarana Persampahan\r',NULL,NULL),(439,46,'07','Pembinaan Teknik Pengelolaan Infrastruktur Persampahan\r',NULL,NULL),(440,46,'08','Sosialisasi dan Pemberdayaan Masyarakat dalam rangka Penyediaan Sarana TPA/TPST/SPA/TPS-3R/TPS\r',NULL,NULL),(441,47,'01','Penyusunan Rencana, Kebijakan, Strategi dan Teknis Sistem Pengelolaan Air Limbah Domestik dalam Daerah Kabupaten/Kota\r',NULL,NULL),(442,47,'02','Supervisi Pembangunan/Rehabilitasi/Peningkatan/Perluasan Sistem Pengelolaan Air Limbah Domestik Terpusat Skala Kota\r',NULL,NULL),(443,47,'03','Pembangunan/Penyediaan Sistem Pengelolaan Air Limbah Terpusat Skala Kota\r',NULL,NULL),(444,47,'04','Rehabilitasi/Peningkatan/Perluasan Sistem Pengelolaan Air Limbah Domestik Terpusat Skala Kota\r',NULL,NULL),(445,47,'05','Rehabilitasi/Peningkatan/Perluasan Sistem Pengelolaan Air Limbah Domestik Terpusat Skala Permukiman\r',NULL,NULL),(446,47,'06','Pembangunan/Penyediaan Sub Sistem Pengolahan Setempat\r',NULL,NULL),(447,47,'07','Pembinaan Teknik Pengelolaan Air Limbah Domestik\r',NULL,NULL),(448,47,'08','Sosialisasi dan Pemberdayaan Masyarakat terkait Penyediaan Sistem Pengelolaan Air Limbah Domestik\r',NULL,NULL),(449,47,'09','Pengembangan SDM dan Kelembagaan Pengelolaan Air Limbah Domestik\r',NULL,NULL),(450,47,'10','Operasi dan Pemeliharaan Sistem Pengelolaan Air Limbah Domestik\r',NULL,NULL),(451,47,'11','Supervisi Pembangunan/Rehabilitasi/ Peningkatan/Perluasan Sistem Pengelolaan Air Limbah Domestik Terpusat Skala Permukiman\r',NULL,NULL),(452,47,'12','Pembangunan/Penyediaan Sistem Pengelolaan Air Limbah Terpusat Skala Permukiman\r',NULL,NULL),(453,47,'13','Penyediaan Sarana Pengangkutan Lumpur Tinja\r',NULL,NULL),(454,47,'14','Penyediaan Jasa Penyedotan Lumpur Tinja\r',NULL,NULL),(455,47,'15','Pembangunan/Penyediaan Sarana dan Prasarana IPLT\r',NULL,NULL),(456,47,'16','Rehabilitasi/Peningkatan/Perluasan Sarana dan Prasarana IPLT\r',NULL,NULL),(457,47,'17','Supervisi Pembangunan/Rehabilitasi/ Peningkatan/Perluasan Sarana dan Prasarana IPLT\r',NULL,NULL),(458,48,'01','Penyusunan Rencana, Kebijakan, Strategi dan Teknis Sistem Drainase Perkotaan\r',NULL,NULL),(459,48,'02','Penyusunan Outline Plan pada Kawasan Genangan\r',NULL,NULL),(460,48,'03','Supervisi Pembangunan/Peningkatan/Rehabilitasi Sistem Drainase Perkotaan\r',NULL,NULL),(461,48,'04','Pembinaan Teknik Sistem Drainase Perkotaan\r',NULL,NULL),(462,48,'05','Pembangunan Sistem Drainase Perkotaan\r',NULL,NULL),(463,48,'06','Peningkatan Saluran Drainase Perkotaan\r',NULL,NULL),(464,48,'07','Rehabilitasi Saluran Drainase Perkotaan\r',NULL,NULL),(465,48,'08','Penyediaan Sarana Sistem Drainase Perkotaan\r',NULL,NULL),(466,48,'09','Operasi dan Pemeliharaan Sistem Drainase\r',NULL,NULL),(467,48,'10','Supervisi Pembangunan/Peningkatan/Rehabilitasi Sistem Drainase Lingkungan\r',NULL,NULL),(468,48,'11','Pembinaan Teknik Sistem Drainase Lingkungan\r',NULL,NULL),(469,48,'12','Pembangunan Sistem Drainase Lingkungan\r',NULL,NULL),(470,48,'13','Peningkatan Saluran Drainase Lingkungan\r',NULL,NULL),(471,48,'14','Rehabilitasi Saluran Drainase Lingkungan\r',NULL,NULL),(472,48,'15','Penyediaan Sarana Sistem Drainase Lingkungan\r',NULL,NULL),(473,48,'16','Penyusunan Rencana, Kebijakan, Strategi dan Teknis Sistem Drainase Lingkungan\r',NULL,NULL),(474,49,'01','Pembangunan dan Pengembangan Infrastruktur Kawasan Permukiman di Kawasan Strategis Daerah Kabupaten/Kota\r',NULL,NULL),(475,49,'02','Pemanfaatan dan Pemeliharaan Infrastruktur Kawasan Permukiman di Kawasan Strategis Daerah Kabupaten/Kota\r',NULL,NULL),(476,49,'03','Pengawasan dan Pengendalian Infrastruktur Kawasan Permukiman di Kawasan Strategis Daerah Kabupaten/Kota\r',NULL,NULL),(477,49,'04','Pembinaan Penyelenggaraan Infrastruktur Kawasan Permukiman di Kawasan Strategis Daerah Kabupaten/Kota\r',NULL,NULL),(478,50,'01','Penyelenggaraan Penerbitan Izin Mendirikan Bangunan (IMB), Sertifikat Laik Fungsi (SLF), peran Tenaga Ahli Bangunan Gedung (TABG), Pendataan Bangunan Gedung, serta Implementasi SIMBG\r',NULL,NULL),(479,50,'02','Perencanaan, Pembangunan, Pengawasan dan Pemanfaatan Bangunan Gedung Daerah Kabupaten/Kota\r',NULL,NULL),(480,50,'03','Penyusunan Regulasi terkait Bangunan Gedung Kabupaten/Kota\r',NULL,NULL),(481,50,'04','Bantuan Teknis Pembangunan Bangunan Gedung Negara Daerah Kabupaten/Kota\r',NULL,NULL),(482,50,'05','Monitoring dan Evaluasi Penyelenggaraan Bangunan Gedung Negara Daerah Kabupaten/Kota\r',NULL,NULL),(483,50,'06','Identifikasi, Penetapan, Penyelenggaraan Bangunan Gedung Cagar Budaya yang Dilestarikan Milik Pemerintah Kabupaten/Kota\r',NULL,NULL),(484,50,'07','Bantuan Teknis bagi Masyarakat Pemilik Bangunan Gedung Cagar Budaya yang Ditetapkan Tingkat Kabupaten/Kota\r',NULL,NULL),(485,50,'08','Pemberian Kompensasi, Insentif dan Disinsentif kepada Pemilik, Pengguna, dan/atau Pengelola Bangunan Gedung Cagar Budaya Daerah Kabupaten/Kota\r',NULL,NULL),(486,50,'09','Penilikan terhadap Penyelenggaraan Bangunan Gedung oleh Penilik Bangunan\r',NULL,NULL),(487,50,'10','Pendaftaran Huruf Daftar Nomor (HDNo) Bangunan Gedung Negara\r',NULL,NULL),(488,50,'11','Pemeriksaan Kelaikan Fungsi Rumah Tinggal Tunggal dan Rumah Deret dalam rangka Penerbitan Sertifikat Laik Fungsi\r',NULL,NULL),(489,50,'12','Rehabilitasi, Renovasi dan Ubahsuai Bangunan Gedung untuk Kepentingan Strategis Daerah Kabupaten/Kota\r',NULL,NULL),(490,50,'13','Pemeliharaan dan Perawatan Bangunan Gedung Daerah Kabupaten/Kota\r',NULL,NULL),(491,51,'01','Penyusunan Rencana, Kebijakan, Strategi dan Teknis Sistem Penataan Bangunan dan Lingkungan di Kabupaten/Kota\r',NULL,NULL),(492,51,'02','Supervisi Penataan/Pemeliharaan Bangunan dan Lingkungan\r',NULL,NULL),(493,51,'03','Penataan Bangunan dan Lingkungan\r',NULL,NULL),(494,51,'04','Pemeliharaan Bangunan dan Lingkungan\r',NULL,NULL),(495,51,'05','Pemberdayaan Masyarakat dalam Penataan Bangunan dan Lingkungan\r',NULL,NULL),(496,51,'06','Monitoring Penataan/Pemeliharaan Bangunan dan Lingkungan\r',NULL,NULL),(497,52,'01','Penyusunan Rencana, Kebijakan, Strategi Pengembangan Jaringan Jalan Serta Perencanaan Teknis Penyelenggaraan Jalan dan Jembatan\r',NULL,NULL),(498,52,'02','Pembebasan Lahan/Tanah untuk Penyelenggaraan Jalan\r',NULL,NULL),(499,52,'03','Pengelolaan Leger Jalan\r',NULL,NULL),(500,52,'04','Survei Kondisi Jalan/Jembatan\r',NULL,NULL),(501,52,'05','Pembangunan Jalan\r',NULL,NULL),(502,52,'06','Pelebaran Jalan Menuju Standar\r',NULL,NULL),(503,52,'07','Pelebaran Jalan Menambah Lajur\r',NULL,NULL),(504,52,'08','Rekonstruksi Jalan\r',NULL,NULL),(505,52,'09','Rehabilitasi Jalan\r',NULL,NULL),(506,52,'10','Pemeliharaan Berkala Jalan\r',NULL,NULL),(507,52,'11','Pemeliharaan Rutin Jalan\r',NULL,NULL),(508,52,'12','Pembangunan Jembatan\r',NULL,NULL),(509,52,'13','Pembangunan Flyover\r',NULL,NULL),(510,52,'14','Pembangunan Underpass\r',NULL,NULL),(511,52,'15','Pembangunan Terowongan/Tunnel\r',NULL,NULL),(512,52,'16','Penggantian Jembatan\r',NULL,NULL),(513,52,'17','Pelebaran Jembatan\r',NULL,NULL),(514,52,'18','Rehabilitasi Jembatan\r',NULL,NULL),(515,52,'19','Pemeliharaan Rutin Jembatan\r',NULL,NULL),(516,52,'20','Pemeliharaan Berkala Jembatan\r',NULL,NULL),(517,52,'21','Penanggulangan Bencana/Tanggap Darurat\r',NULL,NULL),(518,52,'22','Pemantauan dan Evaluasi Penyelenggaraan Jalan/Jembatan\r',NULL,NULL),(519,52,'23','Pengawasan Teknis Penyelenggaraan Jalan/Jembatan\r',NULL,NULL),(520,53,'01','Penyiapan Training Need Assessment (TNA) Pelatihan Tenaga Terampil Konstruksi\r',NULL,NULL),(521,53,'02','Penyiapan Instruktur/Asesor/Penyelenggara Pelatihan\r',NULL,NULL),(522,53,'03','Penyiapan SOP Penyelenggaraan Pelatihan Tenaga Terampil Konstruksi\r',NULL,NULL),(523,53,'04','Pelaksanaan Pelatihan Tenaga Terampil Konstruksi\r',NULL,NULL),(524,53,'05','Identifikasi Potensi Kerjasama dan Pemberdayaan Jasa Konstruksi\r',NULL,NULL),(525,53,'06','Fasilitasi Sertifikasi Tenaga Terampil Konstruksi\r',NULL,NULL),(526,53,'07','Pembinaan dan Peningkatan Kapasitas Kelembagaan Konstruksi\r',NULL,NULL),(527,53,'08','Pemantauan dan Evaluasi Kegiatan Pelatihan Tenaga Terampil Konstruksi\r',NULL,NULL),(528,54,'01','Pengelolaan Operasional Layanan Informasi Jasa Konstruksi\r',NULL,NULL),(529,54,'02','Penyediaan Perangkat Pendukung Layanan Informasi Jasa Konstruksi\r',NULL,NULL),(530,54,'03','Penyelenggaraan Pelatihan untuk Peningkatan Kapasitas Administrator SIPJAKI\r',NULL,NULL),(531,54,'04','Penyusunan Data dan Informasi Proyek Bidang PUPR yang dapat Dilaksanakan dengan Skema KPDBU\r',NULL,NULL),(532,54,'05','Penyusunan Data dan Informasi Potensi Risiko Investasi Infrastruktur\r',NULL,NULL),(533,54,'06','Penyusunan Data dan Informasi Tenaga Kerja dan Badan Usaha\r',NULL,NULL),(534,54,'07','Penyusunan Data dan Informasi Ketersediaan/Penggunaan Material dan Peralatan\r',NULL,NULL),(535,54,'08','Penyusunan Data dan Informasi Profil Pekerjaan Konstruksi\r',NULL,NULL),(536,54,'09','Penyusunan Data dan Informasi Tertib Penyelenggaraan Pekerjaan Konstruksi\r',NULL,NULL),(537,54,'10','Penyusunan Data dan Informasi Kecelakaan Kerja Proyek Konstruksi\r',NULL,NULL),(538,54,'11','Penyusunan Data dan Informasi Kegagalan Bangunan/Konstruksi\r',NULL,NULL),(539,55,'01','Penyusunan Peraturan di Daerah dan SOP terkait Penyelenggaraan IUJK Nasional di Kabupaten/Kota\r',NULL,NULL),(540,55,'02','Dukungan/Fasilitasi Penyelenggaraan Penerbitan Rekomendasi Teknis IUJK Nasional\r',NULL,NULL),(541,55,'03','Pembinaan dan Peningkatan Kapasitas Badan Usaha Jasa Konstruksi\r',NULL,NULL),(542,55,'04','Pembinaan dan Peningkatan Kapasitas Lembaga Sertifikasi Badan Usaha Pemantauan dan Evaluasi Terkait IUJK Nasional\r',NULL,NULL),(543,55,'05','Pemantauan dan Evaluasi IUJK Nasional yang telah Diterbitkan\r',NULL,NULL),(544,56,'01','Penyusunan SOP/Pedoman Tertib Usaha, Tertib Penyelenggaraan, dan Tertib Pemanfaatan Jasa Konstruksi\r',NULL,NULL),(545,56,'02','Bimbingan Teknis tentang Tertib Usaha, Tertib Penyelenggaraan, dan Tertib Pemanfaatan Jasa Konstruksi\r',NULL,NULL),(546,56,'03','Pengawasan dan Evaluasi Tertib Usaha, Tertib Penyelenggaraan, dan Tertib Pemanfaatan Jasa Konstruksi\r',NULL,NULL),(547,57,'01','Pelaksanaan Persetujuan Substansi, Evaluasi, Konsultasi Evaluasi dan Penetapan RTRW Kabupaten/Kota\r',NULL,NULL),(548,57,'02','Pelaksanaan Persetujuan Substansi, Evaluasi, Konsultasi Evaluasi dan Penetapan RRTR Kabupaten/Kota\r',NULL,NULL),(549,57,'03','Penetapan Kebijakan dalam rangka Pelaksanaan Penataan Ruang\r',NULL,NULL),(550,57,'04','Sosialisasi Kebijakan dan Peraturan Perundangundangan Bidang Penataan Ruang\r',NULL,NULL),(551,58,'01','Koordinasi dan Sinkronisasi Penyusunan RTRW Kabupaten/Kota\r',NULL,NULL),(552,58,'02','Koordinasi dan Sinkronisasi Penyusunan RRTR Kabupaten/Kota\r',NULL,NULL),(553,58,'03','Peningkatan Peran Masyarakat dalam Penataan Ruang\r',NULL,NULL),(554,59,'01','Koordinasi dan Sinkronisasi Pemanfaatan Ruang untuk Investasi dan Pembangunan Daerah\r',NULL,NULL),(555,59,'02','Sistem Informasi Penataan Ruang\r',NULL,NULL),(556,60,'01','Koordinasi dan Sinkronisasi Pemberian Insentif dan Disinsentif Bidang Penataan Ruang\r',NULL,NULL),(557,60,'02','Koordinasi dan Sinkronisasi Penertiban dan Penegakan Hukum Bidang Penataan Ruang\r',NULL,NULL),(558,60,'03','Operasionalisasi Tugas dan Fungsi Penyidik Pegawai Negeri Sipil (PPNS) Bidang Penataan Ruang\r',NULL,NULL),(559,60,'04','Koordinasi Pelaksanaan Penataan Ruang\r',NULL,NULL),(560,61,'01','Identifikasi Perumahan di Lokasi Rawan Bencana atau Terkena Relokasi Program Kabupaten/Kota\r',NULL,NULL),(561,61,'02','Identifikasi Lahan-lahan Potensial sebagai Lokasi Relokasi Perumahan\r',NULL,NULL),(562,61,'03','Pengumpulan Data Rumah Korban Bencana Kejadian Sebelumnya yang Belum Tertangani\r',NULL,NULL),(563,61,'04','Pendataan Tingkat Kerusakan Rumah Akibat Bencana\r',NULL,NULL),(564,61,'05','Pendataan dan Verifikasi Penerima Rumah bagi Korban Bencana Alam atau Terkena Relokasi Program Kabupaten/Kota\r',NULL,NULL),(565,61,'06','Pendataan Rumah Sewa Milik Masyarakat, Rumah Susun dan Rumah Khusus\r',NULL,NULL),(566,62,'01','Sosialisasi Standar Teknis Penyediaan dan Rehabilitasi Rumah kepada Masyarakat/ Sukarelawan Tanggap Bencana\r',NULL,NULL),(567,62,'02','Sosialisasi tentang Mekanisme Penggantian Hak atas Tanah dan Bangunan\r',NULL,NULL),(568,62,'03','Sosialisasi Pengembangan Perumahan Baru dan Mekanisame Akses Perumahan KPR-FLPP\r',NULL,NULL),(569,62,'04','Pembentukan dan Pelatihan Tim Satgas, Tim Pendamping dan Fasilitator\r',NULL,NULL),(570,62,'05','Rembug Warga untuk Menentukan Calon Penerima Rumah bagi Korban Bencana\r',NULL,NULL),(571,62,'06','Koordinasi untuk Menyepakati Penerima dan Jenis Pelayanan\r',NULL,NULL),(572,63,'01','Rehabilitasi Rumah bagi Korban Bencana\r',NULL,NULL),(573,63,'02','Penyusunan Site Plan dan/atau Detail Engineering Design (DED) bagi Rumah Korban Bencana atau Relokasi Program Kabupaten/Kota\r',NULL,NULL),(574,63,'03','Pengadaan Lahan untuk Pembangunan Rumah bagi Korban Bencana\r',NULL,NULL),(575,63,'04','Pembangunan Rumah bagi Korban Bencana\r',NULL,NULL),(576,63,'05','Pembangunan Rumah Khusus beserta PSU bagi Korban Bencana atau Relokasi Program Kabupaten/Kota\r',NULL,NULL),(577,63,'06','Operasional dan Pemeliharaan Lingkungan Perumahan pada Relokasi Program Kabupaten/Kota\r',NULL,NULL),(578,64,'01','Pelaksanaan Pembagian Rumah bagi Korban Bencana Kabupaten/Kota atau Relokasi Program Kabupaten/Kota\r',NULL,NULL),(579,64,'02','Penatausahaan Serah Terima Rumah bagi Korban Bencana Kabupaten/Kota atau Relokasi Program Kabupaten/Kota\r',NULL,NULL),(580,65,'01','Fasilitasi Pengelolaan Kelembagaan dan Pemilik/Penghuni Rumah Susun\r',NULL,NULL),(581,65,'02','Penatausahaan Pemanfaatan Rumah Susun Umum dan/atau Rumah Khusus\r',NULL,NULL),(582,66,'01','Fasilitasi Pemenuhan Komitmen Penerbitan Izin Pembangunan dan Pengembangan Perumahan Terintegrasi secara Elektronik\r',NULL,NULL),(583,66,'02','Penguatan dan Pembinaan kepada BLU/BUMD untuk Penyelenggaraan Rumah Sederhana\r',NULL,NULL),(584,66,'03','Koordinasi dan Sinkronisasi Pengendalian Pembangunan dan Pengembangan Perumahan\r',NULL,NULL),(585,66,'04','Koordinasi dan Sinkronisasi Kerjasama Pemerintah Daerah dengan Badan Usaha (KPDBU) Perumahan Umum/Rumah Susun Umum\r',NULL,NULL),(586,67,'01','Koordinasi dan Sinkronisasi Penerbitan Sertifikat Kepemilikan Bangunan Gedung (SKGB)\r',NULL,NULL),(587,68,'01','Fasilitasi Pemenuhan Komitmen Penerbitan Izin Pembangunan dan Pengembangan Kawasan Permukiman Terintegrasi Secara Elektronik\r',NULL,NULL),(588,68,'02','Penyusunan dan/atau Review serta Legalisasi Rencana Pembangunan dan Pengembangan Kawasan Permukiman dan Permukiman Kumuh\r',NULL,NULL),(589,68,'03','Koordinasi dan Sinkronisasi Pengendalian Pembangunan dan Pengembangan Kawasan Permukiman dan Permukiman Kumuh\r',NULL,NULL),(590,69,'01','Survei dan Penetapan Lokasi Perumahan dan Permukiman Kumuh\r',NULL,NULL),(591,69,'02','Penyusunan Rencana Pencegahan dan Peningkatan Kualitas Perumahan Kumuh dan Permukiman Kumuh\r',NULL,NULL),(592,69,'03','Pembentukan/Pembinaan Kelompok Swadaya Masyarakat di Permukiman Kumuh\r',NULL,NULL),(593,69,'04','Penyadaran Publik Pencegahan Tumbuh dan Berkembangnya Permukiman Kumuh\r',NULL,NULL),(594,69,'05','Koordinasi dan Sinkronisasi Pengendalian Penataan Pemugaran/Peremajaan Permukiman Kumuh\r',NULL,NULL),(595,69,'06','Pelaksanaan Pembagian Rumah bagi Masyarakat Terdampak Program Pemugaran/Peremajaan Permukiman Kumuh\r',NULL,NULL),(596,69,'07','Penatausahaan Serah Terima Rumah bagi Masyarakat Terdampak Program Pemugaran/Peremajaan Permukiman Kumuh\r',NULL,NULL),(597,69,'08','Penyusunan/Review/Legalisasi Kebijakan Bidang PKP\r',NULL,NULL),(598,70,'01','Penyusunan Rencana Tapak (Site Plan) dan Detail Engineering Design (DED) Peremajaan/Pemugaran Permukiman Kumuh\r',NULL,NULL),(599,70,'02','Perbaikan Rumah Tidak Layak Huni\r',NULL,NULL),(600,70,'03','Kerja Sama Perbaikan Rumah Tidak Layak Huni Beserta PSU\r',NULL,NULL),(601,70,'04','Koordinasi dan Sinkronisasi Pengendalian Penyelenggaraan Pemugaran/Peremajaan Permukiman Kumuh\r',NULL,NULL),(602,70,'05','Pemberian Bantuan Uang Sewa Rumah Tinggal Sementara bagi Masyarakat yang Terkena Program Peremajaan Permukiman Kumuh\r',NULL,NULL),(603,70,'06','Pelaksanaan Pembangunan Pemugaran/Peremajaan Permukiman Kumuh\r',NULL,NULL),(604,70,'07','Pendataan dan Verifikasi Penyelenggaraan Kawasan Permukiman Kumuh\r',NULL,NULL),(605,71,'01','Perbaikan Rumah Tidak Layak Huni untuk Pencegahan terhadap Tumbuh dan Berkembangnya Permukiman Kumuh diluar Kawasan Permukiman Kumuh dengan Luas di Bawah 10 (sepuluh) Ha\r',NULL,NULL),(606,71,'02','Kerja Sama Perbaikan Rumah Tidak Layak Huni Beserta PSU diluar Kawasan Permukiman Kumuh dengan Luas di Bawah 10 (sepuluh) Ha\r',NULL,NULL),(607,71,'03','Pemberian Bantuan Uang Sewa Rumah Tinggal Sementara bagi Masyarakat yang Terkena Program Peremajaan Permukiman Kumuh diluar Kawasan Permukiman Kumuh dengan Luas di Bawah 10 (sepuluh) Ha\r',NULL,NULL),(608,72,'01','Perencanaan Penyediaan PSU Perumahan\r',NULL,NULL),(609,72,'02','Penyediaan Prasarana, Sarana, dan Utilitas Umum di Perumahan untuk Menunjang Fungsi Hunian\r',NULL,NULL),(610,72,'03','Koordinasi dan Sinkronisasi dalam rangka Penyediaan Prasarana, Sarana, dan Utilitas Umum Perumahan\r',NULL,NULL),(611,72,'04','Verifikasi dan Penyerahan PSU Permukiman dari Pengembang\r',NULL,NULL),(612,72,'05','Kerja Sama Penyediaan/Pengelolaan PSU Permukiman\r',NULL,NULL),(613,73,'01','Koordinasi dan Sinkronisasi Penerbitan Sertifikasi dan Registrasi Pengembang Perumahan dengan Kualifikasi Kecil\r',NULL,NULL),(614,74,'01','Pencegahan Gangguan Ketenteraman dan Ketertiban Umum melalui Deteksi Dini dan Cegah Dini, Pembinaan dan Penyuluhan, Pelaksanaan Patroli, Pengamanan, dan Pengawalan\r',NULL,NULL),(615,74,'02','Penindakan atas Gangguan Ketenteraman dan Ketertiban Umum Berdasarkan Perda dan Perkada melalui Penertiban dan Penanganan Unjuk Rasa dan Kerusuhan Massa\r',NULL,NULL),(616,74,'03','Koordinasi Penyelenggaraan Ketentraman dan Ketertiban Umum serta Perlindungan Masyarakat Tingkat Kabupaten/Kota\r',NULL,NULL),(617,74,'04','Pemberdayaan Perlindungan Masyarakat dalam rangka Ketentraman dan Ketertiban Umum\r',NULL,NULL),(618,74,'05','Peningkatan Kapasitas SDM Satuan Polisi Pamongpraja dan Satuan Perlindungan Masyarakat termasuk dalam Pelaksanaan Tugas yang Bernuansa Hak Asasi Manusia\r',NULL,NULL),(619,74,'06','Kerjasama antar Lembaga dan Kemitraan dalam Teknik Pencegahan dan Penanganan Gangguan Ketentraman dan Ketertiban Umum\r',NULL,NULL),(620,74,'07','Pengadaan dan Pemeliharaan Sarana dan Prasarana Ketentraman dan Ketertiban Umum\r',NULL,NULL),(621,74,'08','Penyusunan SOP Ketertiban Umum dan Ketenteraman Masyarakat\r',NULL,NULL),(622,74,'09','Penyediaan Layanan dalam rangka Dampak Penegakan Perda dan Perkada\r',NULL,NULL),(623,75,'01','Sosialisasi Penegakan Peraturan Daerah dan Peraturan Bupati/Wali Kota\r',NULL,NULL),(624,75,'02','Pengawasan atas Kepatuhan terhadap Pelaksanaan Peraturan Daerah dan Peraturan Bupati/Wali Kota\r',NULL,NULL),(625,75,'03','Penanganan atas Pelanggaran Peraturan Daerah dan Peraturan Bupati/Wali Kota\r',NULL,NULL),(626,76,'01','Pengembangan Kapasitas dan Karier PPNS\r',NULL,NULL),(627,77,'01','Penyusunan Kajian Risiko Bencana Kabupaten/Kota\r',NULL,NULL),(628,77,'02','Sosialisasi, Komunikasi, Informasi dan Edukasi (KIE) Rawan Bencana Kabupaten/Kota (Per Jenis Bencana)\r',NULL,NULL),(629,78,'01','Penyusunan Rencana Penanggulangan Bencana Kabupaten/Kota\r',NULL,NULL),(630,78,'02','Pelatihan Pencegahan dan Mitigasi Bencana Kabupaten/Kota\r',NULL,NULL),(631,78,'03','Pengendalian Operasi dan Penyediaan Sarana Prasarana Kesiapsiagaan terhadap Bencana Kabupaten/Kota\r',NULL,NULL),(632,78,'04','Penyediaan Peralatan Perlindungan dan Kesiapsiagaan terhadap Bencana\r',NULL,NULL),(633,78,'05','Pengelolaan Risiko Bencana Kabupaten/Kota\r',NULL,NULL),(634,78,'06','Penguatan Kapasitas Kawasan untuk Pencegahan dan Kesiapsiagaan\r',NULL,NULL),(635,78,'07','Penanganan Pascabencana Kabupaten/Kota\r',NULL,NULL),(636,78,'08','Pengembangan Kapasitas Tim Reaksi Cepat (TRC) Bencana Kabupaten/Kota\r',NULL,NULL),(637,78,'09','Penyusunan Rencana Kontijensi\r',NULL,NULL),(638,78,'10','Gladi Kesiapsiagaan terhadap Bencana\r',NULL,NULL),(639,78,'11','Penyusunan Rencana Penanggulangan Kedaruratan Bencana\r',NULL,NULL),(640,79,'01','Respon Cepat Kejadian Luar Biasa Penyakit/Wabah Zoonosis Prioritas\r',NULL,NULL),(641,79,'02','Respon Cepat Darurat Bencana Kabupaten/Kota\r',NULL,NULL),(642,79,'03','Pencarian, Pertolongan dan Evakuasi Korban Bencana Kabupaten/Kota\r',NULL,NULL),(643,79,'04','Penyediaan Logistik Penyelamatan dan Evakuasi Korban Bencana Kabupaten/Kota\r',NULL,NULL),(644,79,'05','Aktivasi Sistem Komando Penanganan Darurat Bencana\r',NULL,NULL),(645,79,'06','Respon Cepat Bencana Non Alam Epidemi/Wabah Penyakit\r',NULL,NULL),(646,80,'01','Penyusunan Regulasi Penanggulangan Bencana Kabupaten/Kota\r',NULL,NULL),(647,80,'02','Penguatan Kelembagaan Bencana Kabupaten/Kota\r',NULL,NULL),(648,80,'03','Kerjasama antar Lembaga dan Kemitraan dalam Penanggulangan Bencana Kabupaten/Kota\r',NULL,NULL),(649,80,'04','Pengelolaan dan Pemanfaatan Sistem Informasi Kebencanaan\r',NULL,NULL),(650,80,'05','Pembinaan dan Pengawasan Penyelenggaraan Penanggulangan Bencana\r',NULL,NULL),(651,81,'01','Pencegahan Kebakaran dalam Daerah Kabupaten/Kota\r',NULL,NULL),(652,81,'02','Pemadaman dan Pengendalian Kebakaran dalam Daerah Kabupaten/Kota\r',NULL,NULL),(653,81,'03','Penyelamatan dan Evakuasi Korban Kebakaran dan Non Kebakaran\r',NULL,NULL),(654,81,'04','Penanganan Bahan Berbahaya dan Beracun Kebakaran dalam Daerah Kabupaten/Kota\r',NULL,NULL),(655,81,'05','Standarisasi Sarana dan Prasarana Pencegahan, Penanggulangan Kebakaran dan Alat Pelindung Diri\r',NULL,NULL),(656,81,'06','Pengadaan Sarana dan Prasarana Pencegahan, Penanggulangan Kebakaran dan Alat Pelindung Diri\r',NULL,NULL),(657,81,'07','Pembinaan Aparatur Pemadam Kebakaran\r',NULL,NULL),(658,81,'08','Pengelolaan Sistem Komunikasi dan Informasi Kebakaran dan Penyelamatan (SKIK)\r',NULL,NULL),(659,81,'09','Penyelenggaraan Kerjasama dan Koordinasi antar Daerah Berbatasan, antar Lembaga, dan Kemitraan dalam Pencegahan, Penanggulangan, Penyelamatan Kebakaran dan Penyelamatan Non Kebakaran\r',NULL,NULL),(660,82,'01','Pendataan Sarana Prasarana Proteksi Kebakaran\r',NULL,NULL),(661,82,'02','Penilaian Sarana Prasarana Proteksi Kebakaran\r',NULL,NULL),(662,83,'01','Investigasi Kejadian Kebakaran, meliputi Penelitian dan Pengujian Penyebab Kejadian Kebakaran\r',NULL,NULL),(663,84,'01','Pemberdayaan Masyarakat dalam Pencegahan dan Penanggulangan Kebakaran melalui Sosialisasi dan Edukasi Masyarakat\r',NULL,NULL),(664,84,'02','Pembentukan dan Pembinaan Relawan Pemadam Kebakaran\r',NULL,NULL),(665,84,'03','Dukungan Pemberdayaan Masyarakat/Relawan Pemadam Kebakaran melalui Penyediaan Sarana dan Prasarana\r',NULL,NULL),(666,85,'01','Penyelenggaraan Operasi Pencarian dan Pertolongan pada Peristiwa yang Menimpa, Membahayakan, dan/atau Mengancam Keselamatan Manusia\r',NULL,NULL),(667,85,'02','Standarisasi Sarana dan Prasarana Pencarian dan Pertolongan terhadap Kondisi Membahayakan Manusia/Penyelamatan dan Evakuasi\r',NULL,NULL),(668,85,'03','Pengadaan Sarana dan Prasarana Pencarian dan Pertolongan terhadap Kondisi Membahayakan Manusia/Penyelamatan dan Evakuasi\r',NULL,NULL),(669,85,'04','Pembinaan Aparatur Pencarian dan Pertolongan terhadap Kondisi Membahayakan Manusia/ Penyelamatan dan Evakuasi\r',NULL,NULL),(670,86,'01','Fasilitasi Pemberdayaan Sosial KAT\r',NULL,NULL),(671,86,'02','Peningkatan Kapasitas dan Pendampingan KAT\r',NULL,NULL),(672,87,'01','Koordinasi dan Sinkronisasi Penerbitan Izin Undian Gratis Berhadiah dan Pengumpulan Uang atau Barang\r',NULL,NULL),(673,88,'01','Peningkatan Kemampuan Potensi Pekerja Sosial Masyarakat Kewenangan Kabupaten/Kota\r',NULL,NULL),(674,88,'02','Peningkatan Kemampuan Potensi Tenaga Kesejahteraan Sosial Kecamatan Kewenangan Kabupaten/Kota\r',NULL,NULL),(675,88,'03','Peningkatan Kemampuan Potensi Sumber Kesejahteraan Sosial Keluarga Kewenangan Kabupaten/Kota\r',NULL,NULL),(676,88,'04','Peningkatan Kemampuan Potensi Sumber Kesejahteraan Sosial Kelembagaan Masyarakat Kewenangan Kabupaten/Kota\r',NULL,NULL),(677,88,'05','Peningkatan Kemampuan Sumber Daya Manusia dan Penguatan Lembaga Konsultasi Kesejahteraan Keluarga (LK3)\r',NULL,NULL),(678,89,'01','Fasilitasi Pemulangan Warga Negara Migran Korban Tindak Kekerasan dari Titik Debarkasi di Daerah Kabupaten/Kota untuk dipulangkan ke Desa/Kelurahan Asal\r',NULL,NULL),(679,90,'01','Penyediaan Permakanan\r',NULL,NULL),(680,90,'02','Penyediaan Sandang\r',NULL,NULL),(681,90,'03','Penyediaan Alat Bantu\r',NULL,NULL),(682,90,'04','Pemberian Pelayanan Reunifikasi Keluarga\r',NULL,NULL),(683,90,'05','Pemberian Bimbingan Fisik, Mental, Spiritual, dan Sosial\r',NULL,NULL),(684,90,'06','Pemberian Bimbingan Sosial kepada Keluarga Penyandang Disabilitas Terlantar, Anak Terlantar, Lanjut Usia Terlantar, serta Gelandangan Pengemis dan Masyarakat\r',NULL,NULL),(685,90,'07','Fasilitasi Pembuatan Nomor Induk Kependudukan, Akta Kelahiran, Surat Nikah, dan Kartu Identitas Anak\r',NULL,NULL),(686,90,'08','Pemberian Akses ke Layanan Pendidikan dan Kesehatan Dasar\r',NULL,NULL),(687,90,'09','Pemberian Layanan Data dan Pengaduan\r',NULL,NULL),(688,90,'10','Pemberian Layanan Kedaruratan\r',NULL,NULL),(689,90,'11','Pemberian Pelayanan Penelusuran Keluarga\r',NULL,NULL),(690,90,'12','Pemberian Layanan Rujukan\r',NULL,NULL),(691,91,'01','Pemberian Layanan Data dan Pengaduan\r',NULL,NULL),(692,91,'02','Pemberian Layanan Kedaruratan\r',NULL,NULL),(693,91,'03','Penyediaan Permakanan\r',NULL,NULL),(694,91,'04','Penyediaan Sandang\r',NULL,NULL),(695,91,'05','Penyediaan Alat Bantu\r',NULL,NULL),(696,91,'06','Penyediaan Perbekalan Kesehatan di Luar Panti\r',NULL,NULL),(697,91,'07','Pemberian Bimbingan Fisik, Mental, Spiritual, dan Sosial\r',NULL,NULL),(698,91,'08','Pemberian Bimbingan Sosial kepada Keluarga Penyandang Masalah Kesejahteraan Sosial (PMKS) Lainnya Bukan Korban HIV/AIDS dan NAPZA\r',NULL,NULL),(699,91,'09','Fasilitasi Pembuatan Nomor Induk Kependudukan, Akta Kelahiran, Surat Nikah, dan Kartu Identitas Anak\r',NULL,NULL),(700,91,'10','Pemberian Akses ke Layanan Pendidikan dan Kesehatan Dasar\r',NULL,NULL),(701,91,'11','Pemberian Pelayanan Penelusuran Keluarga\r',NULL,NULL),(702,91,'12','Pemberian Pelayanan Reunifikasi Keluarga\r',NULL,NULL),(703,91,'13','Pemberian Layanan Rujukan\r',NULL,NULL),(704,91,'14','Kerjasama antar Lembaga dan Kemitraan dalam Pelaksanaan Rehabilitasi Sosial Kabupaten/Kota\r',NULL,NULL),(705,92,'01','Penjangkauan Anak-Anak Terlantar\r',NULL,NULL),(706,92,'02','Rujukan Anak-Anak Terlantar\r',NULL,NULL),(707,92,'03','Pemantauan terhadap Pelaksanaan Pemeliharaan Anak Terlantar\r',NULL,NULL),(708,93,'01','Pendataan Fakir Miskin Cakupan Daerah Kabupaten/Kota\r',NULL,NULL),(709,93,'02','Pengelolaan Data Fakir Miskin Cakupan Daerah Kabupaten/Kota\r',NULL,NULL),(710,93,'03','Fasilitasi Bantuan Sosial Kesejahteraan Keluarga\r',NULL,NULL),(711,93,'04','Fasilitasi Bantuan Pengembangan Ekonomi Masyarakat\r',NULL,NULL),(712,94,'01','Penyediaan Makanan\r',NULL,NULL),(713,94,'02','Penyediaan Sandang\r',NULL,NULL),(714,94,'03','Penyediaan Tempat Penampungan Pengungsi\r',NULL,NULL),(715,94,'04','Penanganan Khusus bagi Kelompok Rentan\r',NULL,NULL),(716,94,'05','Pelayanan Dukungan Psikososial\r',NULL,NULL),(717,95,'01','Koordinasi, Sosialisasi dan Pelaksanaan Kampung Siaga Bencana\r',NULL,NULL),(718,95,'02','Koordinasi, Sosialisasi dan Pelaksanaan Taruna Siaga Bencana\r',NULL,NULL),(719,96,'01','Rehabilitasi Sarana dan Prasarana Taman Makam Pahlawan Nasional Kabupaten/Kota\r',NULL,NULL),(720,96,'02','Pemeliharaan Taman Makam Pahlawan Nasional Kabupaten/Kota\r',NULL,NULL),(721,96,'03','Pengamanan Taman Makam Pahlawan Nasional Kabupaten/Kota\r',NULL,NULL),(722,97,'01','Penyusunan Rencana Tenaga Kerja Makro\r',NULL,NULL),(723,97,'02','Penyusunan Rencana Tenaga Kerja Mikro\r',NULL,NULL),(724,98,'01','Proses Pelaksanaan Pendidikan dan Pelatihan Keterampilan bagi Pencari Kerja berdasarkan Klaster Kompetensi\r',NULL,NULL),(725,98,'02','Koordinasi Lintas Lembaga dan Kerja Sama dengan Sektor Swasta untuk Penyediaan Instruktur serta Sarana dan Prasarana Lembaga Pelatihan Kerja\r',NULL,NULL),(726,98,'03','Pengadaan Sarana Pelatihan Kerja Kabupaten/Kota\r',NULL,NULL),(727,99,'01','Pembinaan Lembaga Pelatihan Kerja Swasta\r',NULL,NULL),(728,100,'01','Penyediaan Sumber Daya Perizinan Lembaga Pelatihan Kerja secara Terintegrasi\r',NULL,NULL),(729,101,'01','Pelaksanaan Konsultasi Produktivitas kepada Perusahaan Kecil\r',NULL,NULL),(730,102,'01','Pengukuran Kompetensi dan Produktivitas Tenaga Kerja\r',NULL,NULL),(731,103,'01','Penyediaan Sumber Daya Pelayanan antar Kerja\r',NULL,NULL),(732,103,'02','Pelayanan antar Kerja\r',NULL,NULL),(733,103,'03','Penyuluhan dan Bimbingan Jabatan bagi Pencari Kerja\r',NULL,NULL),(734,103,'04','Penyelenggaraan Unit Layanan Disabilitas Ketenagakerjaan\r',NULL,NULL),(735,103,'05','Perluasan Kesempatan Kerja\r',NULL,NULL),(736,104,'01','Penyediaan Sumber Daya Perizinan LPTKS secara Terintegrasi\r',NULL,NULL),(737,104,'02','Pengawasan dan Pengendalian LPTKS\r',NULL,NULL),(738,105,'01','Pemeliharaan dan Operasional Aplikasi Informasi Pasar Kerja Online\r',NULL,NULL),(739,105,'02','Pelayanan dan Penyediaan Informasi Pasar Kerja Online\r',NULL,NULL),(740,105,'03','Job Fair/Bursa Kerja\r',NULL,NULL),(741,106,'01','Peningkatan Pelindungan dan Kompetensi Calon Pekerja Migran Indonesia (PMI)/Pekerja Migran Indonesia (PMI)\r',NULL,NULL),(742,106,'02','Penyediaan Layanan Terpadu pada Calon Pekerja Migran\r',NULL,NULL),(743,106,'03','Pemberdayaan Pekerja Migran Indonesia Purna Penempatan\r',NULL,NULL),(744,107,'01','Koordinasi dan Sinkronisasi Perpanjangan IMTA yang Lokasi Kerja dalam 1 (satu) Daerah Kabupaten/Kota\r',NULL,NULL),(745,108,'01','Pengesahan Peraturan Perusahaan bagi Perusahaan\r',NULL,NULL),(746,108,'02','Pendaftaran Perjanjian Kerjasama bagi Perusahaan\r',NULL,NULL),(747,108,'03','Penyelenggaraan Pendataan dan Informasi Sarana Hubungan Industrial dan Jaminan Sosial Tenaga Kerja serta Pengupahan\r',NULL,NULL),(748,109,'01','Pencegahan Perselisihan Hubungan Industrial, Mogok Kerja, dan Penutupan Perusahaan yang Berakibat/Berdampak pada Kepentingan di 1 (satu) Daerah Kabupaten/Kota\r',NULL,NULL),(749,109,'02','Penyelesaian Perselisihan Hubungan Industrial, Mogok Kerja, dan Penutupan Perusahaan yang Berakibat/Berdampak pada Kepentingan di 1 (satu) Daerah Kabupaten/Kota\r',NULL,NULL),(750,109,'03','Penyelenggaraan Verifikasi dan Rekapitulasi Keanggotaan pada Organisasi Pengusaha, Federasi dan Konfederasi Serikat Pekerja/Serikat Buruh serta Non Afiliasi\r',NULL,NULL),(751,109,'04','Pelaksanaan Operasional Lembaga Kerjasama Tripartit Daerah Kabupaten/Kota\r',NULL,NULL),(752,109,'05','Pengembangan Pelaksanaan Jaminan Sosial Tenaga Kerja dan Fasilitas Kesejahteraan Pekerja\r',NULL,NULL),(753,110,'01','Koordinasi dan Sinkronisasi Perumusan Kebijakan Pelaksanaan PUG\r',NULL,NULL),(754,110,'02','Koordinasi dan Sinkronisasi Pelaksanaan PUG Kewenangan Kabupaten/Kota\r',NULL,NULL),(755,110,'03','Advokasi Kebijakan dan Pendampingan Pelaksanaan PUG termasuk PPRG\r',NULL,NULL),(756,110,'04','Sosialisasi Kebijakan Pelaksanaan PUG termasuk PPRG\r',NULL,NULL),(757,111,'01','Sosialisasi Peningkatan Partisipasi Perempuan di Bidang Politik, Hukum, Sosial dan Ekonomi\r',NULL,NULL),(758,111,'02','Advokasi Kebijakan dan Pendampingan Peningkatan Partisipasi Perempuan dan Politik, Hukum, Sosial dan Ekonomi\r',NULL,NULL),(759,112,'01','Advokasi Kebijakan dan Pendampingan kepada Lembaga Penyedia Layanan Pemberdayaan Perempuan Kewenangan Kabupaten/Kota\r',NULL,NULL),(760,112,'02','Peningkatan Kapasitas Sumber Daya Lembaga Penyedia Layanan Pemberdayaan Perempuan Kewenangan Kabupaten/Kota\r',NULL,NULL),(761,112,'03','Pengembangan Komunikasi, Informasi dan Edukasi (KIE) Pemberdayaan Perempuan Kewenangan Kabupaten/Kota\r',NULL,NULL),(762,113,'01','Koordinasi dan Sinkronisasi Pelaksanaan Kebijakan, Program dan Kegiatan Pencegahan Kekerasan terhadap Perempuan Lingkup Daerah Kabupaten/Kota\r',NULL,NULL),(763,113,'02','Advokasi Kebijakan dan Pendampingan Layanan Perlindungan Perempuan Kewenangan Kabupaten/Kota\r',NULL,NULL),(764,114,'01','Penyediaan Layanan Pengaduan Masyarakat bagi Perempuan Korban Kekerasan Kewenangan Kabupaten/Kota\r',NULL,NULL),(765,114,'02','Koordinasi dan Sinkronisasi Pelaksanaan Penyediaan Layanan Rujukan Lanjutan bagi Perempuan Korban Kekerasan Kewenangan Kabupaten/Kota\r',NULL,NULL),(766,115,'01','Advokasi Kebijakan dan Pendampingan Penyediaan Sarana Prasarana Layanan bagi Perempuan Korban Kekerasan Kewenangan Kabupaten/Kota\r',NULL,NULL),(767,115,'02','Peningkatan Kapasitas Sumber Daya Lembaga Penyedia Layanan Penanganan bagi Perempuan Korban Kekerasan Kewenangan Kabupaten/Kota\r',NULL,NULL),(768,115,'03','Penyediaan Kebutuhan Spesifik bagi Perempuan dalam Situasi Darurat dan Kondisi Khusus Kewenangan Kabupaten/Kota\r',NULL,NULL),(769,115,'04','Penguatan Jejaring antar Lembaga Penyedia Layanan Perlindungan Perempuan Kewenangan Kabupaten/Kota\r',NULL,NULL),(770,116,'01','Advokasi Kebijakan dan Pendampingan untuk Mewujudkan KG dan Perlindungan Anak Kewenangan Kabupaten/Kota\r',NULL,NULL),(771,116,'02','Pelaksanaan Komunikasi, Informasi dan Edukasi KG dan Perlindungan Anak bagi Keluarga Kewenangan Kabupaten/Kota\r',NULL,NULL),(772,116,'03','Pengembangan Kegiatan Masyarakat untuk Peningkatan Kualitas Keluarga Kewenangan Kabupaten/Kota\r',NULL,NULL),(773,117,'01','Advokasi Kebijakan dan Pendampingan Pengembangan Lembaga Penyedia Layanan Peningkatan Kualitas Keluarga Tingkat Daerah Kabupaten/Kota\r',NULL,NULL),(774,117,'02','Peningkatan Kapasitas Sumber Daya Lembaga Penyedia Layanan Peningkatan Kualitas Keluarga Tingkat Daerah Kabupaten/Kota\r',NULL,NULL),(775,117,'03','Penguatan Jejaring antar Lembaga Penyedia Layanan Peningkatan Kualitas Keluarga Tingkat Daerah Kabupaten/Kota\r',NULL,NULL),(776,118,'01','Pelaksanaan Penyediaan Layanan Komprehensif bagi Keluarga dalam Mewujudkan KG dan Perlindungan Anak yang Wilayah Kerjanya dalam Daerah Kabupaten/Kota\r',NULL,NULL),(777,119,'01','Penyediaan Data Gender dan Anak di Kewenangan Kabupaten/Kota\r',NULL,NULL),(778,119,'02','Penyajian dan Pemanfaatan Data Gender dan Anak dalam Kelembagaan Data di Kewenangan Kabupaten/Kota\r',NULL,NULL),(779,120,'01','Advokasi Kebijakan dan Pendampingan Pemenuhan Hak Anak pada Lembaga Pemerintah, Non Pemerintah, Media dan Dunia Usaha Kewenangan Kabupaten/Kota\r',NULL,NULL),(780,120,'02','Koordinasi dan Sinkronisasi Pelembagaan Pemenuhan Hak Anak Kewenangan Kabupaten/Kota\r',NULL,NULL),(781,121,'01','Penyediaan Layanan Peningkatan Kualitas Hidup Anak Kewenangan Kabupaten/Kota\r',NULL,NULL),(782,121,'02','Koordinasi dan Sinkronisasi Pelaksanaan Pendampingan Peningkatan Kualitas Hidup Anak Tingkat Daerah Kabupaten/Kota\r',NULL,NULL),(783,121,'03','Pengembangan Komunikasi, Informasi dan Edukasi Pemenuhan Hak Anak bagi Lembaga Penyedia Layanan Peningkatan Kualitas Hidup Anak Tingkat Daerah Kabupaten/Kota\r',NULL,NULL),(784,121,'04','Penguatan Jejaring antar Lembaga Penyedia Layanan Peningkatan Kualitas Hidup Anak Tingkat Daerah Kabupaten/Kota\r',NULL,NULL),(785,122,'01','Advokasi Kebijakan dan Pendampingan Pelaksanaan Kebijakan, Program dan Kegiatan Pencegahan Kekerasan terhadap Anak Kewenangan Kabupaten/Kota\r',NULL,NULL),(786,122,'02','Koordinasi dan Sinkronisasi Pencegahan Kekerasan terhadap Anak Kewenangan Kabupaten/Kota\r',NULL,NULL),(787,123,'01','Penyediaan Layanan Pengaduan Masyarakat bagi Anak yang Memerlukan Perlindungan Khusus Tingkat Daerah Kabupaten/Kota\r',NULL,NULL),(788,123,'02','Koordinasi dan Sinkronisasi Pelaksanaan Pendampingan Anak yang Memerlukan Perlindungan Khusus Kewenangan Kabupaten/Kota\r',NULL,NULL),(789,123,'03','Pengembangan Komunikasi, Informasi dan Edukasi Anak yang Memerlukan Perlindungan Khusus Kewenangan Kabupaten/Kota\r',NULL,NULL),(790,123,'04','Penguatan Jejaring antar Lembaga Penyedia Layanan Anak yang Memerlukan Perlindungan Khusus Kewenangan Kabupaten/Kota\r',NULL,NULL),(791,124,'01','Koordinasi dan Sinkronisasi Penyediaan Sarana Prasarana Layanan bagi Anak yang Memerlukan Perlindungan Khusus Tingkat Daerah Kabupaten/Kota\r',NULL,NULL),(792,124,'02','Koordinasi dan Sinkronisasi Peningkatan Kapasitas Sumber Daya Lembaga Penyedia Layanan Anak yang Memerlukan Perlindungan Khusus Tingkat Daerah Kabupaten/Kota\r',NULL,NULL),(793,124,'03','Koordinasi dan Sinkronisasi Penguatan Jejaring antar Lembaga Penyedia Layanan Anak yang Memerlukan Perlindungan Khusus Tingkat Daerah Kabupaten/Kota\r',NULL,NULL),(794,125,'01','Penyediaan Infrastruktur Lumbung Pangan\r',NULL,NULL),(795,125,'02','Penyediaan Infrastruktur Lantai Jemur\r',NULL,NULL),(796,125,'03','Penyediaan Infrastruktur Pendukung Kemandirian Pangan Lainnya\r',NULL,NULL),(797,125,'04','Koordinasi dan Sinkronisasi Penyediaan Infrastruktur Logistik\r',NULL,NULL),(798,125,'05','Penyusunan Rencana dan Peta Jalan Kebutuhan Infrastruktur Pendukung Kemandirian Pangan\r',NULL,NULL),(799,126,'01','Penyediaan Informasi Harga Pangan dan Neraca Bahan Makanan\r',NULL,NULL),(800,126,'02','Penyediaan Pangan Berbasis Sumber Daya Lokal\r',NULL,NULL),(801,126,'03','Koordinasi, Sinkronisasi dan Pelaksanaan Distribusi Pangan Pokok dan Pangan Lainnya\r',NULL,NULL),(802,126,'04','Pemantauan Stok, Pasokan dan Harga Pangan\r',NULL,NULL),(803,126,'05','Pengembangan Kelembagaan dan Jaringan Distribusi Pangan\r',NULL,NULL),(804,126,'06','Pengembangan Kelembagaan Usaha Pangan Masyarakat dan Toko Tani Indonesia\r',NULL,NULL),(805,127,'01','Koordinasi dan Sinkronisasi Pengendalian Cadangan Pangan Kabupaten/Kota\r',NULL,NULL),(806,127,'02','Penyusunan Rencana Kebutuhan Pangan Lokal\r',NULL,NULL),(807,127,'03','Pengadaan Cadangan Pangan Pemerintah Kabupaten/Kota\r',NULL,NULL),(808,127,'04','Pemeliharaan Cadangan Pangan Pemerintah Kabupaten/Kota\r',NULL,NULL),(809,128,'01','Koordinasi dan Sinkronisasi Penentuan Harga Minimum Pangan Pokok Lokal\r',NULL,NULL),(810,129,'01','Penyusunan dan Penetapan Target Konsumsi Pangan per Kapita per Tahun\r',NULL,NULL),(811,129,'02','Pemberdayaan Masyarakat dalam Penganekaragaman Konsumsi Pangan Berbasis Sumber Daya Lokal\r',NULL,NULL),(812,129,'03','Koordinasi dan Sinkronisasi Pemantauan dan Evaluasi Konsumsi per Kapita per Tahun\r',NULL,NULL),(813,130,'01','Penyusunan, Pemutakhiran dan Analisis Peta Ketahanan dan Kerentanan Pangan\r',NULL,NULL),(814,131,'01','Koordinasi dan Sinkronisasi Penanganan Kerawanan Pangan Kabupaten/Kota\r',NULL,NULL),(815,131,'02','Pelaksanaan Pengadaan, Pengelolaan, dan Penyaluran Cadangan Pangan pada Kerawanan Pangan yang Mencakup dalam 1 (satu) Daerah Kabupaten/Kota\r',NULL,NULL),(816,132,'01','Penguatan Kelembagaan Keamanan Pangan Segar Daerah Kabupaten/Kota\r',NULL,NULL),(817,132,'02','Sertifikasi Keamanan Pangan Segar Asal Tumbuhan Daerah Kabupaten/Kota\r',NULL,NULL),(818,132,'03','Registrasi Keamanan Pangan Segar Asal Tumbuhan Daerah Kabupaten/Kota\r',NULL,NULL),(819,132,'04','Rekomendasi Keamanan Pangan Segar Asal Tumbuhan Daerah Kabupaten/Kota\r',NULL,NULL),(820,132,'05','Penyediaan Sarana dan Prasarana Pengujian Mutu dan Keamanan Pangan Segar Asal Tumbuhan Daerah Kabupaten/Kota\r',NULL,NULL),(821,133,'01','Koordinasi dan Sinkronisasi Pemberian Izin Lokasi Penanaman Modal dan Kemudahan Berusaha\r',NULL,NULL),(822,134,'01','Inventarisasi Sengketa, Konflik, dan Perkara Pertanahan dalam 1 (satu) Daerah Kabupaten/Kota\r',NULL,NULL),(823,134,'02','Mediasi Penyelesaian Sengketa Tanah Garapan dalam 1 (satu) Daerah Kabupaten/Kota\r',NULL,NULL),(824,135,'01','Penetapan Daftar Masyarakat Penerima Santunan Tanah dalam 1 (satu) Daerah Kabupaten/Kota\r',NULL,NULL),(825,135,'02','Koordinasi dan Sinkronisasi Penyelesaian Masalah Ganti Kerugian dan Santunan Tanah untuk Pembangunan oleh Pemerintah Daerah Kabupaten/Kota\r',NULL,NULL),(826,136,'01','Inventarisasi Subyek dan Obyek Redistribusi Tanah\r',NULL,NULL),(827,136,'02','Inventarisasi dan Rekomendasi Obyek Redistribusi Tanah\r',NULL,NULL),(828,136,'03','Koordinasi Penyelenggaraan Redistribusi Tanah Objek Reforma Agraria dalam 1 (satu) Kabupaten/Kota\r',NULL,NULL),(829,136,'04','Koordinasi dan Sinkronisasi Penataan Akses dalam Pemanfaatan Redistribusi Tanah dalam 1 (satu) Kabupaten/Kota\r',NULL,NULL),(830,137,'01','Inventarisasi Tanah Kelebihan Maksimum dan Tanah Absentee dalam 1 (satu) Daerah Kabupaten/Kota\r',NULL,NULL),(831,137,'02','Koordinasi Penetapan Ganti Kerugian Tanah Kelebihan Maksimum dan Tanah Absentee dalam 1 (satu) Daerah Kabupaten/Kota\r',NULL,NULL),(832,138,'01','Koordinasi dan Sinkronisasi Survei dan Pemetaan Batas Tanah Ulayat dalam 1 (satu) Daerah Kabupaten/Kota\r',NULL,NULL),(833,138,'02','Koordinasi dan Sinkronisasi Pengakuan dan Pengukuhan Masyarakat Hukum Adat dalam 1 (satu) Daerah Kabupaten/Kota\r',NULL,NULL),(834,138,'03','Penetapan Tanah Ulayat dalam 1 (satu) Daerah Kabupaten/Kota sesuai dengan Ketentuan Peraturan Perundang-Undangan yang Berlaku\r',NULL,NULL),(835,139,'01','Koordinasi dan Sinkronisasi Penyelesaian Tanah Kosong di dalam 1 (satu) Daerah Kabupaten/Kota\r',NULL,NULL),(836,140,'01','Pelaksanaan Inventarisasi Tanah Kosong\r',NULL,NULL),(837,140,'02','Pemanfaatan Tanah Kosong\r',NULL,NULL),(838,141,'01','Koordinasi dan Sinkronisasi Pemberian Izin Membuka Tanah\r',NULL,NULL),(839,141,'02','Pengendalian Pemanfaatan Tanah Negara\r',NULL,NULL),(840,142,'01','Koordinasi dan Sinkronisasi Perencanaan Penggunaan Tanah\r',NULL,NULL),(841,142,'02','Koordinasi Pemetaan Zona Nilai Tanah Kewenangan Kabupaten/Kota\r',NULL,NULL),(842,142,'03','Koordinasi dan Sinkronisasi Pelaksanaan Konsolidasi Tanah Kabupaten/Kota\r',NULL,NULL),(843,143,'01','Penyusunan dan Penetapan RPPLH Kabupaten/Kota\r',NULL,NULL),(844,143,'02','Pengendalian Pelaksanaan RPPLH Kabupaten/Kota\r',NULL,NULL),(845,144,'01','Pembuatan dan Pelaksanaan KLHS Rencana Tata Ruang\r',NULL,NULL),(846,144,'02','Pembuatan dan Pelaksanaan KLHS RPJPD/RPJMD\r',NULL,NULL),(847,144,'03','Pembuatan dan Pelaksanaan KLHS untuk KRP yang Berpotensi Menimbulkan Dampak/Resiko Lingkungan Hidup\r',NULL,NULL),(848,145,'01','Koordinasi, Sinkronisasi dan Pelaksanaan Pencegahan Pencemaran Lingkungan Hidup Dilaksanakan terhadap Media Tanah, Air, Udara, dan Laut\r',NULL,NULL),(849,145,'02','Koordinasi, Sinkronisasi dan Pelaksanaan Pengendalian Emisi Gas Rumah Kaca, Mitigasi dan Adaptasi Perubahan Iklim\r',NULL,NULL),(850,145,'03','Pengelolaan Laboratorium Lingkungan Hidup Kabupaten/Kota\r',NULL,NULL),(851,146,'01','Pemberian Informasi Peringatan Pencemaran dan/atau Kerusakan Lingkungan Hidup pada Masyarakat\r',NULL,NULL),(852,146,'02','Pengisolasian Pencemaran dan/atau Kerusakan Lingkungan Hidup\r',NULL,NULL),(853,146,'03','Penghentian Pencemaran dan/atau Kerusakan Lingkungan Hidup\r',NULL,NULL),(854,147,'01','Koordinasi dan Sinkronisasi Penghentian Sumber Pencemaran\r',NULL,NULL),(855,147,'02','Koordinasi dan Sinkronisasi Pembersihan Unsur Pencemar\r',NULL,NULL),(856,147,'03','Koordinasi, Sinkronisasi dan Pelaksanaan Remediasi\r',NULL,NULL),(857,147,'04','Koordinasi, Sinkronisasi dan Pelaksanaan Rehabilitasi\r',NULL,NULL),(858,147,'05','Koordinasi, Sinkronisasi dan Pelaksanaan Restorasi\r',NULL,NULL),(859,148,'01','Penyusunan dan Penetapan Rencana Pengelolaan Keanekaragaman Hayati\r',NULL,NULL),(860,148,'02','Pengelolaan Taman Keanekaragaman Hayati di Luar Kawasan Hutan\r',NULL,NULL),(861,148,'03','Pengelolaan Kebun Raya\r',NULL,NULL),(862,148,'04','Pengelolaan Ruang Terbuka Hijau (RTH)\r',NULL,NULL),(863,148,'05','Pengelolaan Taman Keanekaragaman Hayati Lainnya\r',NULL,NULL),(864,148,'06','Pengembangan Kapasitas Kelembagaan dan SDM dalam Pengelolaan Keanekaragaman Hayati\r',NULL,NULL),(865,148,'07','Pengelolaan Sarana dan Prasarana Keanekaragaman Hayati\r',NULL,NULL),(866,149,'01','Fasilitasi Pemenuhan Komitmen Izin Penyimpanan Sementara Limbah B3 Dilaksanakan melalui Sistem Pelayanan Perizinan Berusaha Terintegrasi secara Elektronik\r',NULL,NULL),(867,149,'02','Verifikasi Lapangan untuk Memastikan Pemenuhan Persyaratan Administrasi dan Teknis Penyimpanan Sementara Limbah B3\r',NULL,NULL),(868,150,'01','Fasilitasi Pemenuhan Komitmen Izin Pengumpulan Limbah B3 Dilaksanakan melalui Sistem Pelayanan Perizinan Berusaha Terintegrasi secara Elektronik\r',NULL,NULL),(869,150,'02','Koordinasi dan Sinkronisasi Pengelolaan Limbah B3 dengan Pemerintah Provinsi dalam rangka Pengangkutan, Pemanfaatan, Pengolahan, dan/atau Penimbunan\r',NULL,NULL),(870,151,'01','Fasilitasi Pemenuhan Ketentuan dan Kewajiban Izin Lingkungan dan/atau Izin PPLH\r',NULL,NULL),(871,151,'02','Pengembangan Kapasitas Pejabat Pengawas Lingkungan Hidup\r',NULL,NULL),(872,151,'03','Pengawasan Usaha dan/atau Kegiatan yang Izin Lingkungan Hidup, Izin PPLH yang Diterbitkan oleh Pemerintah Daerah Kabupaten/Kota\r',NULL,NULL),(873,151,'04','Koordinasi dan Sinkronisasi Pengawasan dan Penerapan Sanksi Upaya dan Rencana PPLH\r',NULL,NULL),(874,152,'01','Koordinasi, Sinkronisasi, Penyediaan Data dan Informasi Pengakuan Keberadaan MHA Kearifan Lokal atau Pengetahuan Tradisional dan Hak Kearifan Lokal atau Pengetahuan Tradisional dan Hak MHA terkait dengan PPLH\r',NULL,NULL),(875,153,'01','Pemberdayaan, Kemitraan, Pendampingan dan Penguatan Kelembagaan MHA, Kearifan Lokal, Pengetahuan Tradisional dan Hak MHA terkait dengan PPLH\r',NULL,NULL),(876,154,'01','Peningkatan Kapasitas dan Kompetensi Sumber Daya Manusia Bidang Lingkungan Hidup untuk Lembaga Kemasyarakatan\r',NULL,NULL),(877,154,'02','Pendampingan Gerakan Peduli Lingkungan Hidup\r',NULL,NULL),(878,154,'03','Penyelenggaraan Penyuluhan dan Kampanye Lingkungan Hidup\r',NULL,NULL),(879,155,'01','Penilaian Kinerja Masyarakat/Lembaga Masyarakat/Dunia Usaha/Dunia Pendidikan/Filantropi dalam Perlindungan dan Pengelolaan Lingkungan Hidup\r',NULL,NULL),(880,156,'01','Pengelolaan Pengaduan Masyarakat terhadap PPLH Kabupaten/Kota\r',NULL,NULL),(881,156,'02','Koordinasi dan Sinkronisasi Penerapan Sanksi Administrasi, Penyelesaian Sengketa, dan/atau Penyidikan Lingkungan Hidup di Luar Pengadilan atau melalui Pengadilan\r',NULL,NULL),(882,157,'01','Penyusunan Kebijakan dan Strategi Daerah Pengelolaan Sampah Kabupaten/Kota\r',NULL,NULL),(883,157,'02','Pengurangan Sampah dengan melakukan Pembatasan, Pendauran Ulang dan Pemanfaatan Kembali\r',NULL,NULL),(884,157,'03','Penanganan Sampah dengan melakukan Pemilahan, Pengumpulan, Pengangkutan, Pengolahan, dan Pemrosesan Akhir Sampah di TPA/TPST/SPA Kabupaten/Kota\r',NULL,NULL),(885,157,'04','Peningkatan Peran serta Masyarakat dalam Pengelolaan Persampahan\r',NULL,NULL),(886,157,'05','Koordinasi dan Sinkronisasi Penyediaan Prasarana dan Sarana Pengelolaan Persampahan\r',NULL,NULL),(887,157,'06','Penyusunan Kebijakan Kerjasama Pengelolaan Persampahan\r',NULL,NULL),(888,157,'07','Penyediaan Sarana dan Prasarana Pengelolaan Persampahan di TPA/TPST/SPA Kabupaten/Kota\r',NULL,NULL),(889,158,'01','Pelayanan Perizinan Berusaha Terintegrasi secara Elektronik\r',NULL,NULL),(890,159,'01','Fasilitasi Pemenuhan Ketentuan terkait Izin Usaha dan Standar Teknis Pengelolaan Sampah\r',NULL,NULL),(891,159,'02','Penyusunan dan Pelaksanaan Penilaian Kinerja Pengelolaan Sampah\r',NULL,NULL),(892,159,'03','Monitoring dan Evaluasi Pemenuhan Target dan Standar Pelayanan Pengelolaan Sampah\r',NULL,NULL),(893,160,'01','Pendataan Penduduk Non Permanen dan Rentan Administrasi Kependudukan\r',NULL,NULL),(894,160,'02','Pencatatan, Penatausahaan dan Penerbitan Dokumen atas Pendaftaran Penduduk\r',NULL,NULL),(895,160,'03','Penyelesaian Masalah Pendaftaran Penduduk\r',NULL,NULL),(896,160,'04','Peningkatan Pelayanan Pendaftaran Penduduk\r',NULL,NULL),(897,160,'05','Pencatatan, Penatausahaan dan Penerbitan Dokumen atas Pelaporan Peristiwa Kependudukan\r',NULL,NULL),(898,160,'06','Pencatatan atas Pelaporan Peristiwa Kependudukan\r',NULL,NULL),(899,160,'07','Penerbitan Dokumen atas Hasil Pelaporan Peristiwa Kependudukan\r',NULL,NULL),(900,160,'08','Pengumpulan, Analisis, dan Diseminasi Data terkait Pendaftaran dan Perkembangan Penduduk\r',NULL,NULL),(901,161,'01','Penyusunan Tata Cara Perencanaan, Pelaksanaan, Pemantauan, Evaluasi, Pengendalian, dan Pelaporan Penyelenggaraan Adminduk Terkait Pendaftaran Penduduk\r',NULL,NULL),(902,161,'02','Pengadaan Dokumen Kependudukan selain Blangko KTP-El, Formulir, dan Buku terkait Pendaftaran Penduduk sesuai dengan Kebutuhan\r',NULL,NULL),(903,162,'01','Koordinasi Antar Lembaga Pemerintah dan Lembaga Non-Pemerintah di Kabupaten/Kota dalam Penertiban Pelayanan Pendaftaran Penduduk\r',NULL,NULL),(904,162,'02','Pelayanan secara Aktif Pendaftaran Peristiwa Kependudukan dan Pencatatan Peristiwa Penting Terkait Pendaftaran Penduduk\r',NULL,NULL),(905,162,'03','Fasilitasi Pendaftaran Penduduk\r',NULL,NULL),(906,162,'04','Penyelenggaraan Pemanfaatan Data Kependudukan Terkait Pendaftaran Penduduk\r',NULL,NULL),(907,162,'05','Sosialisasi Pendaftaran Penduduk\r',NULL,NULL),(908,162,'06','Kerja Sama dengan Organisasi Kemasyarakatan dan Perguruan Tinggi terkait Pendaftaran Penduduk\r',NULL,NULL),(909,162,'07','Komunikasi, Informasi, dan Edukasi Kepada Pemangku Kepentingan dan Masyarakat terkait Pendaftaran Penduduk\r',NULL,NULL),(910,162,'08','Penyajian Data Kependudukan yang Akurat dan dapat Dipertanggungjawabkan Terkait Pendaftaran Penduduk\r',NULL,NULL),(911,163,'01','Pengelolaan dan Pelaporan Penggunaan Blangko Dokumen Kependudukan, Formulir, dan Buku untuk Pelayanan Pendaftaran Penduduk\r',NULL,NULL),(912,163,'02','Pembinaan dan Pengawasan terkait Pendaftaran Penduduk\r',NULL,NULL),(913,163,'03','Bimbingan Teknis terkait Pendaftaran Penduduk\r',NULL,NULL),(914,164,'01','Pencatatan, Penatausahaan dan Penerbitan Dokumen atas Pelaporan Peristiwa Penting\r',NULL,NULL),(915,164,'02','Peningkatan dalam Pelayanan Pencatatan Sipil\r',NULL,NULL),(916,164,'03','Pengumpulan, Analisis, dan Diseminasi Data Pencatatan Sipil\r',NULL,NULL),(917,164,'04','Penyusunan Tata Cara Perencanaan, Pelaksanaan, Pemantauan, Evaluasi, Pengendalian dan Pelaporan Penyelenggaraan Adminduk terkait Pencatatan Sipil\r',NULL,NULL),(918,164,'05','Pengadaan Dokumen Kependudukan selain Blangko KTP-El, Formulir, dan Buku terkait Pencatatan Sipil sesuai dengan Kebutuhan\r',NULL,NULL),(919,165,'01','Koordinasi dengan Kantor Kementerian yang Menyelenggarakan Urusan Pemerintahan di Bidang Agama Kabupaten/Kota dan Pengadilan Agama yang Berkaitan dengan Pencatatan Nikah, Talak, Cerai, dan Rujuk bagi Penduduk yang Beragama Islam\r',NULL,NULL),(920,165,'02','Koordinasi dengan Kantor Kementerian yang Menyelenggarakan Urusan Pemerintahan di Bidang Agama Kabupaten/Kota dalam Memelihara Hubungan Timbal Balik melalui Pembinaan Masing-Masing kepada Instansi Vertikal dan UPT Dinas Kependudukan dan Pencatatan Sipil Kabupaten/Kota\r',NULL,NULL),(921,165,'03','Koordinasi Antar Lembaga Pemerintah dan Lembaga Non-Pemerintah di Kabupaten/Kota dalam Penertiban Pelayanan Pencatatan Sipil\r',NULL,NULL),(922,165,'04','Pelayanan Secara Aktif Pendaftaran Peristiwa Kependudukan dan Pencatatan Peristiwa Penting terkait Pencatatan Sipil\r',NULL,NULL),(923,165,'05','Penerimaan dan Permintaan Data Kependudukan dari Perwakilan Republik Indonesia Melalui Menteri Terkait Pencatatan Sipil\r',NULL,NULL),(924,165,'06','Fasilitasi terkait Pencatatan Sipil\r',NULL,NULL),(925,165,'07','Penyelenggaraan Pemanfaatan Data Kependudukan terkait Pencatatan Sipil\r',NULL,NULL),(926,165,'08','Sosialisasi terkait Pencatatan Sipil\r',NULL,NULL),(927,165,'09','Kerja Sama dengan Organisasi Kemasyarakatan dan Perguruan Tinggi terkait Pencatatan Sipil\r',NULL,NULL),(928,165,'10','Komunikasi, Informasi, dan Edukasi kepada Pemangku Kepentingan dan Masyarakat terkait Pencatatan Sipil\r',NULL,NULL),(929,165,'11','Penyajian Data Kependudukan yang Akurat dan dapat Dipertanggungjawabkan terkait Pencatatan Sipil\r',NULL,NULL),(930,166,'01','Pengelolaan dan Pelaporan Penggunaan Blangko Dokumen Kependudukan, Formulir, dan Buku untuk Pelayanan Pencatatan Sipil\r',NULL,NULL),(931,166,'02','Pembinaan dan Pengawasan terkait Pencatatan Sipil\r',NULL,NULL),(932,166,'03','Supervisi Bersama dengan Kantor Kementerian yang Menyelenggarakan Urusan Pemerintahan di Bidang Agama Kabupaten/Kota dan Pengadilan Agama mengenai Pelaporan Pencatatan Nikah, Talak, Cerai, dan Rujuk bagi Penduduk yang Beragama Islam dalam rangka Pembangunan Basis Data Kependudukan terkait Pencatatan Sipil\r',NULL,NULL),(933,166,'04','Bimbingan Teknis terkait Pencatatan Sipil\r',NULL,NULL),(934,167,'01','Pengolahan dan Penyajian Data Kependudukan\r',NULL,NULL),(935,167,'02','Kerjasama Pemanfaatan Data Kependudukan\r',NULL,NULL),(936,167,'03','Inventarisasi Data untuk Kepentingan Pembangunan Daerah\r',NULL,NULL),(937,168,'01','Penyusunan Tata Cara Perencanaan, Pelaksanaan, Pemantauan, Evaluasi, Pengendalian dan Pelaporan Penyelenggaraan Adminduk terkait Pengelolaan Informasi Administrasi Kependudukan\r',NULL,NULL),(938,169,'01','Koordinasi Antar Lembaga Pemerintah dan Lembaga Non-Pemerintah di Kabupaten/Kota dalam Penertiban Pengelolaan Informasi Administrasi Kependudukan\r',NULL,NULL),(939,169,'02','Penerimaan dan Permintaan Data Kependudukan dari Perwakilan Republik Indonesia melalui Menteri Terkait Pencatatan Sipil\r',NULL,NULL),(940,169,'03','Fasilitasi terkait Pengelolaan Informasi Administrasi Kependudukan\r',NULL,NULL),(941,169,'04','Penyelenggaraan Pemanfaatan Data Kependudukan\r',NULL,NULL),(942,169,'05','Sosialisasi terkait Pengelolaan Informasi Administrasi Kependudukan\r',NULL,NULL),(943,169,'06','Kerja sama dengan Organisasi Kemasyarakatan dan Perguruan Tinggi\r',NULL,NULL),(944,169,'07','Komunikasi, Informasi, dan Edukasi Kepada Pemangku Kepentingan dan Masyarakat\r',NULL,NULL),(945,169,'08','Penyajian Data Kependudukan Yang Akurat dan dapat Dipertanggungjawabkan\r',NULL,NULL),(946,170,'01','Pembinaan dan Pengawasan terkait Pengelolaan Informasi Administrasi Kependudukan\r',NULL,NULL),(947,170,'02','Supervisi Bersama dengan Kantor Kementerian yang Menyelenggarakan Urusan Pemerintahan di Bidang Agama Kabupaten/Kota dan Pengadilan Agama mengenai Pelaporan Pencatatan Nikah, Talak, Cerai, dan Rujuk bagi Penduduk yang Beragama Islam dalam rangka Pembangunan Basis Data Kependudukan terkait Pencatatan Sipil\r',NULL,NULL),(948,170,'03','Bimbingan Teknis terkait Pengelolaan Informasi Administrasi Kependudukan dan Pendayagunaan Data Kependudukan\r',NULL,NULL),(949,171,'01','Penyediaan Data Kependudukan Kabupaten/Kota\r',NULL,NULL),(950,171,'02','Penyusunan Profil Data Perkembangan dan Proyeksi Kependudukan serta Kebutuhan yang lain\r',NULL,NULL),(951,172,'01','Pembentukan, Penghapusan, Penggabungan, dan Perubahan Status Desa\r',NULL,NULL),(952,172,'02','Fasilitasi Tata Wilayah Desa\r',NULL,NULL),(953,172,'03','Fasilitasi Penataan Kewenangan Desa\r',NULL,NULL),(954,172,'04','Fasilitasi Penamaan dan Kode Desa\r',NULL,NULL),(955,172,'05','Fasilitasi Penetapan Kesatuan Masyarakat Hukum Adat dan Desa Adat Kewenangan Kabupaten/Kota\r',NULL,NULL),(956,172,'06','Fasilitasi Sarana dan Prasarana Desa\r',NULL,NULL),(957,173,'01','Fasilitasi Kerja Sama antar Desa dalam Kabupaten/Kota\r',NULL,NULL),(958,173,'02','Fasilitasi Kerja Sama Antar Desa dengan Pihak Ketiga dalam Kabupaten/Kota\r',NULL,NULL),(959,173,'03','Fasilitasi Pembangunan Kawasan Perdesaan\r',NULL,NULL),(960,174,'01','Fasilitasi Penyelenggaraan Administrasi Pemerintahan Desa\r',NULL,NULL),(961,174,'02','Fasilitasi Penyusunan Produk Hukum Desa\r',NULL,NULL),(962,174,'03','Fasilitasi Penyusunan Perencanaan Pembangunan Desa\r',NULL,NULL),(963,174,'04','Fasilitasi Pengelolaan Keuangan Desa\r',NULL,NULL),(964,174,'05','Pembinaan Peningkatan Kapasitas Aparatur Pemerintah Desa\r',NULL,NULL),(965,174,'06','Fasilitasi Penyelenggaraan Musyawarah Desa\r',NULL,NULL),(966,174,'07','Evaluasi dan Pengawasan Peraturan Desa\r',NULL,NULL),(967,174,'08','Pembinaan dan Pemberdayaan BUM Desa dan Lembaga Kerja sama antar Desa\r',NULL,NULL),(968,174,'09','Penyelenggaraan Pemilihan, Pengangkatan dan Pemberhentian Kepala Desa\r',NULL,NULL),(969,174,'10','Fasilitasi Pengangkatan dan Pemberhentian Perangkat Desa\r',NULL,NULL),(970,174,'11','Fasilitasi Penyusunan Profil Desa\r',NULL,NULL),(971,174,'12','Fasilitasi Manajemen Pemerintahan Desa\r',NULL,NULL),(972,174,'13','Fasilitasi Pengelolaan Aset Desa\r',NULL,NULL),(973,174,'14','Pembinaan Peningkatan Kapasitas Anggota BPD\r',NULL,NULL),(974,174,'15','Fasilitasi Penetapan dan Penegasan Batas Desa\r',NULL,NULL),(975,174,'16','Fasilitasi Pembinaan Laporan Kepala Desa\r',NULL,NULL),(976,174,'17','Pelaksanaan Penugasan Urusan/Kewenangan Kabupaten/Kota yang Dilaksanakan oleh Desa\r',NULL,NULL),(977,174,'18','Fasilitasi Evaluasi Perkembangan Desa serta Lomba Desa dan Kelurahan\r',NULL,NULL),(978,175,'01','Identifikasi dan Inventarisasi Masyarakat Hukum Adat\r',NULL,NULL),(979,175,'02','Fasilitasi Penataan, Pemberdayaan dan Pendayagunaan Kelembagaan Lembaga Kemasyarakatan Desa/Kelurahan (RT, RW, PKK,Posyandu, LPM, dan Karang Taruna), Lembaga Adat Desa/Kelurahan dan Masyarakat Hukum Adat\r',NULL,NULL),(980,175,'03','Peningkatan Kapasitas Kelembagaan Lembaga Kemasyarakatan Desa/Kelurahan (RT, RW, PKK, Posyandu, LPM, dan Karang Taruna), Lembaga Adat Desa/Kelurahan dan Masyarakat Hukum Adat\r',NULL,NULL),(981,175,'04','Fasilitasi Penyediaan Sarana dan Prasarana Kelembagaan Lembaga Kemasyarakatan Desa/Kelurahan (RT, RW, PKK, Posyandu, LPM, dan Karang Taruna), Lembaga Adat Desa/Kelurahan dan Masyarakat Hukum Adat\r',NULL,NULL),(982,175,'05','Fasilitasi Pengembangan Usaha Ekonomi Masyarakat dan Pemerintah Desa dalam Meningkatkan Pendapatan Asli Desa\r',NULL,NULL),(983,175,'06','Fasilitasi Pemerintah Desa dalam Pemanfaatan Teknologi Tepat Guna\r',NULL,NULL),(984,175,'07','Fasilitasi Bulan Bhakti Gotong Royong Masyarakat\r',NULL,NULL),(985,175,'08','Fasilitasi Penyelenggaraan Ketentraman, Ketertiban dan Perlindungan Masyarakat Desa\r',NULL,NULL),(986,175,'09','Fasilitasi Tim Penggerak PKK dalam Penyelenggaraan Gerakan Pemberdayaan Masyarakat dan Kesejahteraan Keluarga\r',NULL,NULL),(987,176,'01','Penyerasian Kebijakan Pembangunan Daerah Kabupaten/Kota terhadap Kependudukan, Keluarga Berencana dan Pembangunan Keluarga (Program KKBPK)\r',NULL,NULL),(988,176,'02','Penyusunan dan Pemanfaatan Grand Design Pembangunan Kependudukan (GDPK) Tingkat Kabupaten/Kota\r',NULL,NULL),(989,176,'03','Dukungan Pelaksanaan Survei/Pendataan Indeks Pembangunan Berwawasan Kependudukan\r',NULL,NULL),(990,176,'04','Pelaksanaan Survei/Pendataan Indeks Pengetahuan Masyarakat tentang Kependudukan\r',NULL,NULL),(991,176,'05','Penguatan Kerjasama Pelaksanaan Pendidikan Kependudukan Jalur Pendidikan Formal\r',NULL,NULL),(992,176,'06','Penguatan Kerjasama Pelaksanaan Pendidikan Kependudukan Jalur Pendidikan Nonformal\r',NULL,NULL),(993,176,'07','Penyediaan dan Pengembangan Materi Pendidikan Kependudukan Jalur Pendidikan Formal Sesuai Isu Lokal Kabupaten/Kota\r',NULL,NULL),(994,176,'08','Penyediaan dan Pengembangan Materi Pendidikan Kependudukan Jalur Pendidikan Nonformal sesuai Isu Lokal Kabupaten/Kota\r',NULL,NULL),(995,176,'09','Advokasi, Sosialisasi dan Fasilitasi Pelaksanaan Pendidikan Kependudukan Jalur Formal di Satuan Pendidikan Jenjang SD/MI dan SLTP/MTS, Jalur Nonformal dan Informal\r',NULL,NULL),(996,176,'10','Implementasi Pendidikan Kependudukan Jalur Pendidikan Formal dan Nonformal\r',NULL,NULL),(997,176,'11','Implementasi Pendidikan Kependudukan Jalur Informal di Kelompok Kegiatan Masyarakat Binaan\r',NULL,NULL),(998,176,'12','Advokasi Tentang Pemanfaatan Kajian Dampak Kependudukan Beserta Model Solusi Strategis sebagai Peringatan Dini Dampak Kependudukan kepada Pemangku Kepentingan\r',NULL,NULL),(999,176,'13','Sosialisasi Tentang Pemanfaatan Kajian Dampak Kependudukan Beserta Model Solusi Strategis Sebagai Peringatan Dini Dampak Kependudukan Kepada Pemangku Kepentingan\r',NULL,NULL),(1000,176,'14','Pelaksanaan Sarasehan Hasil Pemutakhiran Data Keluarga\r',NULL,NULL),(1001,176,'15','Pelaksanaan Rapat Pengendalian Program KKBPK\r',NULL,NULL),(1002,177,'01','Perumusan Parameter Kependudukan\r',NULL,NULL),(1003,177,'02','Penyediaan dan Pengolahan Data Kependudukan\r',NULL,NULL),(1004,177,'03','Penyusunan Profil Kependudukan, Keluarga Berencana dan Pembangunan Keluarga\r',NULL,NULL),(1005,177,'04','Pemetaan Kependudukan\r',NULL,NULL),(1006,177,'05','Penyusunan Kajian Dampak Kependudukan\r',NULL,NULL),(1007,177,'06','Pengembangan Model Solusi Strategis Pengendalian Dampak Kependudukan\r',NULL,NULL),(1008,177,'07','Pengukuran dan Perhitungan Indikator Kerentanan Dampak Kependudukan (Early Warning System/Peringatan Dini)\r',NULL,NULL),(1009,177,'08','Membentuk Rumah Data Kependudukan di Kampung KB Untuk Memperkuat Integrasi Program KKBPK di Sektor Lain\r',NULL,NULL),(1010,177,'09','Pembinaan dan Pengawasan Penyelenggaraan Sistem Informasi Keluarga\r',NULL,NULL),(1011,177,'10','Pemanfaatan Data Hasil Pemutakhiran Data Keluarga\r',NULL,NULL),(1012,177,'11','Penyediaan Data dan Informasi Keluarga\r',NULL,NULL),(1013,177,'12','Pencatatan dan Pengumpulan Data Keluarga\r',NULL,NULL),(1014,177,'13','Pengolahan dan Pelaporan Data Pengendalian Lapangan dan Pelayanan KB\r',NULL,NULL),(1015,177,'14','Pembinaan dan Pengawasan Pencatatan dan Pelaporan Program KKBPK\r',NULL,NULL),(1016,178,'01','Advokasi Program KKBPK kepada Stakeholders dan Mitra Kerja\r',NULL,NULL),(1017,178,'02','Komunikasi, Informasi dan Edukasi (KIE) Program KKBPK sesuai Kearifan Budaya Lokal\r',NULL,NULL),(1018,178,'03','Penyediaan dan Distribusi Sarana KIE Program KKBPK\r',NULL,NULL),(1019,178,'04','Promosi dan KIE Program KKBPK Melalui Media Massa Cetak dan Elektronik serta Media Luar Ruang\r',NULL,NULL),(1020,178,'05','Penggunaan Media Massa Cetak, Elektronik dan Media Lainnya sesuai Kearifan Budaya Lokal Dalam Pencitraan Program KKBPK\r',NULL,NULL),(1021,178,'06','Pelaksanaan Mekanisme Operasional Program KKBPK melalui Rapat Koordinasi Kecamatan (Rakorcam), Rapat Koordinasi Desa (Rakordes), dan Mini Lokakarya (Minilok)\r',NULL,NULL),(1022,178,'07','Pengelolaan Operasional dan Sarana di Balai Penyuluhan KKBPK\r',NULL,NULL),(1023,178,'08','Pengendalian Program KKBPK\r',NULL,NULL),(1024,179,'01','Pembinaan IMP dan Program KKBPK di Lini Lapangan oleh PKB/PLKB\r',NULL,NULL),(1025,179,'02','Penyediaan Sarana Pendukung Operasional PKB/PLKB\r',NULL,NULL),(1026,179,'03','Penguatan Pelaksanaan Penyuluhan, Penggerakan, Pelayanan dan Pengembangan Program KKBPK untuk Petugas Keluarga Berencana/Penyuluh Lapangan Keluarga Berencana (PKB/PLKB)\r',NULL,NULL),(1027,179,'04','Penggerakan Kader Institusi Masyarakat Pedesaan (IMP)\r',NULL,NULL),(1028,180,'01','Pengendalian Pendistribusian Alat dan Obat Kontrasepsi dan Sarana Penunjang Pelayanan KB ke Fasilitas Kesehatan Termasuk Jaringan dan Jejaringnya\r',NULL,NULL),(1029,180,'02','Peningkatan Kompetensi Pengelola dan Petugas Logistik Alat dan Obat Kontrasepsi serta Sarana Penunjang Pelayanan KB\r',NULL,NULL),(1030,180,'03','Peningkatan Kesertaan Penggunaan Metode Kontrasepsi Jangka Panjang (MKJP)\r',NULL,NULL),(1031,180,'04','Penyediaan Dukungan Ayoman Komplikasi Berat dan Kegagalan Penggunaan MKJP\r',NULL,NULL),(1032,180,'05','Penyusunan Rencana Kebutuhan Alat dan Obat Kontrasepsi (Alokon) dan Sarana Penunjang Pelayanan KB\r',NULL,NULL),(1033,180,'06','Penyediaan Sarana Penunjang Pelayanan KB\r',NULL,NULL),(1034,180,'07','Pembinaan Pasca Pelayanan bagi Peserta KB\r',NULL,NULL),(1035,180,'08','Pembinaan Pelayanan Keluarga Berencana dan Kesehatan Reproduksi di Fasilitas Kesehatan termasuk Jaringan dan Jejaringnya\r',NULL,NULL),(1036,180,'09','Promosi dan Konseling Kesehatan Reproduksi, serta Hak-Hak Reproduksi di Fasilitas Kesehatan dan Kelompok Kegiatan\r',NULL,NULL),(1037,180,'10','Peningkatan Kompetensi Tenaga Pelayanan Keluarga Berencana dan Kesehatan Reproduksi\r',NULL,NULL),(1038,180,'11','Dukungan Operasional Pelayanan KB Bergerak\r',NULL,NULL),(1039,180,'12','Promosi dan Konseling KB Pasca Persalinan dan Pasca Keguguran\r',NULL,NULL),(1040,180,'13','Peningkatan Kesertaan KB Pria\r',NULL,NULL),(1041,181,'01','Penguatan Peran serta Organisasi Kemasyarakatan dan Mitra Kerja Lainnya dalam Pelaksanaan Pelayanan dan Pembinaan Kesertaan Ber-KB\r',NULL,NULL),(1042,181,'02','Integrasi Pembangunan Lintas Sektor di Kampung KB\r',NULL,NULL),(1043,181,'03','Pelaksanaan dan Pengelolaan Program KKBPK di Kampung KB\r',NULL,NULL),(1044,181,'04','Pembinaan Terpadu Kampung KB\r',NULL,NULL),(1045,182,'01','Pembentukan Kelompok Ketahanan dan Kesejahteraan Keluarga (Bina Keluarga Balita (BKB), Bina Keluarga Remaja (BKR), Pusat Informasi dan Konseling Remaja (PIK-R) Bina Keluarga Lansia (BKL), Unit Peningkatan Pendapatan Keluarga Sejahtera (UPPKS) dan Pemberdayaan Ekonomi Keluarga)\r',NULL,NULL),(1046,182,'02','Pengadaan Sarana Kelompok Kegiatan Ketahanan dan Kesejahteraan Keluarga (BKB, BKR, BKL, PPPKS, PIK-R dan Pemberdayaan Ekonomi Keluarga/UPPKS)\r',NULL,NULL),(1047,182,'03','Orientasi dan Pelatihan Teknis Pengelola Ketahanan dan Kesejahteraan Keluarga (BKB, BKR, BKL, PPPKS, PIK-R dan Pemberdayaan Ekonomi Keluarga/UPPKS)\r',NULL,NULL),(1048,182,'04','Orientasi/Pelatihan Teknis Pelaksana/Kader Ketahanan dan Kesejahteraan Keluarga (BKB, BKR, BKL, PPPKS, PIK-R dan Pemberdayaan Ekonomi Keluarga/UPPKS)\r',NULL,NULL),(1049,182,'05','Penyediaan Biaya Operasional bagi Pengelola dan Pelaksana (Kader) Ketahanan dan Kesejahteraan Keluarga (BKB, BKR, BKL, PPPKS, PIK-R dan Pemberdayaan Ekonomi Keluarga/UPPKS)\r',NULL,NULL),(1050,182,'06','Penyediaan Biaya Operasional bagi Kelompok Kegiatan Ketahanan dan Kesejahteraan Keluarga (BKB, BKR, BKL, PPPKS, PIK-R dan Pemberdayaan Ekonomi Keluarga/UPPKS)\r',NULL,NULL),(1051,182,'07','Promosi dan Sosialisasi Kelompok Kegiatan Ketahanan dan Kesejahteraan Keluarga (BKB, BKR, BKL, PPPKS, PIK-R dan Pemberdayaan Ekonomi Keluarga/UPPKS)\r',NULL,NULL),(1052,182,'08','Promosi dan Sosialisasi Kelompok Kegiatan Ketahanan dan Kesejahteraan Keluarga (Menjadi Orang Tua Hebat, Generasi Berencana, Kelanjutusiaan serta Pengelolaan Keuangan Keluarga)\r',NULL,NULL),(1053,182,'09','Penyerasian Kebijakan dalam Pelaksanaan Program yang Mendukung Tercapainya IPK\r',NULL,NULL),(1054,182,'10','Penyediaan dan Pengembangan Materi IPK\r',NULL,NULL),(1055,182,'11','Advokasi dan Promosi IPK\r',NULL,NULL),(1056,182,'12','Sosialisasi IPK\r',NULL,NULL),(1057,182,'13','Pelaksanaan Koordinasi Evaluasi Pencapaian IPK\r',NULL,NULL),(1058,183,'01','Penguatan Kebijakan Daerah dalam rangka Pemberdayaan dan Peningkatan Peran Serta Organisasi Kemasyarakatan dan Mitra Kerja Lainnya dalam Pembinaan Ketahanan dan Kesejahteraan Keluarga (BKB, BKR, BKL, PPPKS, PIK-R dan Pemberdayaan Ekonomi Keluarga/UPPKS)\r',NULL,NULL),(1059,183,'02','Pendayagunaan Mitra Kerja dan Organisasi Kemasyarakatan dalam Penggerakan Operasional Pembinaan Program Ketahanan dan Kesejahteraan Keluarga (BKB, BKR, BKL, PPPKS, PIK-R dan Pemberdayaan Ekonomi Keluarga/UPPKS)\r',NULL,NULL),(1060,183,'03','Pelaksanaan Peningkatan Kapasitas Mitra dan Organisasi Kemasyarakatan dalam Pengelolaan Program Ketahanan dan Kesejahteraan Keluarga (BKB, BKR, BKL, PPPKS, PIK-R dan Pemberdayaan Ekonomi Keluarga/UPPKS)\r',NULL,NULL),(1061,183,'04','Promosi dan Sosialisasi Program Ketahanan dan Kesejahteraan Keluarga bagi Mitra Kerja\r',NULL,NULL),(1062,184,'01','Pelaksanaan Penyusunan Rencana Induk Jaringan LLAJ Kabupaten/Kota\r',NULL,NULL),(1063,184,'02','Penetapan Kebijakan dan Sosialisasi Rencana Induk Jaringan LLAJ Kabupaten/Kota\r',NULL,NULL),(1064,184,'03','Pengendalian Pelaksanaan Rencana Induk Jaringan LLAJ Kabupaten/Kota\r',NULL,NULL),(1065,185,'01','Pembangunan Prasarana Jalan di Jalan Kabupaten/Kota\r',NULL,NULL),(1066,185,'02','Penyediaan Perlengkapan Jalan di Jalan Kabupaten/Kota\r',NULL,NULL),(1067,185,'03','Rehabilitasi dan Pemeliharaan Prasarana Jalan\r',NULL,NULL),(1068,185,'04','Rehabilitasi dan Pemeliharaan Perlengkapan Jalan\r',NULL,NULL),(1069,186,'01','Penyusunan Rencana Pembangunan Terminal Penumpang Tipe C\r',NULL,NULL),(1070,186,'02','Pembangunan Gedung Terminal\r',NULL,NULL),(1071,186,'03','Pengembangan Sarana dan Prasarana Terminal\r',NULL,NULL),(1072,186,'04','Rehabilitasi dan Pemeliharaan Terminal (Fasilitas Utama dan Pendukung)\r',NULL,NULL),(1073,186,'05','Peningkatan Kapasitas SDM Pengelola Terminal Tipe C\r',NULL,NULL),(1074,187,'01','Fasilitasi Pemenuhan Persyaratan Perolehan Izin Penyelenggaraan dan Pembangunan Fasilitas Parkir Kewenangan Kabupaten/Kota dalam Sistem Pelayanan Perizinan Berusaha Terintegrasi secara Elektronik\r',NULL,NULL),(1075,187,'02','Koordinasi dan Sinkronisasi Pengawasan Pelaksanaan Izin Penyelenggaraan dan Pembangunan Fasilitas Parkir Kewenangan Kabupaten/Kota\r',NULL,NULL),(1076,188,'01','Penyediaan Sarana dan Prasarana Pengujian Berkala Kendaraan Bermotor\r',NULL,NULL),(1077,188,'02','Peningkatan Kapasitas Sumber Daya Manusia Pengujian Berkala Kendaraan Bermotor\r',NULL,NULL),(1078,188,'03','Registrasi Kendaraan Wajib Uji Berkala Kendaraan Bermotor\r',NULL,NULL),(1079,188,'04','Penyediaan Bukti Lulus Uji Pengujian Berkala Kendaraan Bermotor\r',NULL,NULL),(1080,188,'05','Sosialisasi Standar Operasional Prosedur Pengujian Berkala Kendaraan Bermotor\r',NULL,NULL),(1081,188,'06','Identifikasi dan Analisis Potensi Jumlah Kendaraan Bermotor Wajib Uji\r',NULL,NULL),(1082,188,'07','Pemeliharaan Sarana dan Prasarana Pengujian Berkala Kendaraan Bermotor\r',NULL,NULL),(1083,188,'08','Koordinasi Penyelenggaraan Pengujian Berkala Kendaraan Bermotor\r',NULL,NULL),(1084,188,'09','Penetapan Tarif Retribusi Pengujian Berkala Kendaraan Bermotor\r',NULL,NULL),(1085,188,'10','Monitoring dan Evaluasi Penyelenggaraan Pengujian Berkala Kendaraan Bermotor\r',NULL,NULL),(1086,189,'01','Penataan Manajemen dan Rekayasa Lalu Lintas Untuk Jaringan Jalan Kabupaten/Kota\r',NULL,NULL),(1087,189,'02','Pengadaan, Pemasangan, Perbaikan dan Pemeliharaan Perlengkapan Jalan dalam rangka Manajemen dan Rekayasa Lalu Lintas\r',NULL,NULL),(1088,189,'03','Uji Coba dan Sosialisasi Pelaksanaan Manajemen dan Rekayasa Lalu Lintas untuk Jaringan Jalan Kabupaten/Kota\r',NULL,NULL),(1089,189,'04','Pengawasan dan Pengendalian Efektivitas Pelaksanaan Kebijakan untuk Jalan Kabupaten/Kota\r',NULL,NULL),(1090,189,'05','Forum Lalu Lintas dan Angkutan Jalan Kabupaten/Kota\r',NULL,NULL),(1091,190,'01','Penetapan Kebijakan Tata Kelola Andalalin\r',NULL,NULL),(1092,190,'02','Peningkatan Kapasitas Penilai Andalalin\r',NULL,NULL),(1093,190,'03','Koordinasi dan Sinkronisasi Penilaian Hasil Andalalin\r',NULL,NULL),(1094,190,'04','Pengawasan Pelaksanaan Rekomendasi Andalalin\r',NULL,NULL),(1095,191,'01','Peningkatan Kapasitas Auditor dan Inspektor LLAJ\r',NULL,NULL),(1096,191,'02','Pelaksanaan Inspeksi, Audit dan Pemantauan Unit Pelaksana Uji Berkala Kendaraan Bermotor\r',NULL,NULL),(1097,191,'03','Pelaksanaan Inspeksi, Audit dan Pemantauan Terminal\r',NULL,NULL),(1098,191,'04','Pelaksanaan Inspeksi, Audit dan Pemantauan Pemenuhan Persyaratan Penyelenggaraan Kompetensi Pengemudi Kendaraan Bermotor Kabupaten/Kota\r',NULL,NULL),(1099,191,'05','Pelaksanaan Inspeksi, Audit dan Pemantauan Sistem Manajemen Keselamatan Perusahaan Angkutan Umum\r',NULL,NULL),(1100,192,'01','Penyediaan Angkutan Umum untuk Jasa Angkutan Orang dan/atau Barang antar Kota dalam 1 (satu) Daerah Kabupaten/Kota\r',NULL,NULL),(1101,192,'02','Pengendalian dan Pengawasan Ketersediaan Angkutan Umum untuk Jasa Angkutan Orang dan/atau Barang antar Kota dalam 1 (satu) Kabupaten/Kota\r',NULL,NULL),(1102,193,'01','Perumusan Kebijakan Penetapan Kawasan Perkotaan untuk Angkutan Perkotaan Kewenangan Kewenangan Kabupaten/Kota\r',NULL,NULL),(1103,193,'02','Sosialisasi dan Uji Coba Pelaksanaan KebijakanPenetapan Kawasan Perkotaan untuk Angkutan Perkotaan Kewenangan Kabupaten/Kota\r',NULL,NULL),(1104,194,'01','Pelaksanaan Penyusunan Rencana Umum Jaringan Trayek Perkotaan dalam 1 (Satu) Daerah Kabupaten/Kota\r',NULL,NULL),(1105,194,'02','Penetapan Kebijakan dan Sosialisasi Rencana Umum Jaringan Trayek Perkotaan dalam 1 (satu) Daerah Kabupaten/Kota\r',NULL,NULL),(1106,194,'03','Pengendalian Pelaksanaan Rencana Umum Jaringan Trayek Perkotaan dalam 1 (satu) Daerah Kabupaten/Kota\r',NULL,NULL),(1107,195,'01','Perumusan Kebijakan Rencana Umum Jaringan Trayek Pedesaan Kewenangan kabupaten/Kota\r',NULL,NULL),(1108,195,'02','Sosialisasi dan Uji Coba Pelaksanaan Kebijakan Rencana Umum Jaringan Trayek Pedesaan Kewenangan Kabupaten/Kota\r',NULL,NULL),(1109,196,'01','Perumusan Kebijakan Penetapan Wilayah Operasi Angkutan Orang dengan Menggunakan Taksi dalam Kawasan Perkotaan Kewenangan Kabupaten/Kota\r',NULL,NULL),(1110,196,'02','Sosialisasi dan Uji Coba Pelaksanaan Kebijakan Penetapan Wilayah Operasi Angkutan Orang dengan Menggunakan Taksi dalam Kawasan Perkotaan Kewenangan Kabupaten/Kota\r',NULL,NULL),(1111,197,'01','Fasilitasi Pemenuhan Persyaratan Perolehan Izin Penyelenggaraan Angkutan Orang dalam Trayek Kewenangan Kabupaten/Kota dalam Sistem Pelayanan Perizinan Berusaha Terintegrasi Secara Elektronik\r',NULL,NULL),(1112,197,'02','Koordinasi dan Sinkronisasi Pengawasan Pelaksanaan Izin Penyelenggaraan Angkutan Orang dalam Trayek Kewenangan Kabupaten/Kota\r',NULL,NULL),(1113,198,'01','Fasilitasi Pemenuhan Persyaratan Perolehan Izin Penyelenggaraan Angkutan Taksi yang Wilayah Operasinya Kewenangan Kabupaten/Kota dalam Sistem Pelayanan Perizinan Berusaha Terintegrasi secara Elektronik\r',NULL,NULL),(1114,198,'02','Koordinasi dan Sinkronisasi Pengawasan Pelaksanaan Izin Penyelenggaraan Angkutan Taksi yang Wilayah Operasinya Kewenangan Kabupaten/Kota\r',NULL,NULL),(1115,199,'01','Analisis Tarif Kelas Ekonomi Angkutan Orang dan Angkutan Perkotaan dan Perdesaan dalam 1 (satu) Daerah Kabupaten/Kota\r',NULL,NULL),(1116,199,'02','Penyediaan Data dan Informasi Tarif Kelas Ekonomi Angkutan Orang dan Angkutan Perkotaan dan Perdesaan dalam 1 (satu) Daerah Kabupaten/Kota\r',NULL,NULL),(1117,199,'03','Pengendalian dan Pengawasan Tarif Kelas Ekonomi Angkutan Orang dan Angkutan Perkotaan dan Perdesaan dalam 1 (satu) Daerah Kabupaten/Kota\r',NULL,NULL),(1118,200,'01','Fasilitasi Pemenuhan Persyaratan Perolehan Izin Usaha Angkutan Laut Kewenangan Kabupaten/Kota dalam Sistem Pelayanan Perizinan Berusaha Terintegrasi secara Elektronik\r',NULL,NULL),(1119,200,'02','Koordinasi dan Sinkronisasi Pengawasan Pelaksanaan Izin Usaha Angkutan Laut Kewenangan Kabupaten/Kota\r',NULL,NULL),(1120,201,'01','Fasilitasi Pemenuhan Persyaratan Perolehan Izin Angkutan Laut Pelayaran Rakyat Kewenangan Kabupaten/Kota dalam Sistem Pelayanan Perizinan Berusaha Terintegrasi secara Elektronik\r',NULL,NULL),(1121,201,'02','Koordinasi dan Sinkronisasi Pengawasan Pelaksanaan Izin Usaha Angkutan Laut Pelayaran Rakyat Kewenangan Kabupaten/Kota\r',NULL,NULL),(1122,202,'01','Fasilitasi Pemenuhan Persyaratan Perolehan Izin Usaha Penyelenggaraan Angkutan Sungai dan Danau sesuai dengan Domisili Orang Perseorangan Warga Negara Indonesia atau Badan Usaha Kewenangan Kabupaten/Kota dalam Sistem Pelayanan Perizinan Berusaha Terintegrasi secara Elektronik\r',NULL,NULL),(1123,202,'02','Koordinasi dan Sinkronisasi Pengawasan Pelaksanaan Izin Usaha Penyelenggaraan Angkutan Sungai dan Danau sesuai dengan Domisili Orang Perseorangan Warga Negara Indonesia atau Badan Usaha Kewenangan Kabupaten/Kota\r',NULL,NULL),(1124,203,'01','Fasilitasi Pemenuhan Persyaratan Perolehan Izin Pelabuhan Sungai dan Danau yang Melayani Trayek dalam 1 Daerah Kabupaten/Kota Kewenangan Kabupaten/Kota dalam Sistem Pelayanan Perizinan Berusaha Terintegrasi secara Elektronik\r',NULL,NULL),(1125,203,'02','Koordinasi dan Sinkronisasi Pengawasan Pelaksanaan Izin Pelabuhan Sungai dan Danau yang Melayani Trayek dalam 1 Daerah Kabupaten/Kota Kewenangan Kabupaten/Kota\r',NULL,NULL),(1126,204,'01','Fasilitasi Pemenuhan Persyaratan Perolehan Izin Usaha Penyelenggaraan Angkutan Penyeberangan sesuai dengan Domisili Badan Usaha kewenangan Kabupaten/Kota dalam Sistem Pelayanan Perizinan Berusaha Terintegrasi Secara Elektronik\r',NULL,NULL),(1127,204,'02','Koordinasi dan Sinkronisasi Pengawasan Pelaksanaan Izin Usaha Penyelenggaraan Angkutan Penyeberangan sesuai dengan Domisili Badan Usaha Kewenangan Kabupaten/Kota\r',NULL,NULL),(1128,205,'01','Penyediaan Data dan Informasi Jaringan Lintas Penyeberangan dan Persetujuan Pengoperasian Kapal dalam Daerah Kabupaten/Kota yang Terletak pada Jaringan Jalan Kabupaten/Kota dan/atau Jaringan Jalur Kereta Api Kabupaten/Kota dalam Daerah Kabupaten/Kota\r',NULL,NULL),(1129,205,'02','Pengendalian dan Pengawasan Jaringan Lintas Penyeberangan dan Persetujuan Pengoperasian Kapal dalam Daerah Kabupaten/Kota yang Terletak pada Jaringan Jalan Kabupaten/Kota dan/atau Jaringan Jalur Kereta Api Kabupaten/Kota dalam Daerah Kabupaten/Kota\r',NULL,NULL),(1130,206,'01','Penyediaan Data dan Informasi Jaringan Lintas Penyeberangan dan Persetujuan Pengoperasian untuk Kapal yang Melayani Penyeberangan dalam Daerah Kabupaten/Kota\r',NULL,NULL),(1131,206,'02','Pengendalian dan Pengawasan Jaringan Lintas Penyeberangan dan Persetujuan Pengoperasian untuk Kapal yang Melayani Penyeberangan dalam Daerah Kabupaten/Kota\r',NULL,NULL),(1132,207,'01','Fasilitasi Pemenuhan Persyaratan Perolehan Izin Usaha Jasa terkait dengan Perawatan dan Perbaikan Kapal dalam Sistem Pelayanan Perizinan Berusaha Terintegrasi secara Elektronik\r',NULL,NULL),(1133,207,'02','Koordinasi dan Sinkronisasi Pengawasan Pelaksanaan Izin Usaha Jasa terkait dengan Perawatan dan Perbaikan Kapal\r',NULL,NULL),(1134,208,'01','Analisis Tarif Angkutan Penyeberangan Penumpang Kelas Ekonomi dan Kendaraan beserta Muatannya pada Lintas Penyeberangan dalam Daerah Kabupaten/Kota\r',NULL,NULL),(1135,208,'02','Penyediaan Data dan Informasi Tarif Angkutan Penyeberangan Penumpang Kelas Ekonomi dan Kendaraan beserta Muatannya pada Lintas Penyeberangan dalam Daerah Kabupaten/Kota\r',NULL,NULL),(1136,208,'03','Pengendalian dan Pengawasan Tarif Angkutan Penyeberangan Penumpang Kelas Ekonomi dan Kendaraan beserta Muatannya pada Lintas Penyeberangan Antar Daerah Kabupaten/Kota\r',NULL,NULL),(1137,209,'01','Pelaksanaan Penyusunan Rencana Induk dan Daerah Lingkungan Kerja (DLKR)/Daerah Lingkungan Kepentingan (DLKP) Pelabuhan Pengumpan Lokal\r',NULL,NULL),(1138,209,'02','Penetapan Kebijakan dan Sosialisasi Rencana Induk dan Daerah Lingkungan Kerja (DLKR)/Daerah Lingkungan Kepentingan (DLKP) Pelabuhan Pengumpan Lokal\r',NULL,NULL),(1139,209,'03','Pengendalian Pelaksanaan Rencana Induk dan Daerah Lingkungan Kerja (DLKR)/Daerah Lingkungan Kepentingan (DLKP) Pelabuhan Pengumpan Lokal\r',NULL,NULL),(1140,210,'01','Pelaksanaan Penyusunan Rencana Induk dan Daerah Lingkungan Kerja (DLKR)/Daerah Lingkungan Kepentingan (DLKP) untuk Pelabuhan Sungai dan Danau\r',NULL,NULL),(1141,210,'02','Penetapan Kebijakan dan Sosialisasi Rencana Induk dan Daerah Lingkungan Kerja (DLKR)/Daerah Lingkungan Kepentingan (DLKP) untuk Pelabuhan Sungai dan Danau\r',NULL,NULL),(1142,210,'03','Pengendalian Pelaksanaan Rencana Induk dan Daerah Lingkungan Kerja (DLKR)/Daerah Lingkungan Kepentingan (DLKP) untuk Pelabuhan Sungai dan Danau\r',NULL,NULL),(1143,211,'01','Fasilitasi Pemenuhan Persyaratan Perizinan Pembangunan dan Pengoperasian Pelabuhan Pengumpan Lokal\r',NULL,NULL),(1144,211,'02','Pembangunan Pelabuhan Pengumpan Lokal\r',NULL,NULL),(1145,211,'03','Pengoperasian dan Pemeliharaan Pelabuhan Pengumpan Lokal\r',NULL,NULL),(1146,211,'04','Pengawasan Pengoperasian Pelabuhan Pengumpan Lokal\r',NULL,NULL),(1147,212,'01','Fasilitasi Pemenuhan Persyaratan Perizinan Pembangunan dan Pengoperasian Pelabuhan Sungai dan Danau\r',NULL,NULL),(1148,212,'02','Pembangunan Pelabuhan Sungai dan Danau\r',NULL,NULL),(1149,212,'03','Pengoperasian dan Pemeliharaan Pelabuhan Sungai dan Danau\r',NULL,NULL),(1150,212,'04','Pengawasan Pengoperasian Pelabuhan Sungai dan Danau\r',NULL,NULL),(1151,213,'01','Fasilitasi Pemenuhan Persyaratan Perolehan Izin Usaha untuk Badan Usaha Pelabuhan di Pelabuhan Pengumpan Lokal dalam Sistem Pelayanan Perizinan Berusaha Terintegrasi secara Elektronik\r',NULL,NULL),(1152,213,'02','Koordinasi dan Sinkronisasi Pengawasan Pelaksanaan Izin untuk Badan Usaha Pelabuhan di Pelabuhan Pengumpan Lokal\r',NULL,NULL),(1153,214,'01','Fasilitasi Pemenuhan Persyaratan Perolehan Izin Pengembangan Pelabuhan untuk Pelabuhan Pengumpan Lokal dalam Sistem Pelayanan Perizinan Berusaha Terintegrasi secara Elektronik\r',NULL,NULL),(1154,214,'02','Koordinasi dan Sinkronisasi Pengawasan Pelaksanaan Izin Pengembangan Pelabuhan untuk Pelabuhan Pengumpan Lokal\r',NULL,NULL),(1155,215,'01','Fasilitasi Pemenuhan Persyaratan Perolehan Izin Pengoperasian Pelabuhan Selama 24 Jam untuk Pelabuhan Pengumpan Lokal dalam Sistem Pelayanan Perizinan Berusaha Terintegrasi Secara Elektronik\r',NULL,NULL),(1156,215,'02','Koordinasi dan Sinkronisasi Pengawasan Pelaksanaan Izin Usaha Pengoperasian Pelabuhan Selama 24 Jam untuk Pelabuhan Pengumpan Lokal\r',NULL,NULL),(1157,216,'01','Fasilitasi Pemenuhan Persyaratan Perolehan Izin Pekerjaan Pengerukan di Wilayah Perairan Pelabuhan Pengumpan Lokal dalam Sistem Pelayanan Perizinan Berusaha Terintegrasi Secara Elektronik\r',NULL,NULL),(1158,216,'02','Koordinasi dan Sinkronisasi Pengawasan Pelaksanaan Izin Pekerjaan Pengerukan di Wilayah Perairan Pelabuhan Pengumpan Lokal\r',NULL,NULL),(1159,217,'01','Fasilitasi Pemenuhan Persyaratan Perolehan Izin Reklamasi di Wilayah Perairan Pelabuhan Pengumpan Lokal dalam Sistem Pelayanan Perizinan Berusaha Terintegrasi Secara Elektronik\r',NULL,NULL),(1160,217,'02','Koordinasi dan Sinkronisasi Pengawasan Pelaksanaan Izin Reklamasi di Wilayah Perairan Pelabuhan Pengumpan Lokal\r',NULL,NULL),(1161,218,'01','Fasilitasi Pemenuhan Persyaratan Perolehan Izin Pengelolaan Terminal untuk Kepentingan Sendiri (TUKS) di dalam DLKR/DLKP Pelabuhan Pengumpan Lokal dalam Sistem Pelayanan Perizinan Berusaha Terintegrasi Secara Elektronik\r',NULL,NULL),(1162,218,'02','Koordinasi dan Sinkronisasi Pengawasan Pelaksanaan Izin Pengelolaan Terminal untuk Kepentingan Sendiri (TUKS) di dalam DLKR/DLKP Pelabuhan Pengumpan Lokal\r',NULL,NULL),(1163,219,'01','Fasilitasi Penerbitan Izin Mendirikan Tempat Tinggal Landas dan Mendarat Helikopter\r',NULL,NULL),(1164,220,'01','Pelaksanaan Penyusunan Rencana Induk Perkeretaapian\r',NULL,NULL),(1165,220,'02','Penetapan Kebijakan dan Sosialisasi Rencana Induk Perkeretaapian\r',NULL,NULL),(1166,220,'03','Pengendalian Pelaksanaan Rencana Induk Perkeretaapian\r',NULL,NULL),(1167,221,'01','Fasilitasi Pemenuhan Persyaratan Perolehan Izin Usaha, Izin Pembangunan dan Izin Operasi Prasarana Perkeretaapian Umum yang Jaringan Jalurnya dalam 1 (satu) Daerah Kabupaten/Kota dalam Sistem Pelayanan Perizinan Berusaha Terintegrasi Secara Elektronik\r',NULL,NULL),(1168,221,'02','Koordinasi dan Sinkronisasi Pengawasan Pelaksanaan Izin Usaha, Izin Pembangunan dan Izin Operasi Prasarana Perkeretaapian Umum yang Jaringan Jalurnya dalam 1 (satu) Daerah Kabupaten/Kota\r',NULL,NULL),(1169,222,'01','Perumusan kebijakan Penetapan Jaringan Jalur Kereta Api yang Jaringannya Kewenangan Kabupaten/Kota\r',NULL,NULL),(1170,222,'02','Sosialisasi dan Uji Coba Pelaksanaan Kebijakan Penetapan Jaringan Jalur Kereta Api yang Jaringannya Kewenangan Kabupaten/Kota\r',NULL,NULL),(1171,223,'01','Perumusan Kebijakan Penetapan Kelas Stasiun untuk Stasiun pada Jaringan Jalur Kereta Api Kabupaten/Kota\r',NULL,NULL),(1172,224,'01','Fasilitasi Pemenuhan Persyaratan Perolehan Izin Operasi Sarana Perkeretaapian Umum yang Jaringan Jalurnya Menjadi Kewenangan Kabupaten/Kota dalam Sistem Pelayanan Perizinan Berusaha Terintegrasi Secara Elektronik\r',NULL,NULL),(1173,224,'02','Koordinasi dan Sinkronisasi Pengawasan pelaksanaan Izin Operasi Sarana Perkeretaapian Umum yang Jaringan Jalurnya Menjadi Kewenangan Kabupaten/Kota\r',NULL,NULL),(1174,225,'01','Perumusan Kebijakan Penetapan Jaringan Pelayanan Perkeretaapian pada Jaringan Jalur Perkeretaapian Kewenangan Kabupaten/Kota\r',NULL,NULL),(1175,225,'02','Sosialisasi dan Uji Coba Pelaksanaan Kebijakan Penetapan Jaringan Pelayanan Perkeretaapian pada Jaringan Jalur Perkeretaapian Kewenangan Kabupaten/Kota\r',NULL,NULL),(1176,226,'01','Fasilitasi Pemenuhan Persyaratan Perolehan Izin Pengadaan atau Pembangunan Perkeretaapian Khusus, Izin Operasi, dan Penetapan Jalur Kereta Api Khusus yang Jaringannya menjadi Kewenangan Kabupaten/Kota dalam Sistem Pelayanan Perizinan Berusaha Terintegrasi Secara Elektronik\r',NULL,NULL),(1177,226,'02','Koordinasi dan Sinkronisasi Pengawasan Pelaksanaan Izin Pengadaan atau Pembangunan Perkeretaapian Khusus, Izin Operasi, dan Penetapan Jalur Kereta Api Khusus yang Jaringannya menjadi Kewenangan Kabupaten/Kota\r',NULL,NULL),(1178,227,'01','Perumusan Kebijakan Teknis Bidang Informasi dan Komunikasi Publik\r',NULL,NULL),(1179,227,'02','Monitoring Opini dan Aspirasi Publik\r',NULL,NULL),(1180,227,'03','Monitoring Informasi dan Penetapan Agenda Prioritas Komunikasi Pemerintah Daerah\r',NULL,NULL),(1181,227,'04','Pengelolaan Konten dan Perencanaan Media Komunikasi Publik\r',NULL,NULL),(1182,227,'05','Pengelolaan Media Komunikasi Publik\r',NULL,NULL),(1183,227,'06','Pelayanan Informasi Publik\r',NULL,NULL),(1184,227,'07','Layanan Hubungan Media\r',NULL,NULL),(1185,227,'08','Kemitraan dengan Pemangku Kepentingan\r',NULL,NULL),(1186,227,'09','Manajemen Komunikasi Krisis\r',NULL,NULL),(1187,227,'10','Penguatan Kapasitas Sumber Daya Komunikasi Publik\r',NULL,NULL),(1188,227,'11','Penguatan Tata Kelola Komisi Informasi di Daerah\r',NULL,NULL),(1189,227,'12','Penyelenggaraan Hubungan Masyarakat, Media dan Kemitraan Komunitas\r',NULL,NULL),(1190,227,'13','Penyediaan/Pengadaan Sarana dan Prasarana Pendukung Informasi dan Komunikasi Publik Pemerintah Daerah Kabupaten/Kota\r',NULL,NULL),(1191,228,'01','Pendaftaran Nama Domain Pemerintah Kabupaten/Kota\r',NULL,NULL),(1192,228,'02','Penatalaksanaan dan Pengawasan Nama Domain dan Sub Domain dalam Penyelenggaraan Pemerintahan Daerah Kabupaten/Kota\r',NULL,NULL),(1193,228,'03','Penyelenggaraan Sistem Jaringan Intra Pemerintah Daerah\r',NULL,NULL),(1194,229,'01','Penatalaksanaan dan Pengawasan e-government dalam Penyelenggaraan Pemerintahan Daerah Kabupaten/Kota\r',NULL,NULL),(1195,229,'02','Sinkronisasi Pengelolaan Rencana Induk dan Anggaran Pemerintahan Berbasis Elektronik\r',NULL,NULL),(1196,229,'03','Pengelolaan Pusat Data Pemerintahan Daerah\r',NULL,NULL),(1197,229,'04','Penyelenggaraan Sistem Komunikasi Intra Pemerintah Daerah\r',NULL,NULL),(1198,229,'05','Koordinasi dan Sinkronisasi Sistem Keamanan Informasi\r',NULL,NULL),(1199,229,'06','Koordinasi dan Sinkronisasi Data dan Informasi Elektronik\r',NULL,NULL),(1200,229,'07','Pengembangan Aplikasi dan Proses Bisnis Pemerintahan Berbasis Elektronik\r',NULL,NULL),(1201,229,'08','Penyelenggaraan Sistem Penghubung Layanan Pemerintah\r',NULL,NULL),(1202,229,'09','Pengembangan dan Pengelolaan Ekosistem Kabupaten/Kota Cerdas dan Kota Cerdas\r',NULL,NULL),(1203,229,'10','Pengembangan dan Pengelolaan Sumber Daya Teknologi Informasi dan Komunikasi Pemerintah Daerah\r',NULL,NULL),(1204,229,'11','Pengelolaan Government Chief Information Officer (GCIO)\r',NULL,NULL),(1205,229,'12','Monitoring, Evaluasi dan Pelaporan Pengembangan Ekosistem SPBE\r',NULL,NULL),(1206,230,'01','Fasilitasi Pemenuhan Izin Usaha Simpan Pinjam dan Pembukaan Kantor Cabang, Cabang Pembantu dan Kantor Kas Koperasi Simpan Pinjam untuk Koperasi dengan Wilayah Keanggotaan dalam Daerah Kabupaten/Kota\r',NULL,NULL),(1207,231,'01','Fasilitasi Pemenuhan Izin Usaha Pembukaan Kantor Cabang, Cabang Pembantu dan Kantor Kas Koperasi Simpan Pinjam untuk Koperasi dengan Wilayah Keanggotaan dalam Daerah Kabupaten/Kota\r',NULL,NULL),(1208,232,'01','Pengawasan Kekuatan, Kesehatan, Kemandirian, Ketangguhan, serta Akuntabilitas Koperasi Kewenangan Kabupaten/Kota\r',NULL,NULL),(1209,232,'02','Pemeriksaan Kepatuhan Koperasi terhadap Peraturan Perundang-Undangan Kewenangan Kabupaten/Kota\r',NULL,NULL),(1210,233,'01','Pelaksanaan Penilaian Kesehatan KSP/USP Koperasi Kewenangan Kabupaten/Kota\r',NULL,NULL),(1211,233,'02','Penghargaan Kesehatan KSP/USP Koperasi Kewenangan Kabupaten/Kota\r',NULL,NULL),(1212,234,'01','Peningkatan Pemahaman dan Pengetahuan Perkoperasian serta Kapasitas dan Kompetensi SDM Koperasi\r',NULL,NULL),(1213,235,'01','Pemberdayaan Peningkatan Produktivitas, Nilai Tambah, Akses Pasar, Akses Pembiayaan, Penguatan Kelembagaan, Penataan Manajemen, Standarisasi, dan Restrukturisasi Usaha Koperasi Kewenangan Kabupaten/Kota\r',NULL,NULL),(1214,236,'01','Pendataan Potensi dan Pengembangan Usaha Mikro\r',NULL,NULL),(1215,236,'02','Pemberdayaan melalui Kemitraan Usaha Mikro\r',NULL,NULL),(1216,236,'03','Fasilitasi Kemudahan Perizinan Usaha Mikro\r',NULL,NULL),(1217,236,'04','Pemberdayaan Kelembagaan Potensi dan Pengembangan Usaha Mikro\r',NULL,NULL),(1218,236,'05','Koordinasi dan Sinkronisasi dengan Para Pemangku Kepentingan dalam Pemberdayaan Usaha Mikro\r',NULL,NULL),(1219,237,'01','Fasilitasi Usaha Mikro Menjadi Usaha Kecil dalam Pengembangan Produksi dan Pengolahan, Pemasaran, SDM, serta Desain dan Teknologi\r',NULL,NULL),(1220,238,'01','Penetapan Kebijakan Daerah mengenai Pemberian Fasilitas/Insentif dan Kemudahan Penanaman Modal\r',NULL,NULL),(1221,238,'02','Evaluasi Pelaksanaan Pemberian Fasilitas/Insentif dan Kemudahan Penanaman Modal\r',NULL,NULL),(1222,239,'01','Penyusunan Rencana Umum Penanaman Modal Daerah Kabupaten/Kota\r',NULL,NULL),(1223,239,'02','Penyediaan Peta Potensi dan Peluang Usaha Kabupaten/Kota\r',NULL,NULL),(1224,240,'01','Penyusunan Strategi Promosi Penanaman Modal\r',NULL,NULL),(1225,240,'02','Pelaksanaan Kegiatan Promosi Penanaman Modal Daerah Kabupaten/Kota\r',NULL,NULL),(1226,241,'01','Penyediaan Pelayanan Terpadu Perizinan dan Nonperizinan Berbasis Sistem Pelayanan Perizinan Berusaha Terintegrasi secara Elektronik\r',NULL,NULL),(1227,241,'02','Pemantauan Pemenuhan Komitmen Perizinan dan Non Perizinan Penanaman Modal\r',NULL,NULL),(1228,241,'03','Penyediaan Layanan Konsultasi dan Pengelolaan Pengaduan Masyarakat terhadap Pelayanan Terpadu Perizinan dan Non Perizinan\r',NULL,NULL),(1229,241,'04','Koordinasi dan Sinkronisasi Penetapan pemberian Fasilitas/Insentif Daerah\r',NULL,NULL),(1230,242,'01','Koordinasi dan Sinkronisasi Pemantauan Pelaksanaan Penanaman Modal\r',NULL,NULL),(1231,242,'02','Koordinasi dan Sinkronisasi Pembinaan Pelaksanaan Penanaman Modal\r',NULL,NULL),(1232,242,'03','Koordinasi dan Sinkronisasi Pengawasan Pelaksanaan Penanaman Modal\r',NULL,NULL),(1233,243,'01','Pengolahan, Penyajian dan Pemanfaatan Data dan Informasi Perizinan dan Non Perizinan berbasis Sistem Pelayanan Perizinan Berusaha Terintegrasi Secara Elektronik\r',NULL,NULL),(1234,244,'01','Koordinasi, Sinkronisasi dan Penyelenggaraan Peningkatan Kapasitas Daya Saing Pemuda Pelopor\r',NULL,NULL),(1235,244,'02','Koordinasi, Sinkronisasi dan Penyelenggaraan Peningkatan Kapasitas Daya Saing Wira Usaha Pemula\r',NULL,NULL),(1236,244,'03','Koordinasi, Sinkronisasi dan Penyelenggaraan Peningkatan Kapasitas Daya Saing Pemuda Kader Kabupaten/Kota\r',NULL,NULL),(1237,244,'04','Pemenuhan Hak Setiap Pemuda melalui Perlindungan Pemuda, Advokasi, Akses Pengembangan Diri, Penggunaan Prasarana dan Sarana Tanpa Diskiriminatif, Partisipasi Pemuda dalam Proses Perencanaan, Pelaksanaan Evaluasi dan Pengambilan Keputusan Program Strategis Kepemudaan\r',NULL,NULL),(1238,244,'05','Pelaksanaan Koordinasi Strategis Lintas Sektor Penyelenggaraan Pelayanan Kepemudaan melalui Implementasi Rencana Aksi Daerah/RAD Tingkat Kabupaten/Kota\r',NULL,NULL),(1239,244,'06','Perencanaan, Pengadaan, Pemanfaatan, Pemeliharaan, dan Pengawasan Prasarana dan Sarana Kepemudaan Kab/Kota\r',NULL,NULL),(1240,244,'07','Pemberian Penghargaan Pemuda dan Organisasi Pemuda yang Berjasa dan/atau Berprestasi\r',NULL,NULL),(1241,244,'08','Peningkatan Kepemimpinan, Kepeloporan dan Kesukarelawanan Pemuda\r',NULL,NULL),(1242,244,'09','Penyelenggaraan Seleksi dan Pelatihan Pasukan Pengibar Bendera\r',NULL,NULL),(1243,245,'01','Koordinasi, Sinkronisasi dan Pelaksanaan Pemberdayaan Pemuda atau Organisasi Kepemudaan melalui Kemitraan dengan Dunia Usaha\r',NULL,NULL),(1244,245,'02','Peningkatan Kapasitas Pemuda dan Organisasi Kepemudaan Kabupaten/Kota\r',NULL,NULL),(1245,246,'01','Koordinasi, Sinkronisasi dan Pelaksanaan Pembentukan dan Pengembangan Pusat Pembinaan dan Pelatihan Olahraga serta Sekolah Olahraga yang diselenggarakan oleh Masyarakat dan Dunia Usaha\r',NULL,NULL),(1246,246,'02','Koordinasi, Sinkronisasi dan Pelaksanaan Pemberdayaan Perkumpulan Olahraga dan Penyelenggaraan Kompetisi oleh Satuan Pendidikan Dasar\r',NULL,NULL),(1247,246,'03','Koordinasi, Sinkronisasi dan Pelaksanaan Penyediaan Sarana dan Prasarana Olahraga Kabupaten/Kota\r',NULL,NULL),(1248,247,'01','Penyelenggaraan Kejuaraan Olahraga Multi Event dan Single Event Tingkat Kabupaten/Kota\r',NULL,NULL),(1249,247,'02','Penyelenggaraan Kejuaraan dan Pekan Olahraga Tingkat Kabupaten/Kota\r',NULL,NULL),(1250,247,'03','Partisipasi dan Keikutsertaan dalam Penyelenggaraan Kejuaraan\r',NULL,NULL),(1251,248,'01','Seleksi Atlet Daerah\r',NULL,NULL),(1252,248,'02','Pemusatan Latihan Daerah, Ilmu Pengetahuan dan Teknologi Keolahragaan (Sport Science)\r',NULL,NULL),(1253,248,'03','Pembinaan dan Pengembangan Atlet Berprestasi Kabupaten/Kota\r',NULL,NULL),(1254,248,'04','Pemberian Penghargaan Olahraga Kabupaten/Kota\r',NULL,NULL),(1255,248,'05','Koordinasi dan Sinkronisasi Penyediaan Data dan Informasi Sektoral Olahraga\r',NULL,NULL),(1256,249,'01','Standardisasi Organisasi Keolahragaan\r',NULL,NULL),(1257,249,'02','Pengembangan Organisasi Keolahragaan\r',NULL,NULL),(1258,249,'03','Peningkatan Kerja Sama Organisasi Keolahragaan Kabupaten/Kota Dengan Lembaga Terkait\r',NULL,NULL),(1259,249,'04','Pemberian Penghargaan bagi Organisasi Keolahragaan Berprestasi\r',NULL,NULL),(1260,250,'01','Penyelenggaraan, Pengembangan dan Pemasalan Festival dan Olahraga Rekreasi\r',NULL,NULL),(1261,250,'02','Pemberdayaan Perkumpulan Olahraga Rekreasi\r',NULL,NULL),(1262,250,'03','Penyediaan, Pengembangan dan Pemeliharaan Sarana dan Prasarana Olahraga Rekreasi\r',NULL,NULL),(1263,250,'04','Pengembangan Olahraga Wisata, Tantangan dan Petualangan\r',NULL,NULL),(1264,250,'05','Pemanfaatan Olahraga Tradisional dalam Masyarakat\r',NULL,NULL),(1265,251,'01','Koordinasi dan Sinkronisasi Penyediaan Data dan Informasi Kepramukaan Berbasis Elektronik\r',NULL,NULL),(1266,251,'02','Peningkatan Kapasitas Organisasi Kepramukaan Tingkat Daerah\r',NULL,NULL),(1267,251,'03','Pengembangan Kapasitas SDM Kepramukaan Tingkat Daerah\r',NULL,NULL),(1268,251,'04','Penyediaan Pusat Pendidikan dan Pelatihan Kepramukaan di Daerah Kabupaten/Kota\r',NULL,NULL),(1269,251,'05','Penyelenggaraan Kegiatan Kepramukaan Tingkat Daerah\r',NULL,NULL),(1270,251,'06','Penyediaan Prasarana dan Sarana Kepramukaan Tingkat Daerah\r',NULL,NULL),(1271,251,'07','Perencanaan, Pengadaan, Pemanfaatan, Pemeliharaan, dan Pengawasan Prasarana dan Sarana Kepramukaan Tingkat Daerah\r',NULL,NULL),(1272,251,'08','Partisipasi dan Keikutsertaan dalam Kegiatan Kepramukaan\r',NULL,NULL),(1273,252,'01','Koordinasi dan Sinkronisasi Pengumpulan, Pengolahan, Analisis dan Diseminasi Data Statistik Sektoral\r',NULL,NULL),(1274,252,'02','Peningkatan kapasitas SDM Pemerintah Daerah dalam Peningkatan Mutu Statistik Daerah yang Terintegrasi\r',NULL,NULL),(1275,252,'03','Membangun Metadata Statistik Sektoral\r',NULL,NULL),(1276,252,'04','Peningkatan Kapasitas Kelembagaan Statistik Sektoral\r',NULL,NULL),(1277,252,'05','Pengembangan Infrastruktur\r',NULL,NULL),(1278,252,'06','Penyelenggaraan Otorisasi Statistik Sektoral di Daerah\r',NULL,NULL),(1279,253,'01','Penetapan Kebijakan Tata Kelola Keamanan Informasi dan Jaring Komunikasi Sandi Pemerintah Daerah Kabupaten/Kota\r',NULL,NULL),(1280,253,'02','Pelaksanaan Analisis Kebutuhan dan Pengelolaan Sumber Daya Keamanan Informasi Pemerintah Daerah Kabupaten/Kota\r',NULL,NULL),(1281,253,'03','Pelaksanaan Keamanan Informasi Pemerintahan Daerah Kabupaten/Kota Berbasis Elektronik dan Non Elektronik\r',NULL,NULL),(1282,253,'04','Penyediaan Layanan Keamanan Informasi Pemerintah Daerah Kabupaten/Kota\r',NULL,NULL),(1283,254,'01','Operasionalisasi Jaring Komunikasi Sandi Pemerintah Daerah Kabupaten/Kota\r',NULL,NULL),(1284,255,'01','Pelindungan, Pengembangan, Pemanfaatan Objek Pemajuan Kebudayaan\r',NULL,NULL),(1285,255,'02','Pembinaan Sumber Daya Manusia, Lembaga, dan Pranata Kebudayaan\r',NULL,NULL),(1286,256,'01','Pelindungan, Pengembangan, Pemanfaatan Objek Pemajuan Tradisi Budaya\r',NULL,NULL),(1287,256,'02','Pembinaan Sumber Daya Manusia, Lembaga, dan Pranata Tradisional\r',NULL,NULL),(1288,256,'03','Pemberian Penghargaan kepada Pihak yang Berprestasi atau Berkontribusi Luar Biasa sesuai dengan Prestasi dan Kontribusinya dalam Pemajuan Kebudayaan\r',NULL,NULL),(1289,257,'01','Pelindungan, Pengembangan, Pemanfaatan Objek Pemajuan Lembaga Adat\r',NULL,NULL),(1290,257,'02','Pembinaan Sumber Daya Manusia, Lembaga, dan Pranata Adat\r',NULL,NULL),(1291,257,'03','Penyediaan Sarana dan Prasarana Pembinaan Lembaga Adat\r',NULL,NULL),(1292,258,'01','Peningkatan Pendidikan dan Pelatihan Sumber Daya Manusia Kesenian Tradisional\r',NULL,NULL),(1293,258,'02','Standardisasi dan Sertifikasi Sumber Daya Manusia Kesenian Tradisional sesuai dengan Kebutuhan dan Tuntutan\r',NULL,NULL),(1294,258,'03','Peningkatan Kapasitas Tata Kelola Lembaga Kesenian Tradisional\r',NULL,NULL),(1295,259,'01','Pemberdayaan Sumber Daya Manusia dan Lembaga Sejarah Lokal Kabupaten/Kota\r',NULL,NULL),(1296,259,'02','Penyediaan Sarana dan Prasarana Pembinaan Sejarah\r',NULL,NULL),(1297,259,'03','Peningkatan Akses Masyarakat terhadap Data dan Informasi Sejarah\r',NULL,NULL),(1298,260,'01','Pendaftaran Objek Diduga Cagar Budaya\r',NULL,NULL),(1299,260,'02','Penetapan Cagar Budaya\r',NULL,NULL),(1300,261,'01','Pelindungan Cagar Budaya\r',NULL,NULL),(1301,261,'02','Pengembangan Cagar Budaya\r',NULL,NULL),(1302,261,'03','Pemanfaatan Cagar Budaya\r',NULL,NULL),(1303,262,'01','Penerbitan Izin membawa Cagar Budaya ke Luar Daerah Kabupaten/Kota dalam 1 (satu) Daerah Kabupaten/Kota\r',NULL,NULL),(1304,262,'02','Evaluasi dan Pengawasan Cagar Budaya ke Luar Daerah Kabupaten/Kota dalam 1 (satu) Daerah Kabupaten/Kota\r',NULL,NULL),(1305,263,'01','Pelindungan, Pengembangan, dan Pemanfaatan Koleksi secara Terpadu\r',NULL,NULL),(1306,263,'02','Pembinaan dan Peningkatan Mutu dan Kapasitas Sumber Daya Manusia Permuseuman\r',NULL,NULL),(1307,263,'03','Peningkatan Pelayanan dan Akses Masyarakat terhadap Museum\r',NULL,NULL),(1308,263,'04','Penyediaan dan Pemeliharaan Sarana dan Prasarana Museum\r',NULL,NULL),(1309,263,'05','Revitalisasi Sarana dan Prasarana Museum\r',NULL,NULL),(1310,264,'01','Pengembangan dan Pemeliharaan Layanan Perpustakaan Elektronik\r',NULL,NULL),(1311,264,'02','Pengembangan Perpustakaan di Tingkat Daerah Kabupaten/Kota\r',NULL,NULL),(1312,264,'03','Pengembangan Kekhasan Koleksi Perpustakaan Daerah Tingkat Daerah Kabupaten/Kota\r',NULL,NULL),(1313,264,'04','Pembinaan Perpustakaan pada Satuan Pendidikan Dasar di Seluruh Wilayah Kabupaten/Kota sesuai dengan Standar Nasional Perpustakaan\r',NULL,NULL),(1314,264,'05','Pembinaan Perpustakaan Khusus Tingkat Kabupaten/Kota\r',NULL,NULL),(1315,264,'06','Peningkatan Kapasitas Tenaga Perpustakaan dan Pustakawan Tingkat Daerah Kabupaten/Kota\r',NULL,NULL),(1316,264,'07','Pengembangan Layanan Perpustakaan Rujukan Tingkat Kabupaten/Kota\r',NULL,NULL),(1317,264,'08','Pengembangan Bahan Pustaka\r',NULL,NULL),(1318,264,'09','Pengelolaan dan Pengembangan Bahan Pustaka\r',NULL,NULL),(1319,264,'10','Penyusunan Data dan Informasi Perpustakaan, Tenaga Perpustakaan dan Pustakawan Tingkat Daerah Kabupaten/Kota\r',NULL,NULL),(1320,265,'01','Sosialisasi Budaya Baca dan Literasi pada Satuan Pendidikan Dasar dan Pendidikan Khusus serta Masyarakat\r',NULL,NULL),(1321,265,'02','Pembangunan dan Pemeliharaan Sarana Perpustakaan di Tempat-Tempat Umum yang Menjadi Kewenangan Daerah Kabupaten/Kota\r',NULL,NULL),(1322,265,'03','Pemberian Penghargaan Gerakan Budaya Gemar Membaca\r',NULL,NULL),(1323,265,'04','Pengembangan Literasi Berbasis Inklusi Sosial\r',NULL,NULL),(1324,265,'05','Pemilihan Duta Baca Tingkat Daerah Kabupaten/Kota\r',NULL,NULL),(1325,266,'01','Peningkatan Peran Serta Masyarakat dalam Penyimpanan, Perawatan, Pelestarian, dan Pendaftaran Naskah Kuno\r',NULL,NULL),(1326,266,'02','Pengembangan, Pengolahan dan Pengalihmediaan Naskah Kuno yang dimiliki oleh Masyarakat untuk Dilestarikan dan Didayagunakan\r',NULL,NULL),(1327,267,'01','Seleksi dan Pengadaan Koleksi Budaya Etnis Nusantara\r',NULL,NULL),(1328,267,'02','Pengolahan dan Penyiangan Koleksi Budaya Etnis Nusantara\r',NULL,NULL),(1329,268,'01','Penciptaan dan Penggunaan Arsip Dinamis\r',NULL,NULL),(1330,268,'02','Pemeliharaan dan Penyusutan Arsip Dinamis\r',NULL,NULL),(1331,268,'03','Pengawasan Arsip Dinamis Kewenangan Kabupaten/Kota\r',NULL,NULL),(1332,269,'01','Pengumpulan dan Penyampaian Salinan Otentik Naskah Asli Arsip Terjaga Kepada ANRI\r',NULL,NULL),(1333,269,'02','Akuisisi, Pengolahan, Preservasi, dan Akses Arsip Statis\r',NULL,NULL),(1334,270,'01','Penyediaan Informasi, Akses dan Layanan Kearsipan Tingkat Daerah Kabupaten/Kota melalui JIKN\r',NULL,NULL),(1335,270,'02','Pemberdayaan Kapasitas Unit Kearsipan dan Lembaga Kearsipan Daerah Kabupaten/Kota\r',NULL,NULL),(1336,271,'01','Penilaian, Penetapan dan Pelaksanaan Pemusnahan Arsip yang Memiliki Retensi di Bawah 10 (sepuluh) Tahun\r',NULL,NULL),(1337,271,'02','Pelaksanaan Pemusnahan Arsip yang Memiliki Retensi di Bawah 10 Tahun\r',NULL,NULL),(1338,272,'01','Evakuasi dan Identifikasi Arsip Akibat Bencana\r',NULL,NULL),(1339,272,'02','Pemulihan dan Penyimpanan Arsip Akibat Bencana\r',NULL,NULL),(1340,273,'01','Pendataan, Penyusunan Daftar dan Penilaian serta Penyerahan atau Pemusnahan Arsip bagi Penggabungan Perangkat Daerah Kabupaten/Kota\r',NULL,NULL),(1341,273,'02','Pendataan, Penyusunan Daftar dan Penilaian Serta Penyerahan atau Pemusnahan Arsip bagi Pembubaran Perangkat Daerah Kabupaten/Kota\r',NULL,NULL),(1342,273,'03','Pendampingan Penyelamatan Arsip bagi Pemekaran Daerah Kecamatan\r',NULL,NULL),(1343,273,'04','Pendampingan Penyelamatan Arsip bagi Pemekaran Desa/Kelurahan\r',NULL,NULL),(1344,274,'01','Penilaian dan Penetapan Autentisitas Arsip Statis sesuai Persyaratan Penjaminan Keabsahan Arsip\r',NULL,NULL),(1345,274,'02','Penilaian dan Penetapan Hasil Alih Media sesuai Persyaratan Penjaminan Keabsahan Arsip\r',NULL,NULL),(1346,275,'01','Penilaian dan Penetapan Autentisitas Arsip Statis yang dinyatakan Hilang\r',NULL,NULL),(1347,275,'02','Evaluasi dan Penetapan Hasil Alih Media yang dinyatakan Hilang\r',NULL,NULL),(1348,275,'03','Penetapan dan Pengumuman Daftar Pencarian Arsip (DPA)\r',NULL,NULL),(1349,276,'01','Penyusunan dan Penetapan SOP Penggunaan Arsip yang Bersifat Tertutup\r',NULL,NULL),(1350,276,'02','Penyediaan Daftar dan Penetapan Izin Penggunaan Arsip yang Bersifat Tertutup\r',NULL,NULL),(1351,277,'01','Penyediaan Data dan Informasi Sumber Daya Ikan\r',NULL,NULL),(1352,277,'02','Penyediaan Prasarana Usaha Perikanan Tangkap\r',NULL,NULL),(1353,277,'03','Penjaminan Ketersediaan Sarana Usaha Perikanan Tangkap\r',NULL,NULL),(1354,278,'01','Pengembangan Kapasitas Nelayan Kecil\r',NULL,NULL),(1355,278,'02','Pelaksanaan Fasilitasi Pembentukan dan Pengembangan Kelembagaan Nelayan Kecil\r',NULL,NULL),(1356,278,'03','Pelaksanaan Fasilitasi Bantuan Pendanaan, Bantuan Pembiayaan, Kemitraan Usaha\r',NULL,NULL),(1357,279,'01','Penetapan Prosedur Pengelolaan dan Penyelenggaraan Tempat Pelelangan Ikan (TPI)\r',NULL,NULL),(1358,279,'02','Pelayanan Penyelenggaraan Tempat Pelelangan Ikan (TPI)\r',NULL,NULL),(1359,280,'01','Penetapan Persyaratan dan Prosedur Penerbitan Tanda Daftar Kapal Perikanan Berukuran sampai dengan 10 GT\r',NULL,NULL),(1360,280,'02','Pelayanan Penerbitan Tanda Daftar Kapal Perikanan Berukuran sampai dengan 10 GT\r',NULL,NULL),(1361,281,'01','Penetapan Persyaratan dan Prosedur Penerbitan Persetujuan Pengadaan Kapal Penangkap Ikan dan Kapal Pengangkut Ikan dengan Ukuran sampai dengan 10 GT\r',NULL,NULL),(1362,281,'02','Pelayanan Penerbitan Persetujuan Pengadaan Kapal Penangkap Ikan dan Kapal Pengangkut Ikan dengan Ukuran sampai dengan 10 GT\r',NULL,NULL),(1363,282,'01','Penetapan Persyaratan dan Prosedur Pendaftaran Kapal Perikanan dengan Ukuran sampai dengan 10 GT\r',NULL,NULL),(1364,282,'02','Pelayanan Penerbitan Pendaftaran Kapal Perikanan dengan Ukuran sampai dengan 10 GT\r',NULL,NULL),(1365,283,'01','Penetapan Persyaratan dan Prosedur Penerbitan Izin Usaha Perikanan Bidang Pembudidayaan Ikan yang Usahanya, Lokasi, dan/atau Manfaat atau Dampak Negatifnya dalam 1 (satu) Daerah Kabupaten/Kota yang Menggunakan Teknologi Sederhana, Semi Intensif, dan Intensif, Serta tidak Menggunakan Modal Asing dan/atau Tenaga Kerja Asing\r',NULL,NULL),(1366,283,'02','Pelayanan Penerbitan Izin Usaha Perikanan Bidang Pembudidayaan Ikan yang Usahanya, Lokasi, dan/atau Manfaat atau Dampak Negatifnya dalam 1 (satu) Daerah Kabupaten/Kota yang Menggunakan Teknologi Sederhana, Semi Intensif, dan Intensif, serta Tidak Menggunakan Modal Asing dan/atau Tenaga Kerja Asing\r',NULL,NULL),(1367,284,'01','Pengembangan Kapasitas Pembudi Daya Ikan Kecil\r',NULL,NULL),(1368,284,'02','Pelaksanaan Fasilitasi Pembentukan dan Pengembangan Kelembagaan Pembudi Daya Ikan Kecil\r',NULL,NULL),(1369,284,'03','Pelaksanaan Fasilitasi Bantuan Pendanaan, Bantuan Pembiayaan, Kemitraan Usaha\r',NULL,NULL),(1370,284,'04','Pemberian Pendampingan, Kemudahanan Akses Ilmu Pengetahuan, Teknologi dan Informasi, Serta Penyelenggaraan Pendidikan dan Pelatihan\r',NULL,NULL),(1371,285,'01','Penetapan Persyaratan dan Prosedur Penerbitan Tanda Daftar bagi Pembudidayaan Ikan Kecil (TDPIK) dalam 1 (satu) Daerah Kabupaten/Kota\r',NULL,NULL),(1372,285,'02','Pelayanan Penerbitan Tanda Daftar bagi Pembudi Daya an Ikan Kecil (TDPIK) dalam 1 (satu) Daerah Kabupaten/Kota\r',NULL,NULL),(1373,286,'01','Penyediaan Data dan Informasi Pembudidayaan Ikan dalam 1 (satu) Daerah Kabupaten/Kota\r',NULL,NULL),(1374,286,'02','Penyediaan Prasarana Pembudidayaan Ikan dalam 1 (satu) Daerah Kabupaten/Kota\r',NULL,NULL),(1375,286,'03','Penjaminan Ketersediaan Sarana Pembudidayaan Ikan dalam 1 (satu) Daerah Kabupaten/Kota\r',NULL,NULL),(1376,286,'04','Pengelolaan Kesehatan Ikan dan Lingkungan Budidaya dalam 1 (satu) Daerah Kabupaten/Kota\r',NULL,NULL),(1377,286,'05','Pembinaan dan Pemantauan Pembudidayaan Ikan di Darat\r',NULL,NULL),(1378,286,'06','Perencanaan, Pengembangan, Pemanfaatan dan Perlindungan Lahan untuk Pembudidayaan Ikan di Darat\r',NULL,NULL),(1379,286,'07','Perencanaan, dan Pengembangan Pemanfaatan Air untuk Pembudidayaan Ikan di Darat\r',NULL,NULL),(1380,287,'01','Pengawasan Usaha Perikanan Tangkap di Wilayah Sungai, Danau, Waduk, Rawa, dan Genangan Air Lainnya yang dapat Diusahakan dalam Kabupaten/Kota\r',NULL,NULL),(1381,287,'02','Pengawasan Usaha Perikanan Bidang Pembudidayaan Ikan di Wilayah Sungai, Danau, Waduk, Rawa, dan Genangan Air Lainnya yang dapat diusahakan dalam Kabupaten/Kota\r',NULL,NULL),(1382,288,'01','Penyediaan Data dan Informasi Usaha Pemasaran dan Pengolahan Hasil Perikanan dalam 1 (satu) Daerah Kabupaten/Kota\r',NULL,NULL),(1383,289,'01','Pelaksanaan Bimbingan dan Penerapan Persyaratan atau Standar pada Usaha Pengolahan dan Pemasaran Skala Mikro dan Kecil\r',NULL,NULL),(1384,290,'01','Peningkatan Ketersediaan Ikan untuk Konsumsi dan Usaha Pengolahan dalam 1 (satu) Daerah Kabupaten/Kota\r',NULL,NULL),(1385,290,'02','Pemberian Fasilitas bagi Pelaku Usaha Perikanan Skala Mikro dan Kecil dalam 1 (satu) Daerah Kabupaten/Kota\r',NULL,NULL),(1386,291,'01','Penetapan Daya Tarik Wisata Kabupaten/Kota\r',NULL,NULL),(1387,291,'02','Perencanaan Pengembangan Daya Tarik Wisata Kabupaten/Kota\r',NULL,NULL),(1388,291,'03','Pengembangan Daya Tarik Wisata Kabupaten/Kota\r',NULL,NULL),(1389,291,'04','Monitoring dan Evaluasi Pengelolaan Daya Tarik Wisata Kabupaten/Kota\r',NULL,NULL),(1390,292,'01','Penetapan Kawasan Strategis Pariwisata Kabupaten/Kota\r',NULL,NULL),(1391,292,'02','Perencanaan Kawasan Strategis Pariwisata Kabupaten/Kota\r',NULL,NULL),(1392,292,'03','Pengembangan Kawasan Strategis Pariwisata Kabupaten/Kota\r',NULL,NULL),(1393,292,'04','Pengadaan/Pemeliharaan/Rehabilitasi Sarana dan Prasarana dalam Pengelolaan Kawasan Wisata Strategis Pariwisata Kabupaten/Kota\r',NULL,NULL),(1394,292,'05','Monitoring dan Evaluasi Pengelolaan Kawasan Strategis Pariwisata Kabupaten/Kota\r',NULL,NULL),(1395,292,'06','Pemberdayaan Masyarakat dalam Pengelolaan Kawasan Strategis Pariwisata Kabupaten/Kota\r',NULL,NULL),(1396,292,'07','Penerapan Destinasi Pariwisata Berkelanjutan dalam Pengelolaan Kawasan Strategis Pariwisata Kabupaten/Kota\r',NULL,NULL),(1397,293,'01','Penetapan Destinasi Pariwisata Kabupaten/Kota\r',NULL,NULL),(1398,293,'02','Perencanaan Destinasi Pariwisata Kabupaten/Kota\r',NULL,NULL),(1399,293,'03','Pengembangan Destinasi Pariwisata Kabupaten/Kota\r',NULL,NULL),(1400,293,'04','Pengadaan/Pemeliharaan/Rehabilitasi Sarana dan Prasarana dalam Pengelolaan Destinasi Pariwisata Kabupaten/Kota\r',NULL,NULL),(1401,293,'05','Monitoring dan Evaluasi Pengelolaan Destinasi Pariwisata Kabupaten/Kota\r',NULL,NULL),(1402,293,'06','Pemberdayaan Masyarakat dalam Pengelolaan Destinasi Pariwisata Kabupaten/Kota\r',NULL,NULL),(1403,293,'07','Penerapan Destinasi Pariwisata Berkelanjutan dalam pengelolaan Destinasi Pariwisata Kabupaten/Kota\r',NULL,NULL),(1404,294,'01','Penyediaan Layanan Pendaftaran Usaha Pariwisata Kabupaten/Kota\r',NULL,NULL),(1405,294,'02','Penerbitan Tanda Daftar Usaha Pariwisata Kabupaten/Kota\r',NULL,NULL),(1406,294,'03','Pengelolaan Investasi Pariwisata\r',NULL,NULL),(1407,294,'04','Pembinaan dan Pengawasan Usaha Pariwisata\r',NULL,NULL),(1408,294,'05','Fasilitasi Standarisasi Industri dan Usaha Pariwisata\r',NULL,NULL),(1409,295,'01','Penguatan Promosi melalui Media Cetak, Elektronik, dan Media Lainnya Baik Dalam dan Luar Negeri\r',NULL,NULL),(1410,295,'02','Fasilitasi Kegiatan Pemasaran Pariwisata Baik dalam dan Luar Negeri Pariwisata Kabupaten/Kota\r',NULL,NULL),(1411,295,'03','Penyediaan Data dan Penyebaran Informasi Pariwisata Kabupaten/Kota, Baik Dalam dan Luar Negeri\r',NULL,NULL),(1412,295,'04','Peningkatan Kerja Sama dan Kemitraan Pariwisata Dalam dan Luar Negeri\r',NULL,NULL),(1413,295,'05','Monitoring dan Evaluasi Pengembangan Pemasaran Pariwisata\r',NULL,NULL),(1414,296,'01','Pengembangan dan Revitalisasi Prasarana Kota Kreatif\r',NULL,NULL),(1415,297,'01','Pengembangan Riset\r',NULL,NULL),(1416,297,'02','Pengembangan Pendidikan\r',NULL,NULL),(1417,297,'03','Fasilitasi Pendanaan dan Pembiayaan\r',NULL,NULL),(1418,297,'04','Penyediaan Infrastruktur\r',NULL,NULL),(1419,297,'05','Pengembangan Sistem Pemasaran\r',NULL,NULL),(1420,297,'06','Pemberian Insentif\r',NULL,NULL),(1421,297,'07','Fasilitasi Kekayaan Intelektual\r',NULL,NULL),(1422,297,'08','Perlindungan Hasil Kreativitas\r',NULL,NULL),(1423,297,'09','Penyusunan Rencana Aksi Pengembangan Ekonomi Kreatif\r',NULL,NULL),(1424,297,'10','Monitoring dan Evaluasi Pengembangan Ekosistem Ekonomi Kreatif\r',NULL,NULL),(1425,298,'01','Pengembangan Kompetensi SDM Pariwisata dan Ekonomi Kreatif Tingkat Dasar\r',NULL,NULL),(1426,298,'02','Peningkatan Peran Serta Masyarakat dalam Pengembangan Kemitraan Pariwisata\r',NULL,NULL),(1427,298,'03','Pelatihan Dasar SDM Kepariwisataan bagi Masyarakat, Guru dan Pelajar (Mahasiswa dan/atau Siswa)\r',NULL,NULL),(1428,298,'04','Sertifikasi Kompetensi bagi Tenaga Kerja Bidang Pariwisata\r',NULL,NULL),(1429,298,'05','Fasilitasi Proses Kreasi, Produksi, Distribusi Konsumsi dan Konservasi Ekonomi Kreatif\r',NULL,NULL),(1430,298,'06','Fasilitasi Pengembangan Kompetensi Sumber Daya Manusia Ekonomi Kreatif\r',NULL,NULL),(1431,298,'07','Monitoring dan Evaluasi Pengembangan Sumber Daya Pariwisata dan Ekonomi Kreatif\r',NULL,NULL),(1432,299,'01','Pelatihan, Bimbingan Teknis, dan Pendampingan Ekonomi Kreatif\r',NULL,NULL),(1433,299,'02','Dukungan Fasilitasi Menghadapi Perkembangan Teknologi di Dunia Usaha\r',NULL,NULL),(1434,299,'03','Standarisasi Usaha dan Sertifikasi Profesi di Bidang Ekonomi Kreatif\r',NULL,NULL),(1435,300,'01','Pengawasan Penggunaan Sarana Pendukung Pertanian sesuai dengan Komoditas, Teknologi dan Spesifik Lokasi\r',NULL,NULL),(1436,300,'02','Pendampingan Penggunaan Sarana Pendukung Pertanian\r',NULL,NULL),(1437,301,'01','Penjaminan Kemurnian dan Kelestarian SDG Hewan/Tanaman\r',NULL,NULL),(1438,301,'02','Peningkatan Kualitas SDG Hewan/Tanaman\r',NULL,NULL),(1439,301,'03','Pemanfaatan SDG Hewan/Tanaman\r',NULL,NULL),(1440,302,'01','Pengawasan Mutu Benih/Bibit Ternak, Bahan Pakan/Pakan/Tanaman Skala Kecil\r',NULL,NULL),(1441,302,'02','Pengawasan Peredaran Bahan Pakan/Pakan, Benih/Bibit Hijauan Pakan Ternak\r',NULL,NULL),(1442,303,'01','Pemeriksaan Mutu, Khasiat dan Keamanan Peredaran Obat Hewan\r',NULL,NULL),(1443,303,'02','Penindakan atas Penyimpangan Penyediaan dan Peredaran Obat Hewan\r',NULL,NULL),(1444,304,'01','Penjaminan Peredaran Benih/Bibit Ternak\r',NULL,NULL),(1445,304,'02','Pengujian Mutu Benih dan Bibit Ternak\r',NULL,NULL),(1446,304,'03','Pengawasan Peredaran dan Sertifikasi Benih/Bibit Ternak\r',NULL,NULL),(1447,304,'04','Penjaminan Peredaran HPT, Bahan Pakan/Pakan\r',NULL,NULL),(1448,304,'05','Pengendalian Penyediaan Benih/Bibit Ternak dan Hijauan Pakan Ternak\r',NULL,NULL),(1449,304,'06','Pengawasan Produksi Benih/Bibit Ternak dan HPT, Bahan Pakan/Pakan\r',NULL,NULL),(1450,305,'01','Pengadaan Benih/Bibit Ternak yang Sumbernya dari Daerah Kabupaten/Kota Lain\r',NULL,NULL),(1451,305,'02','Pengadaan Hijauan Pakan Ternak yang Sumbernya dari Daerah Kabupaten/Kota Lain\r',NULL,NULL),(1452,306,'01','Pengelolaan Lahan Pertanian Pangan Berkelanjutan/LP2B, Kawasan Pertanian Pangan Berkelanjutan/KP2B dan Lahan Cadangan Pertanian Pangan Berkelanjutan/LCP2B\r',NULL,NULL),(1453,306,'02','Penyusunan Peta Lahan Pertanian Pangan Berkelanjutan/LP2B\r',NULL,NULL),(1454,306,'03','Koordinasi dan Sinkronisasi Prasarana Pendukung Pertanian lainnya\r',NULL,NULL),(1455,306,'04','Penyusunan Masterplan Pengembangan Prasarana, Sarana, Kawasan dan Komoditas Perkebunan\r',NULL,NULL),(1456,307,'01','Pembangunan, Rehabilitasi dan Pemeliharaan Jaringan Irigasi Usaha Tani\r',NULL,NULL),(1457,307,'02','Pembangunan, Rehabilitasi dan Pemeliharaan Embung Pertanian\r',NULL,NULL),(1458,307,'03','Pembangunan, Rehabilitasi dan Pemeliharaan Jalan Usaha Tani\r',NULL,NULL),(1459,307,'04','Pembangunan, Rehabilitasi dan Pemeliharaan DAM Parit\r',NULL,NULL),(1460,307,'05','Pembangunan, Rehabilitasi dan Pemeliharaan Long Storage\r',NULL,NULL),(1461,307,'06','Pembangunan, Rehabilitasi dan Pemeliharaan Pintu Air\r',NULL,NULL),(1462,307,'07','Pembangunan, Rehabilitasi dan Pemeliharaan Rumah Potong Hewan\r',NULL,NULL),(1463,307,'08','Pembangunan, Rehabilitasi dan Pemeliharaan Balai Penyuluh di Kecamatan serta sarana pendukungnya\r',NULL,NULL),(1464,307,'09','Pembangunan, Rehabilitasi dan Pemeliharaan Prasarana Pertanian Lainnya\r',NULL,NULL),(1465,308,'01','Pelestarian dan Pemanfaatan Wilayah Sumber Bibit Ternak dan Rumpun/Galur Ternak\r',NULL,NULL),(1466,308,'02','Pengawasan Wilayah Sumber Bibit Ternak dan Rumpun/Galur Ternak\r',NULL,NULL),(1467,309,'01','Identifikasi dan Penetapan Lahan Penggembalaan Umum\r',NULL,NULL),(1468,309,'02','Pengelolaan Lahan Penggembalaan Umum\r',NULL,NULL),(1469,309,'03','Pembinaan dan Pengawasan Lahan Penggembalaan Umum\r',NULL,NULL),(1470,310,'01','Pengendalian dan Penanggulangan Penyakit Hewan dan Zoonosis\r',NULL,NULL),(1471,310,'02','Pembebasan Penyakit Hewan Menular dalam 1 (satu) Daerah Kabupaten/Kota\r',NULL,NULL),(1472,310,'03','Penanggulangan Daerah Terdampak Wabah Penyakit Hewan Menular\r',NULL,NULL),(1473,311,'01','Penilaian Risiko Penyakit Hewan dan Keamanan Produk Hewan\r',NULL,NULL),(1474,311,'02','Pengawasan atas Penerapan Persyaratan Teknis untuk Pemasukan dan/atau Pengeluaran Hewan dan Produk Hewan\r',NULL,NULL),(1475,311,'03','Pemeriksaan Kesehatan Hewan dan Produk Hewan di Perbatasan Lintas Daerah Kabupaten/Kota\r',NULL,NULL),(1476,312,'01','Penyediaan Pelayanan Jasa Laboratorium\r',NULL,NULL),(1477,312,'02','Penyediaan Pelayanan Jasa Medik Veteriner\r',NULL,NULL),(1478,313,'01','Pendampingan Unit Usaha Hewan dan Produk Hewan\r',NULL,NULL),(1479,313,'02','Pengawasan Peredaran Hewan dan Produk Hewan\r',NULL,NULL),(1480,313,'03','Penetapan Pemenuhan Persyaratan Teknis\r',NULL,NULL),(1481,313,'04','Pengujian Laboratorium Kesehatan Masyarakat Veteriner\r',NULL,NULL),(1482,314,'01','Pendampingan Penerapan Unit Kesejahteraan Hewan\r',NULL,NULL),(1483,314,'02','Penanganan atas Pelanggaran Kesejahteraan Hewan sesuai Kewenangannya\r',NULL,NULL),(1484,315,'01','Pengendalian Organisme Pengganggu Tumbuhan (OPT) Tanaman Pangan, Hortikultura, dan Perkebunan\r',NULL,NULL),(1485,315,'02','Penanganan Dampak Perubahan Iklim (DPI) Tanaman Pangan, Hortikultura, dan Perkebunan\r',NULL,NULL),(1486,315,'03','Pencegahan, Penanganan Kebakaran Lahan, dan Gangguan Usaha Tanaman Pangan, Hortikultura, dan Perkebunan\r',NULL,NULL),(1487,315,'04','Penanggulangan Bencana Non Alam yang Bersifat Zoonosis\r',NULL,NULL),(1488,315,'05','Penanggulangan Pasca Bencana Alam Bidang Tanaman Pangan, Hortikultura, Perkebunan, Peternakan dan Kesehatan Hewan\r',NULL,NULL),(1489,316,'01','Penyusunan Standar Pelayanan Publik Pemberian Izin Usaha Pertanian\r',NULL,NULL),(1490,316,'02','Penilaian Kelayakan dan Pemberian Pertimbangan Teknis Izin Usaha Pertanian\r',NULL,NULL),(1491,316,'03','Pembinaan dan Pengawasan Penerapan Izin Usaha Pertanian\r',NULL,NULL),(1492,317,'01','Penatausahaan Penerbitan Izin Usaha Produksi Benih/Bibit Ternak dan Pakan, Fasilitas Pemeliharaan Hewan, Rumah Sakit Hewan/Pasar Hewan, Rumah Potong Hewan\r',NULL,NULL),(1493,317,'02','Pengawasan Pelaksanaan Izin Usaha Produksi Benih/Bibit Ternak dan Pakan\r',NULL,NULL),(1494,317,'03','Pengawasan Pelaksanaan Izin Usaha Fasilitas Pemeliharaan Hewan\r',NULL,NULL),(1495,317,'04','Pengawasan Pelaksanaan Izin Usaha Rumah Sakit Hewan/Pasar Hewan\r',NULL,NULL),(1496,317,'05','Pengawasan Pelaksanaan Izin Usaha Rumah Potong Hewan\r',NULL,NULL),(1497,318,'01','Fasilitasi Pemenuhan Komitmen Penerbitan Izin Usaha Pengecer Obat Hewan\r',NULL,NULL),(1498,318,'02','Pengawasan Pelaksanaan Izin Usaha Pengecer Obat Hewan\r',NULL,NULL),(1499,319,'01','Peningkatan Kapasitas Kelembagaan Penyuluhan Pertanian di Kecamatan dan Desa\r',NULL,NULL),(1500,319,'02','Pengembangan Kapasitas Kelembagaan Petani di Kecamatan dan Desa\r',NULL,NULL),(1501,319,'03','Penyediaan dan Pemanfaatan Sarana dan Prasarana Penyuluhan Pertanian\r',NULL,NULL),(1502,319,'04','Pembentukan Badan Usaha Milik Petani\r',NULL,NULL),(1503,319,'05','Pembentukan dan Penyelenggaraan Sekolah Lapang Kelompok Tani Tingkat Kabupaten/Kota\r',NULL,NULL),(1504,320,'01','Pencegahan, Penanggulangan dan Pembatasan Kerusakan Kawasan TAHURA\r',NULL,NULL),(1505,320,'02','Pengamanan Kawasan TAHURA Kabupaten/Kota\r',NULL,NULL),(1506,320,'03','Pengawetan Tumbuhan, Satwa, serta Habitat TAHURA Kabupaten/Kota\r',NULL,NULL),(1507,320,'04','Pengawetan Koridor Hidupan Liar\r',NULL,NULL),(1508,320,'05','Pemulihan Ekosistem atau Penutupan Kawasan sesuai Rencana Pengelolaan TAHURA Kabupaten/Kota\r',NULL,NULL),(1509,320,'06','Pemanfaatan Jasa Lingkungan TAHURA Kabupaten/Kota\r',NULL,NULL),(1510,320,'07','Kerja Sama Penyelenggaraan TAHURA Kabupaten/Kota\r',NULL,NULL),(1511,320,'08','Penguatan Kapasitas dan Pemberdayaan Masyarakat di Sekitar TAHURA Kabupaten/Kota\r',NULL,NULL),(1512,320,'09','Pengelolaan Daerah Penyangga TAHURA Kabupaten/Kota\r',NULL,NULL),(1513,320,'10','Penyusunan Rencana Pengelolaan dan Penataan Blok TAHURA\r',NULL,NULL),(1514,320,'11','Perencanaan Pengelolaan TAHURA\r',NULL,NULL),(1515,321,'01','Penetapan Prosedur dan Persyaratan Izin Pemanfaatan Langsung Panas Bumi dalam Daerah Kabupaten/Kota\r',NULL,NULL),(1516,321,'02','Penyusunan Rekomendasi Perizinan dan Informasi Izin Pemanfaatan Langsung Panas Bumi dalam Daerah Kabupaten/Kota\r',NULL,NULL),(1517,321,'03','Pengendalian dan Pengawasan Pelaksanaan Perizinan Pemanfaatan Langsung Panas Bumi dalam Daerah Kabupaten/Kota\r',NULL,NULL),(1518,322,'01','Fasilitasi Pemenuhan Komitmen Perolehan Perizinan Pasar Rakyat, Pusat Perbelanjaan, dan Toko Swalayan melalui Sistem Pelayanan Perizinan Berusaha Terintegrasi Secara Elektronik\r',NULL,NULL),(1519,323,'01','Fasilitasi Penerbitan Tanda Daftar Gudang\r',NULL,NULL),(1520,324,'01','Fasilitasi Perizinan Surat Tanda Pendaftaran dan/atau Lanjutan Waralaba (STPW) Dalam Negeri Terintegrasi secara Elektronik\r',NULL,NULL),(1521,324,'02','Fasilitasi Pemenuhan Komitmen Perolehan Surat Tanda Pendaftaran dan/atau Lanjutan Waralaba (STPW) Dalam Negeri\r',NULL,NULL),(1522,325,'01','Sistem Pelayanan Perizinan Lanjutan Surat Tanda Pendaftaran dan/atau Lanjutan Waralaba (STPW) Terintegrasi secara Elektronik Luar Negeri\r',NULL,NULL),(1523,325,'02','Fasilitasi Pemenuhan Lanjutan Surat Tanda Pendaftaran dan/atau Lanjutan Waralaba (STPW) Luar Negeri\r',NULL,NULL),(1524,326,'01','Fasilitasi Penerbitan Surat Izin Usaha Perdagangan Minuman Beralkohol Golongan B dan C\r',NULL,NULL),(1525,327,'01','Pemeriksaan Penyimpanan Bahan Berbahaya\r',NULL,NULL),(1526,327,'02','Fasilitasi Pemenuhan Komitmen Pemeriksaan Distribusi Bahan Berbahaya bagi P-B2 dan PA-B2\r',NULL,NULL),(1527,327,'03','Pengawasan Distribusi, Pengemasan dan Pelabelan Bahan Berbahaya terhadap Pengguna Akhir Bahan Berbahaya (PA-B2) maupun Produsen B2 (P-B2)\r',NULL,NULL),(1528,328,'01','Koordinasi dan Sinkronisasi Layanan Penerbitan SKA\r',NULL,NULL),(1529,329,'01','Penyediaan Sarana Distribusi Perdagangan\r',NULL,NULL),(1530,329,'02','Fasilitasi Pengelolaan Sarana Distribusi Perdagangan\r',NULL,NULL),(1531,330,'01','Pembinaan dan Pengendalian Pengelola Sarana Distribusi Perdagangan\r',NULL,NULL),(1532,330,'02','Pemberdayaan Pengelola Sarana Distribusi Perdagangan\r',NULL,NULL),(1533,331,'01','Koordinasi dan Sinkronisasi Ketersediaan Barang Kebutuhan Pokok dan Barang Penting di Tingkat Agen dan Pasar Rakyat\r',NULL,NULL),(1534,331,'02','Koordinasi dan Sinkronisasi Peningkatan Aksesibilitas Barang Kebutuhan Pokok dan Barang Penting di Tingkat Agen dan Pasar Rakyat\r',NULL,NULL),(1535,331,'03','Pengendalian Ketersediaan Barang Kebutuhan Pokok dan Barang Penting di Tingkat Agen dan Pasar Rakyat\r',NULL,NULL),(1536,332,'01','Pemantauan Harga dan Stok Barang Kebutuhan Pokok dan Barang Penting pada Pelaku Usaha Distribusi Barang dalam 1 (Satu) Kabupaten/Kota\r',NULL,NULL),(1537,332,'02','Pemantauan Harga dan Stok Barang Kebutuhan Pokok dan Barang Penting Pada Pasar Rakyat yang Terintegrasi dalam Sistem Informasi Perdagangan\r',NULL,NULL),(1538,332,'03','Pelaksanaan Operasi Pasar Reguler dan Pasar Khusus yang Berdampak dalam 1 (satu) Kabupaten/Kota\r',NULL,NULL),(1539,333,'01','Pemeriksaan Kelengkapan Legalitas Dokumen Perizinan\r',NULL,NULL),(1540,333,'02','Pengawasan Pengadaan Pupuk dan Pestisida Bersubsidi\r',NULL,NULL),(1541,333,'03','Pengawasan Penyaluran dan Penggunaan Pupuk dan Pestisida Bersubsidi\r',NULL,NULL),(1542,334,'01','Pembinaan dan Pengembangan Usaha Produk Ekspor Unggulan Kabupaten/Kota\r',NULL,NULL),(1543,334,'02','Pameran Dagang Nasional\r',NULL,NULL),(1544,334,'03','Pameran Dagang Lokal\r',NULL,NULL),(1545,334,'04','Misi Dagang bagi Produk Ekspor Unggulan\r',NULL,NULL),(1546,334,'05','Peningkatan Citra Produk Ekspor\r',NULL,NULL),(1547,334,'06','Pembinaan Pelaku Usaha Ekspor\r',NULL,NULL),(1548,335,'01','Pelaksanaan Metrologi Legal berupa, Tera, Tera Ulang\r',NULL,NULL),(1549,335,'02','Pengawasan/Penyuluhan Metrologi Legal\r',NULL,NULL),(1550,335,'03','Penyidikan Metrologi Legal\r',NULL,NULL),(1551,336,'01','Pelaksanaan Promosi Penggunaan Produk Dalam Negeri di Tingkat Kabupaten/Kota\r',NULL,NULL),(1552,336,'02','Pemasaran dan Peningkatan Penggunaan Produk Dalam Negeri di Tingkat Kabupaten/Kota\r',NULL,NULL),(1553,336,'03','Peningkatan Sistem dan Jaringan Informasi Perdagangan\r',NULL,NULL),(1554,337,'01','Penyusunan Rencana Pembangunan Industri Kabupaten/Kota\r',NULL,NULL),(1555,337,'02','Koordinasi, Sinkronisasi, dan Pelaksanaan Kebijakan Percepatan Pengembangan, Penyebaran dan Perwilayahan Industri\r',NULL,NULL),(1556,337,'03','Koordinasi, Sinkronisasi, dan Pelaksanaan Pembangunan Sumber Daya Industri\r',NULL,NULL),(1557,337,'04','Koordinasi, Sinkronisasi, dan Pelaksanaan Pembangunan Sarana dan Prasarana Industri\r',NULL,NULL),(1558,337,'05','Koordinasi, Sinkronisasi, dan Pelaksanaan Pemberdayaan Industri dan Peran Serta Masyarakat\r',NULL,NULL),(1559,337,'06','Evaluasi terhadap Pelaksanaan Rencana Pembangunan Industri\r',NULL,NULL),(1560,338,'01','Fasilitasi Pemenuhan Komitmen Perolehan IUI, IPUI, IUKI dan IPKI Kewenangan Kabupaten/Kota dalam Sistem Informasi Industri Nasional (SIINas) yang Terintegrasi dengan Sistem Pelayanan Perizinan Berusaha Terintegrasi secara Elektronik Berbasis Sistem Informasi Industri Nasional (SIINAS)\r',NULL,NULL),(1561,338,'02','Koordinasi dan Sinkronisasi Pengawasan Perizinan di Bidang Industri dalam Lingkup IUI, IPUI, IUKI dan IPKI Kewenangan Kabupaten/Kota Berbasis Sistem Informasi Industri Nasional (SIINAS)\r',NULL,NULL),(1562,339,'01','Fasilitasi Pengumpulan, Pengolahan dan Analisis Data Industri, Data Kawasan Industri serta Data Lain Lingkup Kabupaten/Kota melalui Sistem Informasi Industri Nasional (SIINas)\r',NULL,NULL),(1563,339,'02','Diseminasi dan Publikasi Data Informasi dan Analisa Industri Kabupaten/Kota melalui SIINas\r',NULL,NULL),(1564,339,'03','Pemantauan dan Evaluasi Kepatuhan Perusahaan Industri dan Perusahaan Kawasan Industri Lingkup Kabupaten/Kota dalam Penyampaian Data ke SIINas\r',NULL,NULL),(1565,340,'01','Identifikasi Potensi Kawasan Transmigrasi\r',NULL,NULL),(1566,340,'02','Advokasi dan Musyawarah Penetapan Kawasan\r',NULL,NULL),(1567,340,'03','Penyediaan Tanah untuk Pembangunan Kawasan Transmigrasi\r',NULL,NULL),(1568,340,'04','Penatausahaan Pencadangan Tanah untuk Kawasan Transmigrasi\r',NULL,NULL),(1569,341,'01','Koordinasi dan Sinkronisasi Kerjasama Pembangunan Transmigrasi yang Berasal dari 1 (satu) Daerah Kabupaten/Kota\r',NULL,NULL),(1570,341,'02','Penyiapan Lingkungan Hunian Fisik, Sosial, Ekonomi bagi Penduduk Setempat dan Transmigran\r',NULL,NULL),(1571,341,'03','Pelaksanaan Penataan Penduduk Setempat Sekitar Lokasi Kawasan Transmigrasi\r',NULL,NULL),(1572,341,'04','Pemindahan dan Penempatan Transmigran yang berasal dari 1 (satu) Daerah Kabupaten/Kota\r',NULL,NULL),(1573,341,'05','Penyuluhan Transmigrasi\r',NULL,NULL),(1574,341,'06','Pelatihan Transmigrasi\r',NULL,NULL),(1575,341,'07','Penyesuaian Lingkungan Baru Transmigran di Kawasan Transmigrasi\r',NULL,NULL),(1576,342,'01','Penguatan SDM dalam rangka Kemandirian Satuan Pemukiman\r',NULL,NULL),(1577,342,'02','Penguatan Infrastruktur Sosial, Ekonomi dan Kelembagaan dalam rangka Kemandirian Satuan Pemukiman\r',NULL,NULL),(1578,343,'01','Penataan Administrasi Pemerintahan\r',NULL,NULL),(1579,343,'02','Pengelolaan Administrasi Kewilayahan\r',NULL,NULL),(1580,343,'03','Fasilitasi Pelaksanaan Otonomi Daerah\r',NULL,NULL),(1581,344,'01','Fasilitasi Pengelolaan Bina Mental Spiritual\r',NULL,NULL),(1582,344,'02','Pelaksanaan Kebijakan, Evaluasi, dan Capaian Kinerja terkait Kesejahteraan Sosial\r',NULL,NULL),(1583,344,'03','Pelaksanaan Kebijakan, Evaluasi, dan Capaian Kinerja terkait Kesejahteraan Masyarakat\r',NULL,NULL),(1584,345,'01','Fasilitasi Penyusunan Produk Hukum Daerah\r',NULL,NULL),(1585,345,'02','Fasilitasi Bantuan Hukum\r',NULL,NULL),(1586,345,'03','Pendokumentasian Produk Hukum dan Pengelolaan Informasi Hukum\r',NULL,NULL),(1587,346,'01','Fasilitasi Kerja Sama Dalam Negeri\r',NULL,NULL),(1588,346,'02','Fasilitasi Kerja Sama Luar Negeri\r',NULL,NULL),(1589,346,'03','Evaluasi Pelaksanaan Kerja Sama\r',NULL,NULL),(1590,347,'01','Koordinasi, Sinkronisasi, Monitoring dan Evaluasi Kebijakan Pengelolaan BUMD dan BLUD\r',NULL,NULL),(1591,347,'02','Pengendalian dan Distribusi Perekonomian\r',NULL,NULL),(1592,347,'03','Perencanaan dan Pengawasan Ekonomi Mikro kecil\r',NULL,NULL),(1593,347,'04','Koordinasi, Sinkronisasi dan Evaluasi Kebijakan Pembentukan BLUD\r',NULL,NULL),(1594,347,'05','Koordinasi, Sinkronisasi dan Evaluasi Kebijakan Pendirian BUMD\r',NULL,NULL),(1595,348,'01','Fasilitasi Penyusunan Program Pembangunan\r',NULL,NULL),(1596,348,'02','Pengendalian dan Evaluasi Program Pembangunan\r',NULL,NULL),(1597,348,'03','Pengelolaan Evaluasi dan Pelaporan Pelaksanaan Pembangunan\r',NULL,NULL),(1598,349,'01','Pengelolaan Pengadaan Barang dan Jasa\r',NULL,NULL),(1599,349,'02','Pengelolaan Layanan Pengadaan secara Elektronik\r',NULL,NULL),(1600,349,'03','Pembinaan dan Advokasi Pengadaan Barang dan Jasa\r',NULL,NULL),(1601,350,'01','Koordinasi, Sinkronisasi dan Evaluasi Kebijakan Pertanian, Kehutanan, Kelautan, dan Perikanan\r',NULL,NULL),(1602,350,'02','Koordinasi, Sinkronisasi dan Evaluasi Kebijakan Pertambangan dan Lingkungan Hidup\r',NULL,NULL),(1603,350,'03','Koordinasi, Sinkronisasi dan Evaluasi Kebijakan Energi dan Air\r',NULL,NULL),(1604,351,'01','Penyusunan dan Pembahasan Program Pembentukan Peraturan Daerah\r',NULL,NULL),(1605,351,'02','Pembahasan Rancangan Perda\r',NULL,NULL),(1606,351,'03','Penyelenggaraan Kajian Perundang-Undangan\r',NULL,NULL),(1607,351,'04','Fasilitasi Penyusunan Penjelasan/Keterangan Naskah Akademik\r',NULL,NULL),(1608,351,'05','Penyusunan Tata Tertib DPRD\r',NULL,NULL),(1609,352,'01','Pembahasan KUA dan PPAS\r',NULL,NULL),(1610,352,'02','Pembahasan Perubahan KUA dan Perubahan PPAS\r',NULL,NULL),(1611,352,'03','Pembahasan APBD\r',NULL,NULL),(1612,352,'04','Pembahasan APBD Perubahan\r',NULL,NULL),(1613,352,'05','Pembahasan Laporan Semester\r',NULL,NULL),(1614,352,'06','Pembahasan Pertanggungjawaban APBD\r',NULL,NULL),(1615,353,'01','Pengawasan Urusan Pemerintahan bidang Pemerintahan dan Hukum\r',NULL,NULL),(1616,353,'02','Pengawasan Urusan Pemerintahan Bidang Infrastruktur\r',NULL,NULL),(1617,353,'03','Pengawasan Urusan Pemerintahan Bidang Kesejahteraan Rakyat\r',NULL,NULL),(1618,353,'04','Pengawasan Urusan Pemerintahan Bidang Perekonomian\r',NULL,NULL),(1619,353,'05','Pengawasan Urusan Pemerintahan Bidang Sumber Daya Alam\r',NULL,NULL),(1620,353,'06','Pengawasan Tindak Lanjut Hasil Pemeriksaan Laporan Keuangan oleh Badan Pemeriksa Keuangan\r',NULL,NULL),(1621,353,'07','Pengawasan Penggunaan Anggaran\r',NULL,NULL),(1622,353,'08','Pembahasan Laporan Keterangan Pertanggungjawaban Kepala Daerah\r',NULL,NULL),(1623,354,'01','Orientasi DPRD\r',NULL,NULL),(1624,354,'02','Pendalaman Tugas DPRD\r',NULL,NULL),(1625,354,'03','Publikasi dan Dokumentasi Dewan\r',NULL,NULL),(1626,354,'04','Penyediaan Kelompok Pakar dan Tim Ahli\r',NULL,NULL),(1627,354,'05','Penyediaan Tenaga Ahli Fraksi\r',NULL,NULL),(1628,354,'06','Penyelenggaraan Hubungan Masyarakat\r',NULL,NULL),(1629,354,'07','Penyusunan Program Kerja DPRD\r',NULL,NULL),(1630,355,'01','Kunjungan Kerja dalam Daerah\r',NULL,NULL),(1631,355,'02','Penyusunan Pokok-Pokok Pikiran DPRD\r',NULL,NULL),(1632,355,'03','Pelaksanaan Reses\r',NULL,NULL),(1633,356,'01','Penyusunan Kode Etik DPRD\r',NULL,NULL),(1634,356,'02','Pengawasan Kode Etik DPRD\r',NULL,NULL),(1635,357,'01','Fasilitasi, Verifikasi, dan Koordinasi Persetujuan Kerjasama Daerah\r',NULL,NULL),(1636,357,'02','Penyusunan Bahan Komunikasi dan Publikasi\r',NULL,NULL),(1637,358,'01','Koordinasi dan Konsultasi Pelaksanaan Tugas DPRD\r',NULL,NULL),(1638,358,'02','Penyusunan Laporan Kinerja DPRD\r',NULL,NULL),(1639,358,'03','Fasilitasi Pelaksanaan Tugas Badan Musyawarah\r',NULL,NULL),(1640,358,'04','Fasilitasi Tugas Pimpinan DPRD\r',NULL,NULL),(1641,359,'01','Analisis Kondisi Daerah, Permasalahan, dan Isu Strategis Pembangunan Daerah\r',NULL,NULL),(1642,359,'02','Koordinasi Penelaahan Dokumen Perencanaan Pembangunan Daerah dengan Dokumen Kebijakan Lainnya\r',NULL,NULL),(1643,359,'03','Pelaksanaan Konsultasi Publik\r',NULL,NULL),(1644,359,'04','Koordinasi Pelaksanaan Forum SKPD/Lintas SKPD\r',NULL,NULL),(1645,359,'05','Pelaksanaan Musrenbang Kabupaten/Kota\r',NULL,NULL),(1646,359,'06','Penyiapan Bahan Koordinasi Musrenbang Kecamatan\r',NULL,NULL),(1647,359,'07','Koordinasi Penyusunan dan Penetapan Dokumen Perencanaan Pembangunan Daerah Kabupaten/Kota\r',NULL,NULL),(1648,360,'01','Analisis Data dan Informasi Perencanaan Pembangunan Daerah\r',NULL,NULL),(1649,360,'02','Pembinaan dan Pemanfaatan Data dan Informasi Perencanaan Pembangunan SKPD\r',NULL,NULL),(1650,360,'03','Penyusunan Profil Pembangunan Daerah Kabupaten/Kota\r',NULL,NULL),(1651,361,'01','Koordinasi Pengendalian Perencanaan dan Pelaksanaan Pembangunan Daerah di Kabupaten/Kota\r',NULL,NULL),(1652,361,'02','Pengendalian Pelaksanaan Kerjasama Daerah\r',NULL,NULL),(1653,361,'03','Monitoring, Evaluasi dan Penyusunan Laporan Berkala Pelaksanaan Pembangunan Daerah\r',NULL,NULL),(1654,362,'01','Koordinasi Penyusunan Dokumen Perencanaan Pembangunan Daerah Bidang Pemerintahan (RPJPD, RPJMD dan RKPD)\r',NULL,NULL),(1655,362,'02','Asistensi Penyusunan Dokumen Perencanaan Pembangunan Perangkat Daerah Bidang Pemerintahan\r',NULL,NULL),(1656,362,'03','Pelaksanaan Monitoring dan Evaluasi Penyusunan Dokumen Perencanaan Pembangunan Perangkat Daerah Bidang Pemerintahan\r',NULL,NULL),(1657,362,'04','Koordinasi Pelaksanaan Sinergitas dan Harmonisasi Perencanaan Pembangunan Daerah Bidang Pemerintahan\r',NULL,NULL),(1658,362,'05','Koordinasi Penyusunan Dokumen Perencanaan Pembangunan Daerah Bidang Pembangunan Manusia (RPJPD, RPJMD dan RKPD)\r',NULL,NULL),(1659,362,'06','Asistensi Penyusunan Dokumen Perencanaan Pembangunan Perangkat Daerah Bidang Pembangunan Manusia\r',NULL,NULL),(1660,362,'07','Pelaksanaan Monitoring dan Evaluasi Penyusunan Dokumen Perencanaan Pembangunan Perangkat Daerah Bidang Pembangunan Manusia\r',NULL,NULL),(1661,362,'08','Koordinasi Pelaksanaan Sinergitas dan Harmonisasi Perencanaan Pembangunan Daerah Bidang Pembangunan Manusia\r',NULL,NULL),(1662,363,'01','Koordinasi Penyusunan Dokumen Perencanaan Pembangunan Daerah Bidang Perekonomian (RPJPD, RPJMD dan RKPD)\r',NULL,NULL),(1663,363,'02','Asistensi Penyusunan Dokumen Perencanaan Pembangunan Perangkat Daerah Bidang Perekonomian\r',NULL,NULL),(1664,363,'03','Pelaksanaan Monitoring dan Evaluasi Penyusunan Dokumen Perencanaan Pembangunan Perangkat Daerah Bidang Perekonomian\r',NULL,NULL),(1665,363,'04','Koordinasi Pelaksanaan Sinergitas dan Harmonisasi Perencanaan Pembangunan Daerah Bidang Perekonomian\r',NULL,NULL),(1666,363,'05','Koordinasi Penyusunan Dokumen Perencanaan Pembangunan Daerah Bidang SDA (RPJPD, RPJMD dan RKPD)\r',NULL,NULL),(1667,363,'06','Asistensi Penyusunan Dokumen Perencanaan Pembangunan Perangkat Daerah Bidang SDA\r',NULL,NULL),(1668,363,'07','Pelaksanaan Monitoring dan Evaluasi Penyusunan Dokumen Perencanaan Pembangunan Perangkat Daerah Bidang SDA\r',NULL,NULL),(1669,363,'08','Koordinasi Pelaksanaan Sinergitas dan Harmonisasi Perencanaan Pembangunan Daerah Bidang SDA\r',NULL,NULL),(1670,364,'01','Koordinasi Penyusunan Dokumen Perencanaan Pembangunan Daerah Bidang Infrastruktur (RPJPD, RPJMD dan RKPD)\r',NULL,NULL),(1671,364,'02','Asistensi Penyusunan Dokumen Perencanaan Pembangunan Perangkat Daerah Bidang Infrastruktur\r',NULL,NULL),(1672,364,'03','Pelaksanaan Monitoring dan Evaluasi Penyusunan Dokumen Perencanaan Pembangunan Perangkat Daerah Bidang Infrastruktur\r',NULL,NULL),(1673,364,'04','Koordinasi Pelaksanaan Sinergitas dan Harmonisasi Perencanaan Pembangunan Daerah Bidang Infrastruktur\r',NULL,NULL),(1674,364,'05','Koordinasi Penyusunan Dokumen Perencanaan Pembangunan Daerah Bidang Kewilayahan (RPJPD, RPJMD dan RKPD)\r',NULL,NULL),(1675,364,'06','Asistensi Penyusunan Dokumen Perencanaan Pembangunan Perangkat Daerah Bidang Kewilayahan\r',NULL,NULL),(1676,364,'07','Pelaksanaan Monitoring dan Evaluasi Penyusunan Dokumen Perencanaan Pembangunan Perangkat Daerah Bidang Kewilayahan\r',NULL,NULL),(1677,364,'08','Koordinasi Pelaksanaan Sinergitas dan Harmonisasi Perencanaan Pembangunan Daerah Bidang Kewilayahan\r',NULL,NULL),(1678,365,'01','Koordinasi dan Penyusunan KUA dan PPAS\r',NULL,NULL),(1679,365,'02','Koordinasi dan Penyusunan Perubahan KUA dan Perubahan PPAS\r',NULL,NULL),(1680,365,'03','Koordinasi, Penyusunan dan Verifikasi RKA-SKPD\r',NULL,NULL),(1681,365,'04','Koordinasi, Penyusunan dan Verifikasi Perubahan RKA-SKPD\r',NULL,NULL),(1682,365,'05','Koordinasi, Penyusunan dan Verifikasi DPA-SKPD\r',NULL,NULL),(1683,365,'06','Koordinasi, Penyusunan dan Verifikasi Perubahan DPA-SKPD\r',NULL,NULL),(1684,365,'07','Koordinasi dan Penyusunan Peraturan Daerah tentang APBD dan Peraturan Kepala Daerah tentang Penjabaran APBD\r',NULL,NULL),(1685,365,'08','Koordinasi dan Penyusunan Peraturan Daerah tentang Perubahan APBD dan Peraturan Kepala Daerah tentang Penjabaran Perubahan APBD\r',NULL,NULL),(1686,365,'09','Koordinasi dan Penyusunan Regulasi serta Kebijakan Bidang Anggaran\r',NULL,NULL),(1687,365,'10','Koordinasi Perencanaan Anggaran Pendapatan\r',NULL,NULL),(1688,365,'11','Koordinasi Perencanaan Anggaran Belanja Daerah\r',NULL,NULL),(1689,365,'12','Koordinasi Perencanaan Anggaran Pembiayaan\r',NULL,NULL),(1690,365,'13','Pembinaan Perencanaan Penganggaran Daerah Pemerintah Kabupaten/Kota\r',NULL,NULL),(1691,366,'01','Koordinasi dan Pengelolaan Kas Daerah\r',NULL,NULL),(1692,366,'02','Pengelolaan Sisa Lebih Perhitungan Anggaran Tahun Sebelumnya\r',NULL,NULL),(1693,366,'03','Penyiapan, Pelaksanaan Pengendalian dan Penerbitan Anggaran Kas dan SPD\r',NULL,NULL),(1694,366,'04','Penatausahaan Pembiayaan Daerah\r',NULL,NULL),(1695,366,'05','Koordinasi, Fasilitasi, Asistensi, Sinkronisasi, Supervisi, Monitoring dan Evaluasi Pengelolaan Dana Perimbangan dan Dana Transfer Lainnya\r',NULL,NULL),(1696,366,'06','Koordinasi, Pelaksanaan Kerjasama dan Pemantauan Transaksi Non Tunai dengan Lembaga Keuangan Bank dan Lembaga Keuangan Bukan Bank\r',NULL,NULL),(1697,366,'07','Koordinasi dan Penyusunan Laporan Realisasi Penerimaan dan Pengeluaran Kas Daerah, Laporan Aliran Kas, dan Pelaksanaan Pemungutan/Pemotongan dan Penyetoran Perhitungan Fihak Ketiga (PFK)\r',NULL,NULL),(1698,366,'08','Koordinasi Pelaksanaan Piutang dan Utang Daerah yang Timbul Akibat Pengelolaan Kas, Pelaksanaan Analisis Pembiayaan dan Penempatan Uang Daerah sebagai Optimalisasi Kas\r',NULL,NULL),(1699,366,'09','Rekonsiliasi Data Penerimaan dan Pengeluaran Kas serta Pemungutan dan Pemotongan Atas SP2D dengan Instansi Terkait\r',NULL,NULL),(1700,366,'10','Penyusunan Petunjuk Teknis Administrasi Keuangan yang Berkaitan dengan Penerimaan dan Pengeluaran Kas Serta Penatausahaan dan Pertanggungjawaban Sub Kegiatan\r',NULL,NULL),(1701,366,'11','Pembinaan Penatausahaan Keuangan Pemerintah Kabupaten/Kota\r',NULL,NULL),(1702,367,'01','Koordinasi Pelaksanaan Akuntansi Penerimaan dan Pengeluaran Kas Daerah\r',NULL,NULL),(1703,367,'02','Rekonsiliasi dan Verifikasi Aset, Kewajiban, Ekuitas, Pendapatan, Belanja, Pembiayaan, Pendapatan-LO dan Beban\r',NULL,NULL),(1704,367,'03','Koordinasi Penyusunan Laporan Pertanggungjawaban Pelaksanaan APBD Bulanan, Triwulanan dan Semesteran\r',NULL,NULL),(1705,367,'04','Konsolidasi Laporan Keuangan SKPD, BLUD dan Laporan Keuangan Pemerintah Daerah\r',NULL,NULL),(1706,367,'05','Koordinasi dan Penyusunan Rancangan Peraturan Daerah tentang Pertanggungjawaban Pelaksanaan APBD Kabupaten/Kota dan Rancangan Peraturan Kepala Daerah tentang Penjabaran Pertanggungjawaban Pelaksanaan APBD Kabupaten/Kota\r',NULL,NULL),(1707,367,'06','Penyusunan Tanggapan/Tindak Lanjut terhadap LHP BPK atas Laporan Pertanggungjawaban Pelaksanaan APBD\r',NULL,NULL),(1708,367,'07','Koordinasi, Sinkronisasi, dan Penyelesaian Tuntutan Perbendaharaan dan Tuntutan Kerugian Daerah\r',NULL,NULL),(1709,367,'08','Penyusunan Analisis Laporan Pertanggungjawaban Pelaksanaan APBD\r',NULL,NULL),(1710,367,'09','Penyusunan Kebijakan dan Panduan Teknis Operasional Penyelenggaraan Akuntansi Pemerintah Daerah\r',NULL,NULL),(1711,367,'10','Penyusunan Sistem dan Prosedur Akuntansi dan Pelaporan Keuangan Pemerintah Daerah\r',NULL,NULL),(1712,367,'11','Pembinaan Akuntansi, Pelaporan dan Pertanggungjawaban Pemerintah Kabupaten/Kota\r',NULL,NULL),(1713,367,'12','Pembinaan Pengelolaan Keuangan BLUD Kabupaten/Kota\r',NULL,NULL),(1714,367,'13','Koordinasi dan Penyusunan Statistik Keuangan Pemerintahan Daerah\r',NULL,NULL),(1715,368,'01','Pengelolaan Dana Cadangan Pemerintah Daerah\r',NULL,NULL),(1716,368,'02','Analisis Investasi Pemerintah Daerah\r',NULL,NULL),(1717,368,'03','Analisis Perencanaan dan Pelaksanaan Penerimaan Pinjaman Pemerintah Daerah\r',NULL,NULL),(1718,368,'04','Analisis Perencanaan dan Pelaksanaan Pembayaran Cicilan Pokok dan Bunga Pinjaman Pemerintah Daerah\r',NULL,NULL),(1719,368,'05','Analisis Perencanaan dan Pelaksanaan Pemberian Pinjaman Daerah\r',NULL,NULL),(1720,368,'06','Analisis Perencanaan dan Pelaksanaan Penerimaan Kembali Pinjaman Daerah\r',NULL,NULL),(1721,368,'07','Penyusunan Kebijakan dan Alokasi Subsidi\r',NULL,NULL),(1722,368,'08','Analisis Perencanaan dan Penyaluran Bantuan Keuangan\r',NULL,NULL),(1723,368,'09','Pengelolaan Dana Darurat dan Mendesak\r',NULL,NULL),(1724,368,'10','Pengelolaan Dana Bagi Hasil Kabupaten/Kota\r',NULL,NULL),(1725,369,'01','Inventarisasi dan Analisis Data Bidang Keuangan Daerah\r',NULL,NULL),(1726,369,'02','Implementasi dan Pemeliharaan Sistem Informasi Pemerintah Daerah Bidang Keuangan Daerah\r',NULL,NULL),(1727,369,'03','Pembinaan Sistem Informasi Pemerintah Daerah Bidang Keuangan Daerah Pemerintah Kabupaten/Kota\r',NULL,NULL),(1728,370,'01','Penyusunan Standar Harga\r',NULL,NULL),(1729,370,'02','Penyusunan Standar Barang Milik Daerah dan Standar Kebutuhan Barang Milik Daerah\r',NULL,NULL),(1730,370,'03','Penyusunan Perencanaan Kebutuhan Barang Milik Daerah\r',NULL,NULL),(1731,370,'04','Penyusunan Kebijakan Pengelolaan Barang Milik Daerah\r',NULL,NULL),(1732,370,'05','Penatausahaan Barang Milik Daerah\r',NULL,NULL),(1733,370,'06','Inventarisasi Barang Milik Daerah\r',NULL,NULL),(1734,370,'07','Pengamanan Barang Milik Daerah\r',NULL,NULL),(1735,370,'08','Penilaian Barang Milik Daerah\r',NULL,NULL),(1736,370,'09','Pengawasan dan Pengendalian Pengelolaan Barang Milik Daerah\r',NULL,NULL),(1737,370,'10','Optimalisasi Penggunaan, Pemanfaatan, Pemindahtanganan, Pemusnahan, dan Penghapusan Barang Milik Daerah\r',NULL,NULL),(1738,370,'11','Rekonsiliasi dalam rangka Penyusunan Laporan Barang Milik Daerah\r',NULL,NULL),(1739,370,'12','Penyusunan Laporan Barang Milik Daerah\r',NULL,NULL),(1740,370,'13','Pembinaan Pengelolaan Barang Milik Daerah Pemerintah Kabupaten/Kota\r',NULL,NULL),(1741,371,'01','Perencanaan pengelolaan pajak daerah\r',NULL,NULL),(1742,371,'02','Analisa dan Pengembangan Pajak Daerah, serta Penyusunan Kebijakan Pajak Daerah\r',NULL,NULL),(1743,371,'03','Penyuluhan dan Penyebarluasan Kebijakan Pajak Daerah\r',NULL,NULL),(1744,371,'04','Penyediaan Sarana dan Prasarana Pengelolaan Pajak Daerah\r',NULL,NULL),(1745,371,'05','Pendataan dan Pendaftaran Objek Pajak Daerah\r',NULL,NULL),(1746,371,'06','Pengolahan, Pemeliharaan, dan Pelaporan Basis Data Pajak Daerah\r',NULL,NULL),(1747,371,'07','Penilaian Pajak Bumi dan Bangunan Perdesaan dan Perkotaan (PBBP2) serta Bea Perolehan Hak atas Tanah dan Bangunan (BPHTB)\r',NULL,NULL),(1748,371,'08','Penetapan Wajib Pajak Daerah\r',NULL,NULL),(1749,371,'09','Pelayanan dan Konsultasi Pajak Daerah\r',NULL,NULL),(1750,371,'10','Penelitian dan Verifikasi Data Pelaporan Pajak Daerah\r',NULL,NULL),(1751,371,'11','Penagihan Pajak Daerah\r',NULL,NULL),(1752,371,'12','Penyelesaian Keberatan Pajak Daerah\r',NULL,NULL),(1753,371,'13','Pengendalian, Pemeriksaan dan Pengawasan Pajak Daerah\r',NULL,NULL),(1754,371,'14','Pembinaan dan Pengawasan Pengelolaan Pajak Daerah dan Retribusi Daerah\r',NULL,NULL),(1755,372,'01','Perumusan Bahan Kebijakan Pengadaan ASN\r',NULL,NULL),(1756,372,'02','Penyusunan Rencana Kebutuhan, Jenis dan Jumlah Jabatan untuk Pelaksanaan Pengadaan ASN\r',NULL,NULL),(1757,372,'03','Koordinasi dan Fasilitasi Pengadaan PNS dan PPPK\r',NULL,NULL),(1758,372,'04','Evaluasi Pengadaan ASN dan Pengadaan ASN\r',NULL,NULL),(1759,372,'05','Perumusan Bahan Kebijakan Pemberhentian ASN\r',NULL,NULL),(1760,372,'06','Koordinasi Pelaksanaan Administrasi Pemberhentian\r',NULL,NULL),(1761,372,'07','Evaluasi Pemberhentian ASN\r',NULL,NULL),(1762,372,'08','Fasilitasi Lembaga Profesi ASN\r',NULL,NULL),(1763,372,'09','Perumusan Bahan Kebijakan Pengelolaan Data dan Informasi ASN\r',NULL,NULL),(1764,372,'10','Pengelolaan Sistem Informasi Kepegawaian\r',NULL,NULL),(1765,372,'11','Pengelolaan Data Kepegawaian\r',NULL,NULL),(1766,372,'12','Evaluasi Data, Informasi dan Sistem Informasi Kepegawaian\r',NULL,NULL),(1767,373,'01','Pengelolaan Mutasi ASN\r',NULL,NULL),(1768,373,'02','Pengelolaan Kenaikan Pangkat ASN\r',NULL,NULL),(1769,373,'03','Pengelolaan Promosi ASN\r',NULL,NULL),(1770,374,'01','Peningkatan Kapasitas Kinerja ASN\r',NULL,NULL),(1771,374,'02','Pengelolaan Assessment Center\r',NULL,NULL),(1772,374,'03','Pengeloaan Administrasi Diklat dan Sertifikasi ASN\r',NULL,NULL),(1773,374,'04','Pengelolaan Pendidikan Lanjutan ASN\r',NULL,NULL),(1774,374,'05','Koordinasi dan Kerjasama Pelaksanaan Diklat\r',NULL,NULL),(1775,374,'06','Fasilitasi Sertifikasi Jabatan ASN\r',NULL,NULL),(1776,374,'07','Evaluasi Diklat dan Sertifikasi Jabatan ASN\r',NULL,NULL),(1777,374,'08','Penyusunan Administrasi Diklat dan Sertifikasi Jabatan Fungsional\r',NULL,NULL),(1778,374,'09','Koordinasi dan Kerjasama Pelaksanaan Diklat Jabatan Fungsional\r',NULL,NULL),(1779,374,'10','Fasilitasi Sertifikasi Fungsional ASN\r',NULL,NULL),(1780,374,'11','Evaluasi Diklat dan Sertfikasi Pejabat Fungsional\r',NULL,NULL),(1781,374,'12','Sosialisasi dan Penyebaran Informasi Jabatan Fungsional ASN\r',NULL,NULL),(1782,374,'13','Pembinaan Jabatan Fungsional ASN\r',NULL,NULL),(1783,374,'14','Fasilitasi Pengembangan Karir dalam Jabatan Fungsional\r',NULL,NULL),(1784,374,'15','Evaluasi Pengembangan Jabatan Fungsional\r',NULL,NULL),(1785,375,'01','Penyusunan Kebijakan Penilaian dan Evaluasi Kinerja Aparatur\r',NULL,NULL),(1786,375,'02','Pelaksanaan Penilaian dan Evaluasi Kinerja Aparatur\r',NULL,NULL),(1787,375,'03','Evaluasi Hasil Penilaian dan Evaluasi Kinerja Aparatur\r',NULL,NULL),(1788,375,'04','Pengelolaan Pemberian Penghargaan Bagi Pegawai\r',NULL,NULL),(1789,375,'05','Pengelolaan Tanda Jasa Bagi Pegawai\r',NULL,NULL),(1790,375,'06','Evaluasi Pelaksanaan Pemberian Penghargaan dan Tanda Jasa Aparatur\r',NULL,NULL),(1791,375,'07','Pembinaan Disiplin ASN\r',NULL,NULL),(1792,375,'08','Pengelolaan Penyelesaian Pelanggaran Disiplin ASN\r',NULL,NULL),(1793,375,'09','Pelayanan Proses Izin Perceraian Pegawai\r',NULL,NULL),(1794,375,'10','Evaluasi Disiplin ASN\r',NULL,NULL),(1795,376,'01','Penyusunan Kebijakan Teknis dan Rencana Pengembangan Kompetensi Teknis Umum, Inti, dan Pilihan bagi Jabatan Administrasi Penyelenggara Urusan Pemerintahan Konkuren, Perangkat Daerah Penunjang, dan Urusan Pemerintahan Umum\r',NULL,NULL),(1796,376,'02','Penyusunan Standar Perangkat Pembelajaran Pemerintahan Dalam Negeri Kompetensi Teknis Umum, Inti, dan Pilihan bagi Jabatan Administrasi Penyelenggara Urusan Pemerintahan Konkuren, Perangkat Daerah Penunjang, dan Urusan Pemerintahan Umum\r',NULL,NULL),(1797,376,'03','Penyelenggaraan Pengembangan Kompetensi Teknis Umum, Inti, dan Pilihan bagi Jabatan Administrasi Penyelenggara Urusan Pemerintahan Konkuren, Perangkat Daerah Penunjang, dan Urusan Pemerintahan Umum\r',NULL,NULL),(1798,376,'04','Pembinaan, Pengoordinasian, Fasilitasi, Pemantauan, Evaluasi, dan Pelaporan Pengembangan Kompetensi Teknis Umum, Inti, dan Pilihan bagi Jabatan Administrasi Penyelenggara Urusan Pemerintahan Konkuren, Perangkat Daerah Penunjang, dan Urusan Pemerintahan Umum\r',NULL,NULL),(1799,377,'01','Penyusunan Kebijakan Teknis dan Rencana Sertifikasi Kompetensi, Pengelolaan Kelembagaan, Tenaga Pengembang Kompetensi, Sumber Belajar, Kerjasama, Pengembangan Kompetensi Pimpinan Daerah, Jabatan Pimpinan Tinggi, Kepemimpinan dan Prajabatan,Sertajabatan Fungsional\r',NULL,NULL),(1800,377,'02','Pengelolaan Lembaga Sertifikasi Penyelenggara Pemerintahan Dalam Negeri Kabupaten/Kota\r',NULL,NULL),(1801,377,'03','Pelaksanaan Sertifikasi Kompetensi di Lingkungan Pemerintah Kabupaten/Kota\r',NULL,NULL),(1802,377,'04','Pengelolaan Kelembagaan, Tenaga Pengembang Kompetensi, dan Sumber Belajar\r',NULL,NULL),(1803,377,'05','Pelaksanaan Kerjasama Antar Lembaga\r',NULL,NULL),(1804,377,'06','Penyusunan Standar Perangkat Pembelajaran Pemerintahan Dalam Negeri bagi Pimpinan Daerah, Jabatan Pimpinan Tinggi, dan Jabatan Fungsional\r',NULL,NULL),(1805,377,'07','Penyelenggaraan Pengembangan Kompetensi bagi Pimpinan Daerah, Jabatan Pimpinan Tinggi, Jabatan Fungsional, Kepemimpinan, dan Prajabatan\r',NULL,NULL),(1806,377,'08','Pembinaan, Pengoordinasian, Fasilitasi, Pemantauan, Evaluasi, dan Pelaporan Pelaksanaan Sertifikasi, Pengelolaan Kelembagaan dan Tenaga Pengembang Kompetensi, Pengelolaan Sumber Belajar, dan Kerjasama, serta Pengembangan Kompetensi Pimpinan Daerah, Jabatan Pimpinan Tinggi, Kepemimpinan, dan Prajabatan\r',NULL,NULL),(1807,378,'01','Fasilitasi, Pelaksanaan dan Evaluasi Penelitian dan Pengembangan Bidang Penyelenggaraan Otonomi Daerah\r',NULL,NULL),(1808,378,'02','Fasilitasi, Pelaksanaan dan Evaluasi Penelitian dan Pengembangan Bidang Pemerintahan Umum\r',NULL,NULL),(1809,378,'03','Fasilitasi, Pelaksanaan dan Evaluasi Penelitian dan Pengembangan Bidang Kelembagaan dan Ketatalaksanaan\r',NULL,NULL),(1810,378,'04','Fasilitasi, Pelaksanaan dan Evaluasi Penelitian dan Pengembangan Bidang Aparatur dan Reformasi Birokrasi\r',NULL,NULL),(1811,378,'05','Fasilitasi, Pelaksanaan dan Evaluasi Penelitian dan Pengembangan Bidang Keuangan dan Aset Daerah, Reformasi Birokrasi\r',NULL,NULL),(1812,378,'06','Fasilitasi, Pelaksanaan dan Evaluasi Penelitian dan Pengembangan Bidang Ketertiban dan Ketentraman Umum dan Perlindungan Masyarakat\r',NULL,NULL),(1813,378,'07','Fasilitasi, Pelaksanaan dan Evaluasi Penelitian dan Pengembangan Bidang Penataan Kelembagaan Desa\r',NULL,NULL),(1814,378,'08','Fasilitasi, Pelaksanaan dan Evaluasi Penelitian dan Pengembangan Bidang Ketatalaksanaan Desa\r',NULL,NULL),(1815,378,'09','Fasilitasi, Pelaksanaan dan Evaluasi Penelitian dan Pengembangan Bidang Aparatur Desa\r',NULL,NULL),(1816,378,'10','Fasilitasi, Pelaksanaan dan Evaluasi Penelitian dan Pengembangan Bidang Keuangan dan Aset Desa\r',NULL,NULL),(1817,378,'11','Fasilitasi, Pelaksanaan dan Evaluasi Penelitian dan Pengembangan Bidang Badan Usaha Milik Desa\r',NULL,NULL),(1818,378,'12','Pengelolaan Data Kelitbangan dan Peraturan\r',NULL,NULL),(1819,378,'13','Perumusan Rekomendasi Atas Rencana Penetapan Peraturan Baru dan/atau Evaluasi terhadap Pelaksanaan Peraturan\r',NULL,NULL),(1820,378,'14','Fasilitasi dan Evaluasi Pelaksanaan Kegiatan Data dan Pengkajian Peraturan\r',NULL,NULL),(1821,378,'15','Fasilitasi Pemberian Rekomendasi Penelitian bagi Warga Negara Asing untuk Diterbitkannya Izin Penelitian oleh Instansi yang Berwenang\r',NULL,NULL),(1822,379,'01','Penelitian dan Pengembangan Bidang AspekAspek Sosial\r',NULL,NULL),(1823,379,'02','Penelitian dan Pengembangan Pemberdayaan Perempuan dan Perlindungan Anak\r',NULL,NULL),(1824,379,'03','Penelitian dan Pengembangan Pendidikan dan Kebudayaan\r',NULL,NULL),(1825,379,'04','Penelitian dan Pengembangan Kepemudaan dan Olahraga\r',NULL,NULL),(1826,379,'05','Penelitian dan Pengembangan Pariwisata\r',NULL,NULL),(1827,379,'06','Penelitian dan Pengembangan Kesehatan\r',NULL,NULL),(1828,379,'07','Penelitian dan Pengembangan Pengendalian Penduduk dan Keluarga Berencana\r',NULL,NULL),(1829,379,'08','Penelitian dan Pengembangan Administrasi Kependudukan dan Pencatatan Sipil\r',NULL,NULL),(1830,379,'09','Penelitian dan Pengembangan Tenaga Kerja\r',NULL,NULL),(1831,379,'10','Penelitian dan Pengembangan Partisipasi Masyarakat\r',NULL,NULL),(1832,379,'11','Penelitian dan Pengembangan Transmigrasi\r',NULL,NULL),(1833,380,'01','Penelitian dan Pengembangan Koperasi, Usaha Kecil dan Menengah\r',NULL,NULL),(1834,380,'02','Penelitian dan Pengembangan Perindustrian dan Perdagangan\r',NULL,NULL),(1835,380,'03','Penelitian dan Pengembangan Badan Usaha Milik Daerah\r',NULL,NULL),(1836,380,'04','Penelitian dan Pengembangan Pertanian, Perkebunan dan Pangan\r',NULL,NULL),(1837,380,'05','Penelitian dan Pengembangan Kelautan dan Perikanan\r',NULL,NULL),(1838,380,'06','Penelitian dan Pengembangan Energi dan Sumberdaya Mineral\r',NULL,NULL),(1839,380,'07','Penelitian dan Pengembangan Lingkungan Hidup\r',NULL,NULL),(1840,380,'08','Penelitian dan Pengembangan Kehutanan\r',NULL,NULL),(1841,380,'09','Penelitian dan Pengembangan Pekerjaan Umum\r',NULL,NULL),(1842,380,'10','Penelitian dan Pengembangan Perhubungan\r',NULL,NULL),(1843,380,'11','Penelitian dan Pengembangan Perumahan dan Kawasan Permukiman\r',NULL,NULL),(1844,380,'12','Penelitian dan Pengembangan Penataan Ruang dan Pertanahan\r',NULL,NULL),(1845,380,'13','Penelitian dan Pengembangan Komunikasi dan Informatika\r',NULL,NULL),(1846,381,'01','Penelitian, Pengembangan, dan Perekayasaan di Bidang Teknologi dan Inovasi\r',NULL,NULL),(1847,381,'02','Uji Coba dan Penerapan Rancang Bangun/Model Replikasi dan Invensi di Bidang Difusi Inovasi dan Penerapan Teknologi\r',NULL,NULL),(1848,381,'03','Diseminasi Jenis, Prosedur dan Metode Penyelenggaraan Pemerintahan Daerah Yang Bersifat Inovatif\r',NULL,NULL),(1849,381,'04','Sosialisasi dan Diseminasi Hasil-Hasil Kelitbangan\r',NULL,NULL),(1850,381,'05','Fasilitasi Hak Kekayaan Intelektual\r',NULL,NULL),(1851,382,'01','Koordinasi, Integrasi, dan Sinkronisasi Kebijakan Otonomi Daerah\r',NULL,NULL),(1852,382,'02','Penyusunan Rencana Aksi Pembangunan Kawasan Perbatasan\r',NULL,NULL),(1853,383,'01','Koordinasi, Integrasi, dan Sinkronisasi Pembangunan Kawasan Perbatasan\r',NULL,NULL),(1854,383,'02','Koordinasi, Integrasi, dan Sinkronisasi Pemanfaatan Kawasan Perbatasan\r',NULL,NULL),(1855,383,'03','Penjagaan dan Pemeliharaan Tanda Batas Wilayah Negara\r',NULL,NULL),(1856,383,'04','Penjagaan dan Pemeliharaan Tanda Batas Daerah\r',NULL,NULL),(1857,383,'05','Koordinasi Pelaksanaan Tugas Pembangunan di Kawasan Perbatasan di Wilayah Kabupaten/Kota\r',NULL,NULL),(1858,384,'01','Pengendalian dan Pengawasan serta Evaluasi Pelaksanaan Pembangunan Kawasan Perbatasan\r',NULL,NULL),(1859,384,'02','Pelaporan Pelaksanaan Pembangunan Kawasan Perbatasan\r',NULL,NULL),(1860,385,'01','Pengawasan Kinerja Pemerintah Daerah\r',NULL,NULL),(1861,385,'02','Pengawasan Keuangan Pemerintah Daerah\r',NULL,NULL),(1862,385,'03','Reviu Laporan Kinerja\r',NULL,NULL),(1863,385,'04','Reviu Laporan Keuangan\r',NULL,NULL),(1864,385,'05','Pengawasan Desa\r',NULL,NULL),(1865,385,'06','Kerjasama Pengawasan Internal\r',NULL,NULL),(1866,385,'07','Monitoring dan Evaluasi Tindak Lanjut Hasil Pemeriksaan BPK RI dan Tindak Lanjut Hasil Pemeriksaan APIP\r',NULL,NULL),(1867,386,'01','Penanganan Penyelesaian Kerugian Negara/Daerah\r',NULL,NULL),(1868,386,'02','Pengawasan Dengan Tujuan Tertentu\r',NULL,NULL),(1869,387,'01','Perumusan Kebijakan Teknis di Bidang Pengawasan\r',NULL,NULL),(1870,387,'02','Perumusan Kebijakan Teknis di Bidang Fasilitasi Pengawasan\r',NULL,NULL),(1871,388,'01','Pendampingan dan Asistensi Urusan Pemerintahan Daerah\r',NULL,NULL),(1872,388,'02','Pendampingan, Asistensi, Verifikasi, dan Penilaian Reformasi Birokrasi\r',NULL,NULL),(1873,388,'03','Koordinasi, Monitoring dan Evaluasi serta Verifikasi Pencegahan dan Pemberantasan Korupsi\r',NULL,NULL),(1874,388,'04','Pendampingan, Asistensi dan Verifikasi Penegakan Integritas\r',NULL,NULL),(1875,389,'01','Koordinasi/Sinergi Perencanaan dan Pelaksanaan Kegiatan Pemerintahan dengan Perangkat Daerah dan Instansi Vertikal Terkait\r',NULL,NULL),(1876,389,'02','Peningkatan Efektifitas Kegiatan Pemerintahan di Tingkat Kecamatan\r',NULL,NULL),(1877,390,'01','Perencanaan Kegiatan Pelayanan kepada Masyarakat di Kecamatan\r',NULL,NULL),(1878,390,'02','Fasilitasi Percepatan Pencapaian Standar Pelayanan Minimal di Wilayah Kecamatan\r',NULL,NULL),(1879,390,'03','Peningkatan Efektifitas Pelaksanaan Pelayanan kepada Masyarakat di Wilayah Kecamatan\r',NULL,NULL),(1880,391,'01','Koordinasi/Sinergi dengan Perangkat Daerah dan/atau Instansi Vertikal yang terkait dalam Pemeliharaan Sarana dan Prasarana Pelayanan Umum\r',NULL,NULL),(1881,391,'02','Pelaksanaan Pemeliharaan Prasarana dan Fasilitas Pelayanan Umum yang Melibatkan Pihak Swasta\r',NULL,NULL),(1882,392,'01','Pelaksanaan Urusan Pemerintahan yang terkait dengan Pelayanan Perizinan Non Usaha\r',NULL,NULL),(1883,392,'02','Pelaksanaan Urusan Pemerintahan yang terkait dengan Nonperizinan\r',NULL,NULL),(1884,392,'03','Pelaksanaan Urusan Pemerintahan yang terkait dengan Kewenangan Lain yang Dilimpahkan\r',NULL,NULL),(1885,393,'01','Peningkatan Partisipasi Masyarakat dalam Forum Musyawarah Perencanaan Pembangunan di Desa\r',NULL,NULL),(1886,393,'02','Sinkronisasi Program Kerja dan Kegiatan Pemberdayaan Masyarakat yang Dilakukan oleh Pemerintah dan Swasta di Wilayah Kerja Kecamatan\r',NULL,NULL),(1887,393,'03','Peningkatan Efektifitas Kegiatan Pemberdayaan Masyarakat di Wilayah Kecamatan\r',NULL,NULL),(1888,394,'01','Peningkatan Partisipasi Masyarakat dalam Forum Musyawarah Perencanaan Pembangunan di Kelurahan\r',NULL,NULL),(1889,394,'02','Pembangunan Sarana dan Prasarana Kelurahan\r',NULL,NULL),(1890,394,'03','Pemberdayaan Masyarakat di Kelurahan\r',NULL,NULL),(1891,394,'04','Evaluasi Kelurahan\r',NULL,NULL),(1892,395,'01','Penyelenggaraan Lembaga Kemasyarakatan\r',NULL,NULL),(1893,395,'02','Peningkatan Kapasitas Lembaga Kemasyarakatan\r',NULL,NULL),(1894,395,'03','Penyediaan Sarana dan Prasarana Lembaga Kemasyarakatan\r',NULL,NULL),(1895,395,'04','Fasilitasi Pengembangan Usaha Ekonomi Masyarakat\r',NULL,NULL),(1896,395,'05','Fasilitasi Pemanfaatan Teknologi Tepat Guna\r',NULL,NULL),(1897,396,'01','Sinergitas dengan Kepolisian Negara Republik Indonesia, Tentara Nasional Indonesia dan Instansi Vertikal di Wilayah Kecamatan\r',NULL,NULL),(1898,396,'02','Harmonisasi Hubungan Dengan Tokoh Agama dan Tokoh Masyarakat\r',NULL,NULL),(1899,397,'01','Koordinasi/Sinergi Dengan Perangkat Daerah yang Tugas dan Fungsinya di Bidang Penegakan Peraturan Perundang-Undangan dan/atau Kepolisian Negara Republik Indonesia\r',NULL,NULL),(1900,398,'01','Pembinaan Wawasan Kebangsaan dan Ketahanan Nasional dalam rangka Memantapkan Pengamalan Pancasila, Pelaksanaan UndangUndang Dasar Negara Republik Indonesia Tahun 1945, Pelestarian Bhinneka Tunggal Ika Serta Pemertahanan dan Pemeliharaan Keutuhan Negara Kesatuan Republik Indonesia\r',NULL,NULL),(1901,398,'02','Fasilitasi, Koordinasi dan Pembinaan (Bimtek, Sosialisasi, Konsultasi) Wawasan Kebangsaan dan Ketahanan Nasional\r',NULL,NULL),(1902,398,'03','Pembinaan Persatuan dan Kesatuan Bangsa\r',NULL,NULL),(1903,398,'04','Pembinaan Kerukunan Antarsuku dan Intrasuku, Umat Beragama, Ras, dan Golongan Lainnya Guna mewujudkan Stabilitas Keamanan Lokal, Regional, dan Nasional\r',NULL,NULL),(1904,398,'05','Penanganan Konflik Sosial sesuai Ketentuan Peraturan Perundang-Undangan\r',NULL,NULL),(1905,398,'06','Pengembangan Kehidupan Demokrasi Berdasarkan Pancasila\r',NULL,NULL),(1906,398,'07','Pelaksanaan Semua Urusan Pemerintahan yang Bukan Merupakan Kewenangan Daerah dan Tidak Dilaksanakan oleh Instansi Vertikal\r',NULL,NULL),(1907,398,'08','Pelaksanaan Tugas Forum Koordinasi Pimpinan di Kecamatan\r',NULL,NULL),(1908,399,'01','Fasilitasi Penyusunan Peraturan Desa dan Peraturan Kepala Desa\r',NULL,NULL),(1909,399,'02','Fasilitasi Administrasi Tata Pemerintahan Desa\r',NULL,NULL),(1910,399,'03','Fasilitasi Pengelolaan Keuangan Desa dan Pendayagunaan Aset Desa\r',NULL,NULL),(1911,399,'04','Fasilitasi Penerapan dan Penegakan Peraturan Perundang-Undangan\r',NULL,NULL),(1912,399,'05','Fasilitasi Pelaksanaan Tugas Kepala Desa dan Perangkat Desa\r',NULL,NULL),(1913,399,'06','Fasilitasi Pelaksanaan Pemilihan Kepala Desa\r',NULL,NULL),(1914,399,'07','Fasilitasi Pelaksanaan Tugas dan Fungsi Badan Permusyawaratan Desa\r',NULL,NULL),(1915,399,'08','Rekomendasi Pengangkatan dan Pemberhentian Perangkat Desa\r',NULL,NULL),(1916,399,'09','Fasilitasi Sinkronisasi Perencanaan Pembangunan Daerah dengan Pembangunan Desa\r',NULL,NULL),(1917,399,'10','Fasilitasi Penetapan Lokasi Pembangunan Kawasan Perdesaan\r',NULL,NULL),(1918,399,'11','Fasilitasi Penyelenggaraan Ketenteraman dan Ketertiban Umum\r',NULL,NULL),(1919,399,'12','Fasilitasi Pelaksanaan Tugas, Fungsi, dan Kewajiban Lembaga Kemasyarakatan\r',NULL,NULL),(1920,399,'13','Fasilitasi Penyusunan Perencanaan Pembangunan Partisipatif\r',NULL,NULL),(1921,399,'14','Fasilitasi Kerja Sama Antardesa dan Kerja Sama Desa Dengan Pihak Ketiga\r',NULL,NULL),(1922,399,'15','Fasilitasi Penataan, Pemanfaatan, dan Pendayagunaan Ruang Desa Serta Penetapan dan Penegasan Batas Desa\r',NULL,NULL),(1923,399,'16','Fasilitasi Penyusunan Program dan Pelaksanaan Pemberdayaan Masyarakat Desa\r',NULL,NULL),(1924,399,'17','Koordinasi Pendampingan Desa di Wilayahnya\r',NULL,NULL),(1925,399,'18','Koordinasi Pelaksanaan Pembangunan Kawasan Perdesaan di Wilayah Kecamatan\r',NULL,NULL),(1926,400,'01','Penyusunan Program Kerja di Bidang Ideologi Wawasan Kebangsaan, Bela Negara, Karakter Bangsa, Pembauran Kebangsaan, Bineka Tunggal Ika dan Sejarah Kebangsaan\r',NULL,NULL),(1927,400,'02','Perumusan Kebijakan Teknis di Bidang Ideologi Wawasan Kebangsaan, Bela Negara, Karakter Bangsa, Pembauran Kebangsaan, Bineka Tunggal Ika dan Sejarah Kebangsaan\r',NULL,NULL),(1928,400,'03','Pelaksanaan Kebijakan di Bidang Ideologi Wawasan Kebangsaan, Bela Negara, Karakter Bangsa, Pembauran Kebangsaan, Bineka Tunggal Ika dan Sejarah Kebangsaan\r',NULL,NULL),(1929,400,'04','Pelaksanaan Koordinasi di Bidang Ideologi Wawasan Kebangsaan, Bela Negara, Karakter Bangsa, Pembauran Kebangsaan, Bineka Tunggal Ika dan Sejarah Kebangsaan\r',NULL,NULL),(1930,400,'05','Pelaksanaan Monitoring Evaluasi dan Pelaporan di Bidang Ideologi Wawasan Kebangsaan, Bela Negara, Karakter Bangsa, Pembauran Kebangsaan, Bineka Tunggal Ika dan Sejarah Kebangsaan\r',NULL,NULL),(1931,401,'01','Penyusunan Program Kerja di Bidang Pendidikan Politik, Etika Budaya Politik, Peningkatan Demokrasi, Fasilitasi Kelembagaan Pemerintahan, Perwakilan dan Partai Politik, Pemilihan Umum/Pemilihan Umum Kepala Daerah, serta Pemantauan Situasi Politik di Daerah\r',NULL,NULL),(1932,401,'02','Penyusunan Bahan Perumusan Kebijakan di Bidang Pendidikan Politik, Etika Budaya Politik, Peningkatan Demokrasi, Fasilitasi Kelembagaan Pemerintahan, Perwakilan dan Partai Politik, Pemilihan Umum/Pemilihan Umum Kepala Daerah, serta Pemantauan Situasi Politik Di Daerah\r',NULL,NULL),(1933,401,'03','Pelaksanaan Kebijakan Di Bidang Pendidikan Politik, Etika Budaya Politik, Peningkatan Demokrasi, Fasilitasi Kelembagaan Pemerintahan, Perwakilan dan Partai Politik, Pemilihan Umum/Pemilihan Umum Kepala Daerah, Serta Pemantauan Situasi Politik Di Daerah\r',NULL,NULL),(1934,401,'04','Pelaksanaan Koordinasi Di Bidang Pendidikan Politik, Etika Budaya Politik, Peningkatan Demokrasi, Fasilitasi Kelembagaan Pemerintahan, Perwakilan dan Partai Politik, Pemilihan Umum/Pemilihan Umum Kepala Daerah, Serta Pemantauan Situasi Politik di Daerah\r',NULL,NULL),(1935,401,'05','Pelaksanaan Monitoring, Evaluasi dan Pelaporan di Bidang Pendidikan Politik, Etika Budaya Politik, Peningkatan Demokrasi, Fasilitasi Kelembagaan Pemerintahan, Perwakilan dan Partai Politik, Pemilihan Umum/Pemilihan Umum Kepala Daerah, Serta Pemantauan Situasi Politik di Daerah\r',NULL,NULL),(1936,402,'01','Penyusunan Program Kerja di bidang Pendaftaran Ormas, Pemberdayaan Ormas, Evaluasi dan Mediasi Sengketa Ormas, Pengawasan Ormas dan Ormas Asing di Daerah\r',NULL,NULL),(1937,402,'02','Penyusunan Bahan Perumusan Kebijakan dibidang Pendaftaran Ormas, Pemberdayaan Ormas, Evaluasi dan Mediasi Sengketa Ormas, Pengawasan Ormas dan Ormas Asing di Daerah\r',NULL,NULL),(1938,402,'03','Pelaksanaan Kebijakan dibidang Pendaftaran Ormas, Pemberdayaan Ormas, Evaluasi dan Mediasi Sengketa Ormas, Pengawasan Ormas dan Ormas Asing di Daerah\r',NULL,NULL),(1939,402,'04','Pelaksanaan Koordinasi dibidang Pendaftaran Ormas, Pemberdayaan Ormas, Evaluasi dan Mediasi Sengketa Ormas, Pengawasan Ormas dan Ormas Asing di Daerah\r',NULL,NULL),(1940,402,'05','Pelaksanaan Monitoring Evaluasi dan Pelaporan Dibidang Pendaftaran Ormas, Pemberdayaan Ormas, Evaluasi dan Mediasi Sengketa Ormas, Pengawasan Ormas dan Ormas Asing di Daerah\r',NULL,NULL),(1941,403,'01','Penyusunan Program Kerja di Bidang Ketahanan Ekonomi, Sosial, Budaya dan Fasilitasi Pencegahan Penyalagunaan Narkotika, Fasilitasi Kerukunan Umat Beragama dan Penghayat Kepercayaan di Daerah\r',NULL,NULL),(1942,403,'02','Penyusunan Bahan Perumusan Kebijakan di Bidang Ketahanan Ekonomi, Sosial, Budaya dan Fasilitasi Pencegahan Penyalagunaan Narkotika, Fasilitasi Kerukunan Umat Beragama dan Penghayat Kepercayaan di Daerah\r',NULL,NULL),(1943,403,'03','Pelaksanaan Kebijakan di Bidang Ketahanan Ekonomi, Sosial, Budaya dan Fasilitasi Pencegahan Penyalagunaan Narkotika, Fasilitasi Kerukunan Umat Beragama dan Penghayat Kepercayaan di Daerah\r',NULL,NULL),(1944,403,'04','Pelaksanaan Koordinasi di Bidang Ketahanan Ekonomi, Sosial, Budaya dan Fasilitasi Pencegahan Penyalagunaan Narkotika, Fasilitasi Kerukunan Umat Beragama dan Penghayat Kepercayaan di Daerah\r',NULL,NULL),(1945,403,'05','Pelaksanaan Monitoring, Evaluasi dan Pelaporan di Bidang Ketahanan Ekonomi, Sosial, Budaya dan Fasilitasi Pencegahan Penyalagunaan Narkotika, Fasilitasi Kerukunan Umat Beragama dan Penghayat Kepercayaan di Daerah\r',NULL,NULL),(1946,404,'01','Penyusunan Program Kerja di Bidang Kewaspadaan Dini, Kerjasama Intelijen, Pemantauan Orang Asing, Tenaga Kerja Asing dan Lembaga Asing, Kewaspadaan Perbatasan Antar Negara, Fasilitasi Kelembagaan Bidang Kewaspadaan, serta Penanganan Konflik di Daerah\r',NULL,NULL),(1947,404,'02','Penyusunan Bahan Perumusan Kebijakan di Bidang Kewaspadaan Dini, Kerjasama Intelijen, Pemantauan Orang Asing, Tenaga Kerja Asing dan Lembaga Asing, Kewaspadaan Perbatasan Antar Negara, Fasilitasi Kelembagaan Bidang Kewaspadaan, serta Penanganan Konflik di Daerah\r',NULL,NULL),(1948,404,'03','Pelaksanaan Kebijakan di Bidang Kewaspadaan Dini, Kerjasama Intelijen, Pemantauan Orang Asing, Tenaga Kerja Asing dan Lembaga Asing, Kewaspadaan Perbatasan Antar Negara, Fasilitasi Kelembagaan Bidang Kewaspadaan, serta Penanganan Konflik di Daerah\r',NULL,NULL),(1949,404,'04','Pelaksanaan Koordinasi di Bidang Kewaspadaan Dini, Kerjasama Intelijen, Pemantauan Orang Asing, Tenaga Kerja Asing dan Lembaga Asing, Kewaspadaan Perbatasan Antar Negara, Fasilitasi Kelembagaan Bidang Kewaspadaan, serta Penanganan Konflik di Daerah\r',NULL,NULL),(1950,404,'05','Pelaksanaan Monitoring, Evaluasi dan Pelaporan di Bidang Kewaspadaan Dini, Kerjasama Intelijen, Pemantauan Orang Asing, Tenaga Kerja Asing dan Lembaga Asing, Kewaspadaan Perbatasan Antar Negara, Fasilitasi Kelembagaan Bidang Kewaspadaan, serta Penanganan Konflik di Daerah\r',NULL,NULL),(1951,404,'06','Pelaksanaan Forum Koordinasi Pimpinan Daerah Kabupaten/Kota',NULL,NULL);
/*!40000 ALTER TABLE `mst_sub_kegiatan` ENABLE KEYS */;
UNLOCK TABLES;

--
-- Table structure for table `mst_urusan`
--

DROP TABLE IF EXISTS `mst_urusan`;
/*!40101 SET @saved_cs_client     = @@character_set_client */;
/*!40101 SET character_set_client = utf8 */;
CREATE TABLE `mst_urusan` (
  `id` bigint(20) unsigned NOT NULL AUTO_INCREMENT,
  `kode` varchar(255) COLLATE utf8mb4_unicode_ci NOT NULL,
  `name` varchar(255) COLLATE utf8mb4_unicode_ci NOT NULL,
  `created_at` timestamp NULL DEFAULT NULL,
  `updated_at` timestamp NULL DEFAULT NULL,
  PRIMARY KEY (`id`)
) ENGINE=InnoDB AUTO_INCREMENT=10 DEFAULT CHARSET=utf8mb4 COLLATE=utf8mb4_unicode_ci;
/*!40101 SET character_set_client = @saved_cs_client */;

--
-- Dumping data for table `mst_urusan`
--

LOCK TABLES `mst_urusan` WRITE;
/*!40000 ALTER TABLE `mst_urusan` DISABLE KEYS */;
INSERT INTO `mst_urusan` VALUES (1,'X','(kosong)\r',NULL,NULL),(2,'1','URUSAN PEMERINTAHAN WAJIB YANG BERKAITAN DENGAN PELAYANAN DASAR\r',NULL,NULL),(3,'2','URUSAN PEMERINTAHAN WAJIB YANG TIDAK BERKAITAN DENGAN PELAYANAN DASAR\r',NULL,NULL),(4,'3','URUSAN PEMERINTAHAN PILIHAN\r',NULL,NULL),(5,'4','UNSUR PENDUKUNG URUSAN PEMERINTAHAN\r',NULL,NULL),(6,'5','UNSUR PENUNJANG URUSAN PEMERINTAHAN\r',NULL,NULL),(7,'6','UNSUR PENGAWASAN URUSAN PEMERINTAHAN\r',NULL,NULL),(8,'7','UNSUR KEWILAYAHAN\r',NULL,NULL),(9,'8','UNSUR PEMERINTAHAN UMUM',NULL,NULL);
/*!40000 ALTER TABLE `mst_urusan` ENABLE KEYS */;
UNLOCK TABLES;

--
-- Table structure for table `password_resets`
--

DROP TABLE IF EXISTS `password_resets`;
/*!40101 SET @saved_cs_client     = @@character_set_client */;
/*!40101 SET character_set_client = utf8 */;
CREATE TABLE `password_resets` (
  `email` varchar(255) COLLATE utf8mb4_unicode_ci NOT NULL,
  `token` varchar(255) COLLATE utf8mb4_unicode_ci NOT NULL,
  `created_at` timestamp NULL DEFAULT NULL,
  KEY `password_resets_email_index` (`email`)
) ENGINE=InnoDB DEFAULT CHARSET=utf8mb4 COLLATE=utf8mb4_unicode_ci;
/*!40101 SET character_set_client = @saved_cs_client */;

--
-- Dumping data for table `password_resets`
--

LOCK TABLES `password_resets` WRITE;
/*!40000 ALTER TABLE `password_resets` DISABLE KEYS */;
/*!40000 ALTER TABLE `password_resets` ENABLE KEYS */;
UNLOCK TABLES;

--
-- Table structure for table `pk_renja_tahunan`
--

DROP TABLE IF EXISTS `pk_renja_tahunan`;
/*!40101 SET @saved_cs_client     = @@character_set_client */;
/*!40101 SET character_set_client = utf8 */;
CREATE TABLE `pk_renja_tahunan` (
  `id` bigint(20) unsigned NOT NULL AUTO_INCREMENT,
  `pk_id` bigint(20) NOT NULL,
  `pk_type` varchar(255) COLLATE utf8mb4_unicode_ci NOT NULL,
  `created_at` timestamp NULL DEFAULT NULL,
  `updated_at` timestamp NULL DEFAULT NULL,
  PRIMARY KEY (`id`),
  KEY `pk_renja_tahunan_pk_id_pk_type_index` (`pk_id`,`pk_type`)
) ENGINE=InnoDB AUTO_INCREMENT=8 DEFAULT CHARSET=utf8mb4 COLLATE=utf8mb4_unicode_ci;
/*!40101 SET character_set_client = @saved_cs_client */;

--
-- Dumping data for table `pk_renja_tahunan`
--

LOCK TABLES `pk_renja_tahunan` WRITE;
/*!40000 ALTER TABLE `pk_renja_tahunan` DISABLE KEYS */;
INSERT INTO `pk_renja_tahunan` VALUES (6,2,'App\\Models\\Renstra\\SubKegiatan\\SasaranSubKegiatanOutputRenstra','2022-04-14 00:34:59','2022-04-14 00:34:59'),(7,4,'App\\Models\\Renstra\\SasaranRenstraIndikator','2022-04-14 00:45:54','2022-04-14 00:45:54');
/*!40000 ALTER TABLE `pk_renja_tahunan` ENABLE KEYS */;
UNLOCK TABLES;

--
-- Table structure for table `pk_renja_triwulan`
--

DROP TABLE IF EXISTS `pk_renja_triwulan`;
/*!40101 SET @saved_cs_client     = @@character_set_client */;
/*!40101 SET character_set_client = utf8 */;
CREATE TABLE `pk_renja_triwulan` (
  `id` bigint(20) unsigned NOT NULL AUTO_INCREMENT,
  `pk_id` bigint(20) NOT NULL,
  `pk_type` varchar(255) COLLATE utf8mb4_unicode_ci NOT NULL,
  `id_periode_per_tahun` varchar(255) COLLATE utf8mb4_unicode_ci NOT NULL,
  `triwulan` int(11) NOT NULL,
  `target` varchar(255) COLLATE utf8mb4_unicode_ci NOT NULL,
  `created_at` timestamp NULL DEFAULT NULL,
  `updated_at` timestamp NULL DEFAULT NULL,
  PRIMARY KEY (`id`)
) ENGINE=InnoDB DEFAULT CHARSET=utf8mb4 COLLATE=utf8mb4_unicode_ci;
/*!40101 SET character_set_client = @saved_cs_client */;

--
-- Dumping data for table `pk_renja_triwulan`
--

LOCK TABLES `pk_renja_triwulan` WRITE;
/*!40000 ALTER TABLE `pk_renja_triwulan` DISABLE KEYS */;
/*!40000 ALTER TABLE `pk_renja_triwulan` ENABLE KEYS */;
UNLOCK TABLES;

--
-- Table structure for table `pk_renja_triwulan_penanggung_jawab`
--

DROP TABLE IF EXISTS `pk_renja_triwulan_penanggung_jawab`;
/*!40101 SET @saved_cs_client     = @@character_set_client */;
/*!40101 SET character_set_client = utf8 */;
CREATE TABLE `pk_renja_triwulan_penanggung_jawab` (
  `id` bigint(20) unsigned NOT NULL AUTO_INCREMENT,
  `id_pegawai` bigint(20) unsigned NOT NULL,
  `id_pk_renja_triwulan` bigint(20) unsigned NOT NULL,
  `created_at` timestamp NULL DEFAULT NULL,
  `updated_at` timestamp NULL DEFAULT NULL,
  PRIMARY KEY (`id`),
  KEY `pk_renja_triwulan_penanggung_jawab_id_pegawai_foreign` (`id_pegawai`),
  KEY `pk_renja_triwulan_penanggung_jawab_id_pk_renja_triwulan_foreign` (`id_pk_renja_triwulan`),
  CONSTRAINT `pk_renja_triwulan_penanggung_jawab_id_pegawai_foreign` FOREIGN KEY (`id_pegawai`) REFERENCES `mst_pegawai` (`id`),
  CONSTRAINT `pk_renja_triwulan_penanggung_jawab_id_pk_renja_triwulan_foreign` FOREIGN KEY (`id_pk_renja_triwulan`) REFERENCES `pk_renja_triwulan` (`id`)
) ENGINE=InnoDB AUTO_INCREMENT=2 DEFAULT CHARSET=utf8mb4 COLLATE=utf8mb4_unicode_ci;
/*!40101 SET character_set_client = @saved_cs_client */;

--
-- Dumping data for table `pk_renja_triwulan_penanggung_jawab`
--

LOCK TABLES `pk_renja_triwulan_penanggung_jawab` WRITE;
/*!40000 ALTER TABLE `pk_renja_triwulan_penanggung_jawab` DISABLE KEYS */;
/*!40000 ALTER TABLE `pk_renja_triwulan_penanggung_jawab` ENABLE KEYS */;
UNLOCK TABLES;

--
-- Table structure for table `prioritas_pembangunan`
--

DROP TABLE IF EXISTS `prioritas_pembangunan`;
/*!40101 SET @saved_cs_client     = @@character_set_client */;
/*!40101 SET character_set_client = utf8 */;
CREATE TABLE `prioritas_pembangunan` (
  `id` bigint(20) unsigned NOT NULL AUTO_INCREMENT,
  `name` varchar(255) COLLATE utf8mb4_unicode_ci NOT NULL,
  `created_at` timestamp NULL DEFAULT NULL,
  `updated_at` timestamp NULL DEFAULT NULL,
  PRIMARY KEY (`id`)
) ENGINE=InnoDB AUTO_INCREMENT=9 DEFAULT CHARSET=utf8mb4 COLLATE=utf8mb4_unicode_ci;
/*!40101 SET character_set_client = @saved_cs_client */;

--
-- Dumping data for table `prioritas_pembangunan`
--

LOCK TABLES `prioritas_pembangunan` WRITE;
/*!40000 ALTER TABLE `prioritas_pembangunan` DISABLE KEYS */;
INSERT INTO `prioritas_pembangunan` VALUES (1,'Penguatan daya saing ekonomi berbasis potensi lokal','2022-01-19 02:51:07','2022-01-27 00:59:31'),(2,'Penguatan reformasi birokrasi','2022-01-27 00:59:48','2022-01-27 00:59:48'),(3,'Peningkatan kualitas hidup masyarakat','2022-01-27 01:00:01','2022-01-27 01:00:01'),(4,'Meningkatkan kualitas dan aksesibilitas pendidikan','2022-01-28 01:02:24','2022-01-28 01:02:24'),(5,'Meningkatkan kualitas kesehatan masyarakat','2022-01-28 01:02:41','2022-01-28 01:02:41'),(6,'Meningkatkan daya saing perekonomian daerah dan pelayanan publik','2022-01-28 01:02:54','2022-01-28 01:02:54'),(7,'Meningkatkan pemerataan pembangunan yang berkelanjutan','2022-01-28 01:03:03','2022-01-28 01:03:03'),(8,'Meningkatkan ketertiban dan kenyamanan masyarakat berdasarkan nilai-nilai keagamaan yang berkeadaban','2022-01-28 01:03:13','2022-01-28 01:03:13');
/*!40000 ALTER TABLE `prioritas_pembangunan` ENABLE KEYS */;
UNLOCK TABLES;

--
-- Table structure for table `renstra_kebijakan`
--

DROP TABLE IF EXISTS `renstra_kebijakan`;
/*!40101 SET @saved_cs_client     = @@character_set_client */;
/*!40101 SET character_set_client = utf8 */;
CREATE TABLE `renstra_kebijakan` (
  `id` bigint(20) unsigned NOT NULL AUTO_INCREMENT,
  `name` varchar(255) COLLATE utf8mb4_unicode_ci NOT NULL,
  `id_renstra_strategi` bigint(20) unsigned NOT NULL,
  `id_periode` bigint(20) unsigned NOT NULL,
  `created_at` timestamp NULL DEFAULT NULL,
  `updated_at` timestamp NULL DEFAULT NULL,
  PRIMARY KEY (`id`),
  KEY `renstra_kebijakan_id_renstra_strategi_foreign` (`id_renstra_strategi`),
  KEY `renstra_kebijakan_id_periode_foreign` (`id_periode`),
  CONSTRAINT `renstra_kebijakan_id_periode_foreign` FOREIGN KEY (`id_periode`) REFERENCES `mst_periode` (`id`),
  CONSTRAINT `renstra_kebijakan_id_renstra_strategi_foreign` FOREIGN KEY (`id_renstra_strategi`) REFERENCES `renstra_strategi` (`id`)
) ENGINE=InnoDB AUTO_INCREMENT=5 DEFAULT CHARSET=utf8mb4 COLLATE=utf8mb4_unicode_ci;
/*!40101 SET character_set_client = @saved_cs_client */;

--
-- Dumping data for table `renstra_kebijakan`
--

LOCK TABLES `renstra_kebijakan` WRITE;
/*!40000 ALTER TABLE `renstra_kebijakan` DISABLE KEYS */;
INSERT INTO `renstra_kebijakan` VALUES (1,'Menempatkan ASN sesuai dengan kualifikasi, kompetensi, dan kinerja',1,2,'2022-04-14 02:55:40','2022-04-14 02:55:40'),(2,'Penilaian kinerja ASN secara objektif, terukur, dan transparan',1,2,'2022-04-14 02:55:40','2022-04-14 02:55:40'),(3,'Membangun dan mengembangkan aplikasi sistem kepegawaian',2,2,'2022-04-14 02:55:40','2022-04-14 02:55:40'),(4,'Melaksanakan pendidikan dan pelatihan ASN secara efektif dan efisien berdasarkan gap kompetensi',3,2,'2022-04-14 02:55:40','2022-04-14 02:55:40');
/*!40000 ALTER TABLE `renstra_kebijakan` ENABLE KEYS */;
UNLOCK TABLES;

--
-- Table structure for table `renstra_kegiatan`
--

DROP TABLE IF EXISTS `renstra_kegiatan`;
/*!40101 SET @saved_cs_client     = @@character_set_client */;
/*!40101 SET character_set_client = utf8 */;
CREATE TABLE `renstra_kegiatan` (
  `id` bigint(20) unsigned NOT NULL AUTO_INCREMENT,
  `id_mst_opd` bigint(20) unsigned NOT NULL,
  `id_mst_kegiatan` bigint(20) unsigned NOT NULL,
  `id_renstra_program` bigint(20) unsigned NOT NULL,
  `id_periode` bigint(20) unsigned NOT NULL,
  `created_at` timestamp NULL DEFAULT NULL,
  `updated_at` timestamp NULL DEFAULT NULL,
  PRIMARY KEY (`id`),
  KEY `renstra_kegiatan_id_mst_opd_foreign` (`id_mst_opd`),
  KEY `renstra_kegiatan_id_mst_kegiatan_foreign` (`id_mst_kegiatan`),
  KEY `renstra_kegiatan_id_renstra_program_foreign` (`id_renstra_program`),
  KEY `renstra_kegiatan_id_periode_foreign` (`id_periode`),
  CONSTRAINT `renstra_kegiatan_id_mst_kegiatan_foreign` FOREIGN KEY (`id_mst_kegiatan`) REFERENCES `mst_kegiatan` (`id`),
  CONSTRAINT `renstra_kegiatan_id_mst_opd_foreign` FOREIGN KEY (`id_mst_opd`) REFERENCES `mst_opd` (`id`),
  CONSTRAINT `renstra_kegiatan_id_periode_foreign` FOREIGN KEY (`id_periode`) REFERENCES `mst_periode` (`id`),
  CONSTRAINT `renstra_kegiatan_id_renstra_program_foreign` FOREIGN KEY (`id_renstra_program`) REFERENCES `renstra_program` (`id`)
) ENGINE=InnoDB AUTO_INCREMENT=3 DEFAULT CHARSET=utf8mb4 COLLATE=utf8mb4_unicode_ci;
/*!40101 SET character_set_client = @saved_cs_client */;

--
-- Dumping data for table `renstra_kegiatan`
--

LOCK TABLES `renstra_kegiatan` WRITE;
/*!40000 ALTER TABLE `renstra_kegiatan` DISABLE KEYS */;
INSERT INTO `renstra_kegiatan` VALUES (2,1,13,6,2,'2022-04-14 00:16:57','2022-04-14 00:16:57');
/*!40000 ALTER TABLE `renstra_kegiatan` ENABLE KEYS */;
UNLOCK TABLES;

--
-- Table structure for table `renstra_kegiatan_sumber_anggaran`
--

DROP TABLE IF EXISTS `renstra_kegiatan_sumber_anggaran`;
/*!40101 SET @saved_cs_client     = @@character_set_client */;
/*!40101 SET character_set_client = utf8 */;
CREATE TABLE `renstra_kegiatan_sumber_anggaran` (
  `id` bigint(20) unsigned NOT NULL AUTO_INCREMENT,
  `id_renstra_kegiatan` bigint(20) unsigned NOT NULL,
  `id_mst_sumber_anggaran` bigint(20) unsigned NOT NULL,
  `created_at` timestamp NULL DEFAULT NULL,
  `updated_at` timestamp NULL DEFAULT NULL,
  PRIMARY KEY (`id`),
  KEY `renstra_kegiatan_sumber_anggaran_id_renstra_kegiatan_foreign` (`id_renstra_kegiatan`),
  KEY `renstra_kegiatan_sumber_anggaran_id_mst_sumber_anggaran_foreign` (`id_mst_sumber_anggaran`),
  CONSTRAINT `renstra_kegiatan_sumber_anggaran_id_mst_sumber_anggaran_foreign` FOREIGN KEY (`id_mst_sumber_anggaran`) REFERENCES `sumber_anggaran` (`id`),
  CONSTRAINT `renstra_kegiatan_sumber_anggaran_id_renstra_kegiatan_foreign` FOREIGN KEY (`id_renstra_kegiatan`) REFERENCES `renstra_kegiatan` (`id`)
) ENGINE=InnoDB AUTO_INCREMENT=3 DEFAULT CHARSET=utf8mb4 COLLATE=utf8mb4_unicode_ci;
/*!40101 SET character_set_client = @saved_cs_client */;

--
-- Dumping data for table `renstra_kegiatan_sumber_anggaran`
--

LOCK TABLES `renstra_kegiatan_sumber_anggaran` WRITE;
/*!40000 ALTER TABLE `renstra_kegiatan_sumber_anggaran` DISABLE KEYS */;
INSERT INTO `renstra_kegiatan_sumber_anggaran` VALUES (2,2,2,'2022-04-14 00:16:57','2022-04-14 00:16:57');
/*!40000 ALTER TABLE `renstra_kegiatan_sumber_anggaran` ENABLE KEYS */;
UNLOCK TABLES;

--
-- Table structure for table `renstra_program`
--

DROP TABLE IF EXISTS `renstra_program`;
/*!40101 SET @saved_cs_client     = @@character_set_client */;
/*!40101 SET character_set_client = utf8 */;
CREATE TABLE `renstra_program` (
  `id` bigint(20) unsigned NOT NULL AUTO_INCREMENT,
  `id_renstra_sasaran` bigint(20) unsigned NOT NULL,
  `id_rpjmd_program` bigint(20) unsigned NOT NULL,
  `id_periode` bigint(20) unsigned NOT NULL,
  `created_at` timestamp NULL DEFAULT NULL,
  `updated_at` timestamp NULL DEFAULT NULL,
  PRIMARY KEY (`id`),
  KEY `renstra_program_id_renstra_sasaran_foreign` (`id_renstra_sasaran`),
  KEY `renstra_program_id_rpjmd_program_foreign` (`id_rpjmd_program`),
  KEY `renstra_program_id_periode_foreign` (`id_periode`),
  CONSTRAINT `renstra_program_id_periode_foreign` FOREIGN KEY (`id_periode`) REFERENCES `mst_periode` (`id`),
  CONSTRAINT `renstra_program_id_renstra_sasaran_foreign` FOREIGN KEY (`id_renstra_sasaran`) REFERENCES `renstra_sasaran` (`id`),
  CONSTRAINT `renstra_program_id_rpjmd_program_foreign` FOREIGN KEY (`id_rpjmd_program`) REFERENCES `rpjmd_program` (`id`)
) ENGINE=InnoDB AUTO_INCREMENT=10 DEFAULT CHARSET=utf8mb4 COLLATE=utf8mb4_unicode_ci;
/*!40101 SET character_set_client = @saved_cs_client */;

--
-- Dumping data for table `renstra_program`
--

LOCK TABLES `renstra_program` WRITE;
/*!40000 ALTER TABLE `renstra_program` DISABLE KEYS */;
INSERT INTO `renstra_program` VALUES (6,2,101,2,'2022-04-14 00:00:31','2022-04-14 00:00:31'),(7,3,192,2,'2022-04-14 02:56:12','2022-04-14 02:56:12'),(8,3,101,2,'2022-04-14 02:57:22','2022-04-14 02:57:22'),(9,3,193,2,'2022-04-14 02:57:52','2022-04-14 02:57:52');
/*!40000 ALTER TABLE `renstra_program` ENABLE KEYS */;
UNLOCK TABLES;

--
-- Table structure for table `renstra_sasaran`
--

DROP TABLE IF EXISTS `renstra_sasaran`;
/*!40101 SET @saved_cs_client     = @@character_set_client */;
/*!40101 SET character_set_client = utf8 */;
CREATE TABLE `renstra_sasaran` (
  `id` bigint(20) unsigned NOT NULL AUTO_INCREMENT,
  `name` varchar(255) COLLATE utf8mb4_unicode_ci NOT NULL,
  `id_renstra_tujuan` bigint(20) unsigned NOT NULL,
  `id_periode` bigint(20) unsigned NOT NULL,
  `created_at` timestamp NULL DEFAULT NULL,
  `updated_at` timestamp NULL DEFAULT NULL,
  PRIMARY KEY (`id`),
  KEY `renstra_sasaran_id_renstra_tujuan_foreign` (`id_renstra_tujuan`),
  KEY `renstra_sasaran_id_periode_foreign` (`id_periode`),
  CONSTRAINT `renstra_sasaran_id_periode_foreign` FOREIGN KEY (`id_periode`) REFERENCES `mst_periode` (`id`),
  CONSTRAINT `renstra_sasaran_id_renstra_tujuan_foreign` FOREIGN KEY (`id_renstra_tujuan`) REFERENCES `renstra_tujuan` (`id`)
) ENGINE=InnoDB AUTO_INCREMENT=4 DEFAULT CHARSET=utf8mb4 COLLATE=utf8mb4_unicode_ci;
/*!40101 SET character_set_client = @saved_cs_client */;

--
-- Dumping data for table `renstra_sasaran`
--

LOCK TABLES `renstra_sasaran` WRITE;
/*!40000 ALTER TABLE `renstra_sasaran` DISABLE KEYS */;
INSERT INTO `renstra_sasaran` VALUES (2,'Meningkatnya akuntabilitas penyelenggaraan pelayanan publik',1,2,'2022-04-13 23:55:59','2022-04-13 23:55:59'),(3,'Meningkatnya Kualitas Penyelenggaraan Manajemen ASN Berdasarkan Sistem Merit',2,2,'2022-04-14 02:48:49','2022-04-14 02:48:49');
/*!40000 ALTER TABLE `renstra_sasaran` ENABLE KEYS */;
UNLOCK TABLES;

--
-- Table structure for table `renstra_sasaran_indikator`
--

DROP TABLE IF EXISTS `renstra_sasaran_indikator`;
/*!40101 SET @saved_cs_client     = @@character_set_client */;
/*!40101 SET character_set_client = utf8 */;
CREATE TABLE `renstra_sasaran_indikator` (
  `id` bigint(20) unsigned NOT NULL AUTO_INCREMENT,
  `indikator` varchar(255) COLLATE utf8mb4_unicode_ci NOT NULL,
  `cara_pengukuran` text COLLATE utf8mb4_unicode_ci NOT NULL,
  `id_satuan` bigint(20) unsigned NOT NULL,
  `id_sasaran` bigint(20) unsigned NOT NULL,
  `is_pk` tinyint(1) NOT NULL DEFAULT 0,
  `is_iku` tinyint(1) NOT NULL DEFAULT 0,
  `awal` varchar(255) COLLATE utf8mb4_unicode_ci NOT NULL,
  `akhir` varchar(255) COLLATE utf8mb4_unicode_ci NOT NULL,
  `created_at` timestamp NULL DEFAULT NULL,
  `updated_at` timestamp NULL DEFAULT NULL,
  PRIMARY KEY (`id`),
  KEY `renstra_sasaran_indikator_id_sasaran_foreign` (`id_sasaran`),
  KEY `renstra_sasaran_indikator_id_satuan_foreign` (`id_satuan`),
  CONSTRAINT `renstra_sasaran_indikator_id_sasaran_foreign` FOREIGN KEY (`id_sasaran`) REFERENCES `renstra_sasaran` (`id`) ON DELETE CASCADE ON UPDATE CASCADE,
  CONSTRAINT `renstra_sasaran_indikator_id_satuan_foreign` FOREIGN KEY (`id_satuan`) REFERENCES `mst_satuan` (`id`)
) ENGINE=InnoDB AUTO_INCREMENT=8 DEFAULT CHARSET=utf8mb4 COLLATE=utf8mb4_unicode_ci;
/*!40101 SET character_set_client = @saved_cs_client */;

--
-- Dumping data for table `renstra_sasaran_indikator`
--

LOCK TABLES `renstra_sasaran_indikator` WRITE;
/*!40000 ALTER TABLE `renstra_sasaran_indikator` DISABLE KEYS */;
INSERT INTO `renstra_sasaran_indikator` VALUES (4,'Perangkat daerah yang memiliki nilai IKM kategori baik','-',3,2,1,1,'0','90.28','2022-04-13 23:55:59','2022-04-13 23:55:59'),(5,'Nilai Kinerja Penyelenggaraan pemerintah Daerah','-',2,2,1,1,'0','3.55','2022-04-13 23:55:59','2022-04-13 23:55:59'),(6,'Laporan Keterangan Pertanggungjawaban Kepala daerah tepat waktu','-',67,2,1,1,'0','tepat waktu','2022-04-13 23:55:59','2022-04-13 23:55:59'),(7,'Indeks Sistem Merit','-',2,3,1,1,'0','323,50','2022-04-14 02:48:49','2022-04-14 02:48:49');
/*!40000 ALTER TABLE `renstra_sasaran_indikator` ENABLE KEYS */;
UNLOCK TABLES;

--
-- Table structure for table `renstra_sasaran_indikator_penanggung_jawab`
--

DROP TABLE IF EXISTS `renstra_sasaran_indikator_penanggung_jawab`;
/*!40101 SET @saved_cs_client     = @@character_set_client */;
/*!40101 SET character_set_client = utf8 */;
CREATE TABLE `renstra_sasaran_indikator_penanggung_jawab` (
  `id` bigint(20) unsigned NOT NULL AUTO_INCREMENT,
  `id_renstra_sasaran_indikator` bigint(20) unsigned NOT NULL,
  `id_pegawai` bigint(20) unsigned NOT NULL,
  `created_at` timestamp NULL DEFAULT NULL,
  `updated_at` timestamp NULL DEFAULT NULL,
  PRIMARY KEY (`id`),
  KEY `rsipj_rsi_foreign` (`id_renstra_sasaran_indikator`),
  KEY `renstra_sasaran_indikator_penanggung_jawab_id_pegawai_foreign` (`id_pegawai`),
  CONSTRAINT `renstra_sasaran_indikator_penanggung_jawab_id_pegawai_foreign` FOREIGN KEY (`id_pegawai`) REFERENCES `mst_pegawai` (`id`),
  CONSTRAINT `rsipj_rsi_foreign` FOREIGN KEY (`id_renstra_sasaran_indikator`) REFERENCES `renstra_sasaran_indikator` (`id`)
) ENGINE=InnoDB AUTO_INCREMENT=6 DEFAULT CHARSET=utf8mb4 COLLATE=utf8mb4_unicode_ci;
/*!40101 SET character_set_client = @saved_cs_client */;

--
-- Dumping data for table `renstra_sasaran_indikator_penanggung_jawab`
--

LOCK TABLES `renstra_sasaran_indikator_penanggung_jawab` WRITE;
/*!40000 ALTER TABLE `renstra_sasaran_indikator_penanggung_jawab` DISABLE KEYS */;
INSERT INTO `renstra_sasaran_indikator_penanggung_jawab` VALUES (2,4,1237,'2022-04-13 23:59:16','2022-04-13 23:59:16'),(3,5,1237,'2022-04-13 23:59:16','2022-04-13 23:59:16'),(4,6,1237,'2022-04-13 23:59:16','2022-04-13 23:59:16'),(5,7,1067,'2022-04-14 02:52:19','2022-04-14 02:52:19');
/*!40000 ALTER TABLE `renstra_sasaran_indikator_penanggung_jawab` ENABLE KEYS */;
UNLOCK TABLES;

--
-- Table structure for table `renstra_sasaran_kegiatan`
--

DROP TABLE IF EXISTS `renstra_sasaran_kegiatan`;
/*!40101 SET @saved_cs_client     = @@character_set_client */;
/*!40101 SET character_set_client = utf8 */;
CREATE TABLE `renstra_sasaran_kegiatan` (
  `id` bigint(20) unsigned NOT NULL AUTO_INCREMENT,
  `id_renstra_kegiatan` bigint(20) unsigned NOT NULL,
  `name` varchar(255) COLLATE utf8mb4_unicode_ci NOT NULL,
  `created_at` timestamp NULL DEFAULT NULL,
  `updated_at` timestamp NULL DEFAULT NULL,
  PRIMARY KEY (`id`),
  KEY `renstra_kegiatan_foreign` (`id_renstra_kegiatan`),
  CONSTRAINT `renstra_kegiatan_foreign` FOREIGN KEY (`id_renstra_kegiatan`) REFERENCES `renstra_kegiatan` (`id`)
) ENGINE=InnoDB AUTO_INCREMENT=3 DEFAULT CHARSET=utf8mb4 COLLATE=utf8mb4_unicode_ci;
/*!40101 SET character_set_client = @saved_cs_client */;

--
-- Dumping data for table `renstra_sasaran_kegiatan`
--

LOCK TABLES `renstra_sasaran_kegiatan` WRITE;
/*!40000 ALTER TABLE `renstra_sasaran_kegiatan` DISABLE KEYS */;
INSERT INTO `renstra_sasaran_kegiatan` VALUES (2,2,'Sasaran Penataan','2022-04-14 00:23:56','2022-04-14 00:23:56');
/*!40000 ALTER TABLE `renstra_sasaran_kegiatan` ENABLE KEYS */;
UNLOCK TABLES;

--
-- Table structure for table `renstra_sasaran_kegiatan_indikator`
--

DROP TABLE IF EXISTS `renstra_sasaran_kegiatan_indikator`;
/*!40101 SET @saved_cs_client     = @@character_set_client */;
/*!40101 SET character_set_client = utf8 */;
CREATE TABLE `renstra_sasaran_kegiatan_indikator` (
  `id` bigint(20) unsigned NOT NULL AUTO_INCREMENT,
  `id_sasaran_kegiatan` bigint(20) unsigned NOT NULL,
  `id_satuan` bigint(20) unsigned NOT NULL,
  `name` varchar(255) COLLATE utf8mb4_unicode_ci NOT NULL,
  `is_pk` tinyint(1) NOT NULL DEFAULT 0,
  `is_iku` tinyint(1) NOT NULL DEFAULT 0,
  `cara_pengukuran` longtext COLLATE utf8mb4_unicode_ci NOT NULL,
  `target_awal` varchar(255) COLLATE utf8mb4_unicode_ci NOT NULL,
  `target_akhir` varchar(255) COLLATE utf8mb4_unicode_ci NOT NULL,
  `created_at` timestamp NULL DEFAULT NULL,
  `updated_at` timestamp NULL DEFAULT NULL,
  PRIMARY KEY (`id`),
  KEY `renstra_sasaran_kegiatan_indikator_id_satuan_foreign` (`id_satuan`),
  KEY `renstra_sasaran_kegiatan_indikator_id_sasaran_kegiatan_foreign` (`id_sasaran_kegiatan`),
  CONSTRAINT `renstra_sasaran_kegiatan_indikator_id_sasaran_kegiatan_foreign` FOREIGN KEY (`id_sasaran_kegiatan`) REFERENCES `renstra_sasaran_kegiatan` (`id`),
  CONSTRAINT `renstra_sasaran_kegiatan_indikator_id_satuan_foreign` FOREIGN KEY (`id_satuan`) REFERENCES `mst_satuan` (`id`)
) ENGINE=InnoDB AUTO_INCREMENT=3 DEFAULT CHARSET=utf8mb4 COLLATE=utf8mb4_unicode_ci;
/*!40101 SET character_set_client = @saved_cs_client */;

--
-- Dumping data for table `renstra_sasaran_kegiatan_indikator`
--

LOCK TABLES `renstra_sasaran_kegiatan_indikator` WRITE;
/*!40000 ALTER TABLE `renstra_sasaran_kegiatan_indikator` DISABLE KEYS */;
INSERT INTO `renstra_sasaran_kegiatan_indikator` VALUES (2,2,62,'Jumlah Rumusan Kebijakan Penataan Organisasi Perangkat Daerah',1,1,'-','0','39','2022-04-14 00:23:56','2022-04-14 00:23:56');
/*!40000 ALTER TABLE `renstra_sasaran_kegiatan_indikator` ENABLE KEYS */;
UNLOCK TABLES;

--
-- Table structure for table `renstra_sasaran_kegiatan_indikator_penanggung_jawab`
--

DROP TABLE IF EXISTS `renstra_sasaran_kegiatan_indikator_penanggung_jawab`;
/*!40101 SET @saved_cs_client     = @@character_set_client */;
/*!40101 SET character_set_client = utf8 */;
CREATE TABLE `renstra_sasaran_kegiatan_indikator_penanggung_jawab` (
  `id` bigint(20) unsigned NOT NULL AUTO_INCREMENT,
  `id_renstra_sasaran_kegiatan_indikator` bigint(20) unsigned NOT NULL,
  `id_pegawai` bigint(20) unsigned NOT NULL,
  `created_at` timestamp NULL DEFAULT NULL,
  `updated_at` timestamp NULL DEFAULT NULL,
  PRIMARY KEY (`id`),
  KEY `rski_foreign` (`id_renstra_sasaran_kegiatan_indikator`),
  KEY `rski_mst_pegawai_foreign` (`id_pegawai`),
  CONSTRAINT `rski_foreign` FOREIGN KEY (`id_renstra_sasaran_kegiatan_indikator`) REFERENCES `renstra_sasaran_kegiatan_indikator` (`id`),
  CONSTRAINT `rski_mst_pegawai_foreign` FOREIGN KEY (`id_pegawai`) REFERENCES `mst_pegawai` (`id`)
) ENGINE=InnoDB AUTO_INCREMENT=3 DEFAULT CHARSET=utf8mb4 COLLATE=utf8mb4_unicode_ci;
/*!40101 SET character_set_client = @saved_cs_client */;

--
-- Dumping data for table `renstra_sasaran_kegiatan_indikator_penanggung_jawab`
--

LOCK TABLES `renstra_sasaran_kegiatan_indikator_penanggung_jawab` WRITE;
/*!40000 ALTER TABLE `renstra_sasaran_kegiatan_indikator_penanggung_jawab` DISABLE KEYS */;
INSERT INTO `renstra_sasaran_kegiatan_indikator_penanggung_jawab` VALUES (2,2,58,'2022-04-14 00:26:56','2022-04-14 00:26:56');
/*!40000 ALTER TABLE `renstra_sasaran_kegiatan_indikator_penanggung_jawab` ENABLE KEYS */;
UNLOCK TABLES;

--
-- Table structure for table `renstra_sasaran_kegiatan_indikator_target`
--

DROP TABLE IF EXISTS `renstra_sasaran_kegiatan_indikator_target`;
/*!40101 SET @saved_cs_client     = @@character_set_client */;
/*!40101 SET character_set_client = utf8 */;
CREATE TABLE `renstra_sasaran_kegiatan_indikator_target` (
  `id` bigint(20) unsigned NOT NULL AUTO_INCREMENT,
  `id_periode_per_tahun` bigint(20) unsigned NOT NULL,
  `id_sasaran_kegiatan_indikator` bigint(20) unsigned NOT NULL,
  `target` varchar(255) COLLATE utf8mb4_unicode_ci NOT NULL,
  `created_at` timestamp NULL DEFAULT NULL,
  `updated_at` timestamp NULL DEFAULT NULL,
  PRIMARY KEY (`id`),
  KEY `periode_per_tahun_foreign` (`id_periode_per_tahun`),
  KEY `sasaran_kegiatan_indikator_foreign` (`id_sasaran_kegiatan_indikator`),
  CONSTRAINT `periode_per_tahun_foreign` FOREIGN KEY (`id_periode_per_tahun`) REFERENCES `mst_periode_per_tahun` (`id`),
  CONSTRAINT `sasaran_kegiatan_indikator_foreign` FOREIGN KEY (`id_sasaran_kegiatan_indikator`) REFERENCES `renstra_sasaran_kegiatan_indikator` (`id`)
) ENGINE=InnoDB AUTO_INCREMENT=11 DEFAULT CHARSET=utf8mb4 COLLATE=utf8mb4_unicode_ci;
/*!40101 SET character_set_client = @saved_cs_client */;

--
-- Dumping data for table `renstra_sasaran_kegiatan_indikator_target`
--

LOCK TABLES `renstra_sasaran_kegiatan_indikator_target` WRITE;
/*!40000 ALTER TABLE `renstra_sasaran_kegiatan_indikator_target` DISABLE KEYS */;
INSERT INTO `renstra_sasaran_kegiatan_indikator_target` VALUES (6,5,2,'0','2022-04-14 00:23:56','2022-04-14 00:23:56'),(7,6,2,'0','2022-04-14 00:23:56','2022-04-14 00:23:56'),(8,7,2,'13','2022-04-14 00:23:56','2022-04-14 00:23:56'),(9,8,2,'13','2022-04-14 00:23:56','2022-04-14 00:23:56'),(10,9,2,'13','2022-04-14 00:23:56','2022-04-14 00:23:56');
/*!40000 ALTER TABLE `renstra_sasaran_kegiatan_indikator_target` ENABLE KEYS */;
UNLOCK TABLES;

--
-- Table structure for table `renstra_sasaran_program`
--

DROP TABLE IF EXISTS `renstra_sasaran_program`;
/*!40101 SET @saved_cs_client     = @@character_set_client */;
/*!40101 SET character_set_client = utf8 */;
CREATE TABLE `renstra_sasaran_program` (
  `id` bigint(20) unsigned NOT NULL AUTO_INCREMENT,
  `name` varchar(255) COLLATE utf8mb4_unicode_ci NOT NULL,
  `id_opd` bigint(20) unsigned NOT NULL,
  `id_program_renstra` bigint(20) unsigned NOT NULL,
  `id_periode` bigint(20) unsigned NOT NULL,
  `created_at` timestamp NULL DEFAULT NULL,
  `updated_at` timestamp NULL DEFAULT NULL,
  PRIMARY KEY (`id`),
  KEY `renstra_sasaran_program_id_opd_foreign` (`id_opd`),
  KEY `renstra_sasaran_program_id_program_renstra_foreign` (`id_program_renstra`),
  KEY `renstra_sasaran_program_id_periode_foreign` (`id_periode`),
  CONSTRAINT `renstra_sasaran_program_id_opd_foreign` FOREIGN KEY (`id_opd`) REFERENCES `mst_opd` (`id`),
  CONSTRAINT `renstra_sasaran_program_id_periode_foreign` FOREIGN KEY (`id_periode`) REFERENCES `mst_periode` (`id`),
  CONSTRAINT `renstra_sasaran_program_id_program_renstra_foreign` FOREIGN KEY (`id_program_renstra`) REFERENCES `renstra_program` (`id`)
) ENGINE=InnoDB AUTO_INCREMENT=4 DEFAULT CHARSET=utf8mb4 COLLATE=utf8mb4_unicode_ci;
/*!40101 SET character_set_client = @saved_cs_client */;

--
-- Dumping data for table `renstra_sasaran_program`
--

LOCK TABLES `renstra_sasaran_program` WRITE;
/*!40000 ALTER TABLE `renstra_sasaran_program` DISABLE KEYS */;
INSERT INTO `renstra_sasaran_program` VALUES (2,'sasaran program asmin',1,6,2,'2022-04-14 00:09:39','2022-04-14 00:09:39'),(3,'Sasaran Program Kepegawaian Daerah',75,7,2,'2022-04-14 03:01:00','2022-04-14 03:01:00');
/*!40000 ALTER TABLE `renstra_sasaran_program` ENABLE KEYS */;
UNLOCK TABLES;

--
-- Table structure for table `renstra_sasaran_program_indikator`
--

DROP TABLE IF EXISTS `renstra_sasaran_program_indikator`;
/*!40101 SET @saved_cs_client     = @@character_set_client */;
/*!40101 SET character_set_client = utf8 */;
CREATE TABLE `renstra_sasaran_program_indikator` (
  `id` bigint(20) unsigned NOT NULL AUTO_INCREMENT,
  `indikator` varchar(255) COLLATE utf8mb4_unicode_ci NOT NULL,
  `cara_pengukuran` text COLLATE utf8mb4_unicode_ci NOT NULL,
  `id_satuan` bigint(20) unsigned NOT NULL,
  `id_sasaran_program` bigint(20) unsigned NOT NULL,
  `is_pk` tinyint(1) NOT NULL DEFAULT 0,
  `is_iku` tinyint(1) NOT NULL DEFAULT 0,
  `awal` varchar(255) COLLATE utf8mb4_unicode_ci NOT NULL,
  `akhir` varchar(255) COLLATE utf8mb4_unicode_ci NOT NULL,
  `created_at` timestamp NULL DEFAULT NULL,
  `updated_at` timestamp NULL DEFAULT NULL,
  PRIMARY KEY (`id`),
  KEY `renstra_sasaran_program_indikator_id_satuan_foreign` (`id_satuan`),
  KEY `renstra_sasaran_program_indikator_id_sasaran_program_foreign` (`id_sasaran_program`),
  CONSTRAINT `renstra_sasaran_program_indikator_id_sasaran_program_foreign` FOREIGN KEY (`id_sasaran_program`) REFERENCES `renstra_sasaran_program` (`id`),
  CONSTRAINT `renstra_sasaran_program_indikator_id_satuan_foreign` FOREIGN KEY (`id_satuan`) REFERENCES `mst_satuan` (`id`)
) ENGINE=InnoDB AUTO_INCREMENT=12 DEFAULT CHARSET=utf8mb4 COLLATE=utf8mb4_unicode_ci;
/*!40101 SET character_set_client = @saved_cs_client */;

--
-- Dumping data for table `renstra_sasaran_program_indikator`
--

LOCK TABLES `renstra_sasaran_program_indikator` WRITE;
/*!40000 ALTER TABLE `renstra_sasaran_program_indikator` DISABLE KEYS */;
INSERT INTO `renstra_sasaran_program_indikator` VALUES (6,'presentase kinerja penyelenggaraan pemerintah daerah lingkup administrasi yang mencapai target','-',3,2,1,0,'0','100','2022-04-14 00:09:39','2022-04-14 00:09:39'),(7,'persentase kebijakan di bidang kelembagaaan dan analisa jabatan pelayanan publik dan tata laksana serta bidang kinerja dan reformasi birokrasi yang terlaksana','kosong',3,2,1,1,'0','100','2022-04-14 00:09:39','2022-04-14 00:09:39'),(8,'Persentase kebutuhan operasional Kepala Daerah  dan Wakil Kepala Daerah yang terfasilitasi','-',3,2,1,1,'0','100','2022-04-14 00:11:29','2022-04-14 00:11:29'),(9,'Nilai sistem merit aspek kepegawaian','-',2,3,1,1,'0','285,00','2022-04-14 03:01:00','2022-04-14 03:01:00'),(10,'Rasio Pegawai Pendidikan Tinggi dan Menengah/Dasar (%) (PNS tidak termasuk guru dan tenaga kesehatan)','-',3,3,1,1,'0','212,83','2022-04-14 03:01:00','2022-04-14 03:01:00'),(11,'Rasio Pegawai Fungsional (%) (PNS tidak termasuk guru dan tenaga kesehatan)','-',3,3,1,1,'0','10,65','2022-04-14 03:01:00','2022-04-14 03:01:00');
/*!40000 ALTER TABLE `renstra_sasaran_program_indikator` ENABLE KEYS */;
UNLOCK TABLES;

--
-- Table structure for table `renstra_sasaran_program_indikator_penanggung_jawab`
--

DROP TABLE IF EXISTS `renstra_sasaran_program_indikator_penanggung_jawab`;
/*!40101 SET @saved_cs_client     = @@character_set_client */;
/*!40101 SET character_set_client = utf8 */;
CREATE TABLE `renstra_sasaran_program_indikator_penanggung_jawab` (
  `id` bigint(20) unsigned NOT NULL AUTO_INCREMENT,
  `id_renstra_sasaran_program_indikator` bigint(20) unsigned NOT NULL,
  `id_pegawai` bigint(20) unsigned NOT NULL,
  `created_at` timestamp NULL DEFAULT NULL,
  `updated_at` timestamp NULL DEFAULT NULL,
  PRIMARY KEY (`id`),
  KEY `rspi_foreign` (`id_renstra_sasaran_program_indikator`),
  KEY `mst_pegawai_foreign` (`id_pegawai`),
  CONSTRAINT `mst_pegawai_foreign` FOREIGN KEY (`id_pegawai`) REFERENCES `mst_pegawai` (`id`),
  CONSTRAINT `rspi_foreign` FOREIGN KEY (`id_renstra_sasaran_program_indikator`) REFERENCES `renstra_sasaran_program_indikator` (`id`)
) ENGINE=InnoDB AUTO_INCREMENT=4 DEFAULT CHARSET=utf8mb4 COLLATE=utf8mb4_unicode_ci;
/*!40101 SET character_set_client = @saved_cs_client */;

--
-- Dumping data for table `renstra_sasaran_program_indikator_penanggung_jawab`
--

LOCK TABLES `renstra_sasaran_program_indikator_penanggung_jawab` WRITE;
/*!40000 ALTER TABLE `renstra_sasaran_program_indikator_penanggung_jawab` DISABLE KEYS */;
INSERT INTO `renstra_sasaran_program_indikator_penanggung_jawab` VALUES (1,6,1059,'2022-04-14 00:14:42','2022-04-14 00:14:42'),(2,7,1059,'2022-04-14 00:14:42','2022-04-14 00:14:42'),(3,8,1059,'2022-04-14 00:14:42','2022-04-14 00:14:42');
/*!40000 ALTER TABLE `renstra_sasaran_program_indikator_penanggung_jawab` ENABLE KEYS */;
UNLOCK TABLES;

--
-- Table structure for table `renstra_sasaran_program_target`
--

DROP TABLE IF EXISTS `renstra_sasaran_program_target`;
/*!40101 SET @saved_cs_client     = @@character_set_client */;
/*!40101 SET character_set_client = utf8 */;
CREATE TABLE `renstra_sasaran_program_target` (
  `id` bigint(20) unsigned NOT NULL AUTO_INCREMENT,
  `target` varchar(255) COLLATE utf8mb4_unicode_ci NOT NULL,
  `id_periode_per_tahun` bigint(20) unsigned NOT NULL,
  `id_sasaran_program_indikator` bigint(20) unsigned NOT NULL,
  `created_at` timestamp NULL DEFAULT NULL,
  `updated_at` timestamp NULL DEFAULT NULL,
  PRIMARY KEY (`id`),
  KEY `renstra_sasaran_program_target_id_periode_per_tahun_foreign` (`id_periode_per_tahun`),
  KEY `rspt_rspi_id_sasaran_program_indikator` (`id_sasaran_program_indikator`),
  CONSTRAINT `renstra_sasaran_program_target_id_periode_per_tahun_foreign` FOREIGN KEY (`id_periode_per_tahun`) REFERENCES `mst_periode_per_tahun` (`id`),
  CONSTRAINT `rspt_rspi_id_sasaran_program_indikator` FOREIGN KEY (`id_sasaran_program_indikator`) REFERENCES `renstra_sasaran_program_indikator` (`id`)
) ENGINE=InnoDB AUTO_INCREMENT=56 DEFAULT CHARSET=utf8mb4 COLLATE=utf8mb4_unicode_ci;
/*!40101 SET character_set_client = @saved_cs_client */;

--
-- Dumping data for table `renstra_sasaran_program_target`
--

LOCK TABLES `renstra_sasaran_program_target` WRITE;
/*!40000 ALTER TABLE `renstra_sasaran_program_target` DISABLE KEYS */;
INSERT INTO `renstra_sasaran_program_target` VALUES (26,'0',5,6,'2022-04-14 00:09:39','2022-04-14 00:09:39'),(27,'0',6,6,'2022-04-14 00:09:39','2022-04-14 00:09:39'),(28,'100',7,6,'2022-04-14 00:09:39','2022-04-14 00:09:39'),(29,'100',8,6,'2022-04-14 00:09:39','2022-04-14 00:09:39'),(30,'100',9,6,'2022-04-14 00:09:39','2022-04-14 00:09:39'),(31,'0',5,7,'2022-04-14 00:09:39','2022-04-14 00:09:39'),(32,'0',6,7,'2022-04-14 00:09:39','2022-04-14 00:09:39'),(33,'100',7,7,'2022-04-14 00:09:39','2022-04-14 00:09:39'),(34,'100',8,7,'2022-04-14 00:09:39','2022-04-14 00:09:39'),(35,'100',9,7,'2022-04-14 00:09:39','2022-04-14 00:09:39'),(36,'0',5,8,'2022-04-14 00:11:29','2022-04-14 00:11:29'),(37,'0',6,8,'2022-04-14 00:11:29','2022-04-14 00:11:29'),(38,'100',7,8,'2022-04-14 00:11:29','2022-04-14 00:11:29'),(39,'100',8,8,'2022-04-14 00:11:29','2022-04-14 00:11:29'),(40,'100',9,8,'2022-04-14 00:11:29','2022-04-14 00:11:29'),(41,'0',5,9,'2022-04-14 03:01:00','2022-04-14 03:01:00'),(42,'0',6,9,'2022-04-14 03:01:00','2022-04-14 03:01:00'),(43,'197,50',7,9,'2022-04-14 03:01:00','2022-04-14 03:01:00'),(44,'244,00',8,9,'2022-04-14 03:01:00','2022-04-14 03:01:00'),(45,'285,00',9,9,'2022-04-14 03:01:00','2022-04-14 03:01:00'),(46,'0',5,10,'2022-04-14 03:01:00','2022-04-14 03:01:00'),(47,'0',6,10,'2022-04-14 03:01:00','2022-04-14 03:01:00'),(48,'190,93',7,10,'2022-04-14 03:01:00','2022-04-14 03:01:00'),(49,'201,58',8,10,'2022-04-14 03:01:00','2022-04-14 03:01:00'),(50,'212,83',9,10,'2022-04-14 03:01:00','2022-04-14 03:01:00'),(51,'0',5,11,'2022-04-14 03:01:00','2022-04-14 03:01:00'),(52,'0',6,11,'2022-04-14 03:01:00','2022-04-14 03:01:00'),(53,'9,28',7,11,'2022-04-14 03:01:00','2022-04-14 03:01:00'),(54,'9,98',8,11,'2022-04-14 03:01:00','2022-04-14 03:01:00'),(55,'10,65',9,11,'2022-04-14 03:01:00','2022-04-14 03:01:00');
/*!40000 ALTER TABLE `renstra_sasaran_program_target` ENABLE KEYS */;
UNLOCK TABLES;

--
-- Table structure for table `renstra_sasaran_sub_kegiatan`
--

DROP TABLE IF EXISTS `renstra_sasaran_sub_kegiatan`;
/*!40101 SET @saved_cs_client     = @@character_set_client */;
/*!40101 SET character_set_client = utf8 */;
CREATE TABLE `renstra_sasaran_sub_kegiatan` (
  `id` bigint(20) unsigned NOT NULL AUTO_INCREMENT,
  `id_renstra_sub_kegiatan` bigint(20) unsigned NOT NULL,
  `name` varchar(255) COLLATE utf8mb4_unicode_ci NOT NULL,
  `created_at` timestamp NULL DEFAULT NULL,
  `updated_at` timestamp NULL DEFAULT NULL,
  PRIMARY KEY (`id`),
  KEY `renstra_sub_kegiatan_foreign` (`id_renstra_sub_kegiatan`),
  CONSTRAINT `renstra_sub_kegiatan_foreign` FOREIGN KEY (`id_renstra_sub_kegiatan`) REFERENCES `renstra_sub_kegiatan` (`id`)
) ENGINE=InnoDB AUTO_INCREMENT=3 DEFAULT CHARSET=utf8mb4 COLLATE=utf8mb4_unicode_ci;
/*!40101 SET character_set_client = @saved_cs_client */;

--
-- Dumping data for table `renstra_sasaran_sub_kegiatan`
--

LOCK TABLES `renstra_sasaran_sub_kegiatan` WRITE;
/*!40000 ALTER TABLE `renstra_sasaran_sub_kegiatan` DISABLE KEYS */;
INSERT INTO `renstra_sasaran_sub_kegiatan` VALUES (2,2,'Sasaran Koordinasi','2022-04-14 00:32:41','2022-04-14 00:32:41');
/*!40000 ALTER TABLE `renstra_sasaran_sub_kegiatan` ENABLE KEYS */;
UNLOCK TABLES;

--
-- Table structure for table `renstra_sasaran_sub_kegiatan_output`
--

DROP TABLE IF EXISTS `renstra_sasaran_sub_kegiatan_output`;
/*!40101 SET @saved_cs_client     = @@character_set_client */;
/*!40101 SET character_set_client = utf8 */;
CREATE TABLE `renstra_sasaran_sub_kegiatan_output` (
  `id` bigint(20) unsigned NOT NULL AUTO_INCREMENT,
  `id_sasaran_sub_kegiatan` bigint(20) unsigned NOT NULL,
  `id_satuan` bigint(20) unsigned NOT NULL,
  `name` varchar(255) COLLATE utf8mb4_unicode_ci NOT NULL,
  `is_pk` tinyint(1) NOT NULL DEFAULT 0,
  `is_iku` tinyint(1) NOT NULL DEFAULT 0,
  `cara_pengukuran` longtext COLLATE utf8mb4_unicode_ci NOT NULL,
  `target_awal` varchar(255) COLLATE utf8mb4_unicode_ci NOT NULL,
  `target_akhir` varchar(255) COLLATE utf8mb4_unicode_ci NOT NULL,
  `created_at` timestamp NULL DEFAULT NULL,
  `updated_at` timestamp NULL DEFAULT NULL,
  PRIMARY KEY (`id`),
  KEY `renstra_sasaran_sub_kegiatan_output_id_satuan_foreign` (`id_satuan`),
  KEY `rssko_rssk_foreign` (`id_sasaran_sub_kegiatan`),
  CONSTRAINT `renstra_sasaran_sub_kegiatan_output_id_satuan_foreign` FOREIGN KEY (`id_satuan`) REFERENCES `mst_satuan` (`id`),
  CONSTRAINT `rssko_rssk_foreign` FOREIGN KEY (`id_sasaran_sub_kegiatan`) REFERENCES `renstra_sasaran_sub_kegiatan` (`id`)
) ENGINE=InnoDB AUTO_INCREMENT=3 DEFAULT CHARSET=utf8mb4 COLLATE=utf8mb4_unicode_ci;
/*!40101 SET character_set_client = @saved_cs_client */;

--
-- Dumping data for table `renstra_sasaran_sub_kegiatan_output`
--

LOCK TABLES `renstra_sasaran_sub_kegiatan_output` WRITE;
/*!40000 ALTER TABLE `renstra_sasaran_sub_kegiatan_output` DISABLE KEYS */;
INSERT INTO `renstra_sasaran_sub_kegiatan_output` VALUES (2,2,68,'Aplikasi E-Sakip',1,1,'-','0','1','2022-04-14 00:32:41','2022-04-14 00:32:41');
/*!40000 ALTER TABLE `renstra_sasaran_sub_kegiatan_output` ENABLE KEYS */;
UNLOCK TABLES;

--
-- Table structure for table `renstra_sasaran_sub_kegiatan_output_penanggung_jawab`
--

DROP TABLE IF EXISTS `renstra_sasaran_sub_kegiatan_output_penanggung_jawab`;
/*!40101 SET @saved_cs_client     = @@character_set_client */;
/*!40101 SET character_set_client = utf8 */;
CREATE TABLE `renstra_sasaran_sub_kegiatan_output_penanggung_jawab` (
  `id` bigint(20) unsigned NOT NULL AUTO_INCREMENT,
  `id_renstra_sasaran_sub_kegiatan_output` bigint(20) unsigned NOT NULL,
  `id_pegawai` bigint(20) unsigned NOT NULL,
  `created_at` timestamp NULL DEFAULT NULL,
  `updated_at` timestamp NULL DEFAULT NULL,
  PRIMARY KEY (`id`),
  KEY `rssko_rsskopj_foreign` (`id_renstra_sasaran_sub_kegiatan_output`),
  KEY `p_rsskopj_foreign` (`id_pegawai`),
  CONSTRAINT `p_rsskopj_foreign` FOREIGN KEY (`id_pegawai`) REFERENCES `mst_pegawai` (`id`),
  CONSTRAINT `rssko_rsskopj_foreign` FOREIGN KEY (`id_renstra_sasaran_sub_kegiatan_output`) REFERENCES `renstra_sasaran_sub_kegiatan_output` (`id`)
) ENGINE=InnoDB AUTO_INCREMENT=2 DEFAULT CHARSET=utf8mb4 COLLATE=utf8mb4_unicode_ci;
/*!40101 SET character_set_client = @saved_cs_client */;

--
-- Dumping data for table `renstra_sasaran_sub_kegiatan_output_penanggung_jawab`
--

LOCK TABLES `renstra_sasaran_sub_kegiatan_output_penanggung_jawab` WRITE;
/*!40000 ALTER TABLE `renstra_sasaran_sub_kegiatan_output_penanggung_jawab` DISABLE KEYS */;
INSERT INTO `renstra_sasaran_sub_kegiatan_output_penanggung_jawab` VALUES (1,2,732,'2022-04-14 00:33:47','2022-04-14 00:33:47');
/*!40000 ALTER TABLE `renstra_sasaran_sub_kegiatan_output_penanggung_jawab` ENABLE KEYS */;
UNLOCK TABLES;

--
-- Table structure for table `renstra_sasaran_sub_kegiatan_output_target`
--

DROP TABLE IF EXISTS `renstra_sasaran_sub_kegiatan_output_target`;
/*!40101 SET @saved_cs_client     = @@character_set_client */;
/*!40101 SET character_set_client = utf8 */;
CREATE TABLE `renstra_sasaran_sub_kegiatan_output_target` (
  `id` bigint(20) unsigned NOT NULL AUTO_INCREMENT,
  `id_periode_per_tahun` bigint(20) unsigned NOT NULL,
  `id_sasaran_sub_kegiatan_output` bigint(20) unsigned NOT NULL,
  `target` varchar(255) COLLATE utf8mb4_unicode_ci NOT NULL,
  `created_at` timestamp NULL DEFAULT NULL,
  `updated_at` timestamp NULL DEFAULT NULL,
  PRIMARY KEY (`id`),
  KEY `rsskot_mppt_foreign` (`id_periode_per_tahun`),
  KEY `rsskot_rski_foreign` (`id_sasaran_sub_kegiatan_output`),
  CONSTRAINT `rsskot_mppt_foreign` FOREIGN KEY (`id_periode_per_tahun`) REFERENCES `mst_periode_per_tahun` (`id`),
  CONSTRAINT `rsskot_rski_foreign` FOREIGN KEY (`id_sasaran_sub_kegiatan_output`) REFERENCES `renstra_sasaran_sub_kegiatan_output` (`id`)
) ENGINE=InnoDB AUTO_INCREMENT=11 DEFAULT CHARSET=utf8mb4 COLLATE=utf8mb4_unicode_ci;
/*!40101 SET character_set_client = @saved_cs_client */;

--
-- Dumping data for table `renstra_sasaran_sub_kegiatan_output_target`
--

LOCK TABLES `renstra_sasaran_sub_kegiatan_output_target` WRITE;
/*!40000 ALTER TABLE `renstra_sasaran_sub_kegiatan_output_target` DISABLE KEYS */;
INSERT INTO `renstra_sasaran_sub_kegiatan_output_target` VALUES (6,5,2,'0','2022-04-14 00:32:41','2022-04-14 00:32:41'),(7,6,2,'0','2022-04-14 00:32:41','2022-04-14 00:32:41'),(8,7,2,'1','2022-04-14 00:32:41','2022-04-14 00:32:41'),(9,8,2,'0','2022-04-14 00:32:41','2022-04-14 00:32:41'),(10,9,2,'0','2022-04-14 00:32:41','2022-04-14 00:32:41');
/*!40000 ALTER TABLE `renstra_sasaran_sub_kegiatan_output_target` ENABLE KEYS */;
UNLOCK TABLES;

--
-- Table structure for table `renstra_sasaran_target`
--

DROP TABLE IF EXISTS `renstra_sasaran_target`;
/*!40101 SET @saved_cs_client     = @@character_set_client */;
/*!40101 SET character_set_client = utf8 */;
CREATE TABLE `renstra_sasaran_target` (
  `id` bigint(20) unsigned NOT NULL AUTO_INCREMENT,
  `target` varchar(255) COLLATE utf8mb4_unicode_ci NOT NULL,
  `id_periode_per_tahun` bigint(20) unsigned NOT NULL,
  `id_indikator_sasaran` bigint(20) unsigned NOT NULL,
  `created_at` timestamp NULL DEFAULT NULL,
  `updated_at` timestamp NULL DEFAULT NULL,
  PRIMARY KEY (`id`),
  KEY `renstra_sasaran_target_id_indikator_sasaran_foreign` (`id_indikator_sasaran`),
  KEY `renstra_sasaran_target_id_periode_per_tahun_foreign` (`id_periode_per_tahun`),
  CONSTRAINT `renstra_sasaran_target_id_indikator_sasaran_foreign` FOREIGN KEY (`id_indikator_sasaran`) REFERENCES `renstra_sasaran_indikator` (`id`) ON DELETE CASCADE ON UPDATE CASCADE,
  CONSTRAINT `renstra_sasaran_target_id_periode_per_tahun_foreign` FOREIGN KEY (`id_periode_per_tahun`) REFERENCES `mst_periode_per_tahun` (`id`)
) ENGINE=InnoDB AUTO_INCREMENT=36 DEFAULT CHARSET=utf8mb4 COLLATE=utf8mb4_unicode_ci;
/*!40101 SET character_set_client = @saved_cs_client */;

--
-- Dumping data for table `renstra_sasaran_target`
--

LOCK TABLES `renstra_sasaran_target` WRITE;
/*!40000 ALTER TABLE `renstra_sasaran_target` DISABLE KEYS */;
INSERT INTO `renstra_sasaran_target` VALUES (16,'0',5,4,'2022-04-13 23:55:59','2022-04-13 23:55:59'),(17,'0',6,4,'2022-04-13 23:55:59','2022-04-13 23:55:59'),(18,'87.5',7,4,'2022-04-13 23:55:59','2022-04-13 23:55:59'),(19,'88.89',8,4,'2022-04-13 23:55:59','2022-04-13 23:55:59'),(20,'90.28',9,4,'2022-04-13 23:55:59','2022-04-13 23:55:59'),(21,'0',5,5,'2022-04-13 23:55:59','2022-04-13 23:55:59'),(22,'0',6,5,'2022-04-13 23:55:59','2022-04-13 23:55:59'),(23,'3.45',7,5,'2022-04-13 23:55:59','2022-04-13 23:55:59'),(24,'3.55',8,5,'2022-04-13 23:55:59','2022-04-13 23:55:59'),(25,'3.55',9,5,'2022-04-13 23:55:59','2022-04-13 23:55:59'),(26,'0',5,6,'2022-04-13 23:55:59','2022-04-13 23:55:59'),(27,'0',6,6,'2022-04-13 23:55:59','2022-04-13 23:55:59'),(28,'tepatwaktu',7,6,'2022-04-13 23:55:59','2022-04-13 23:55:59'),(29,'tepat waktu',8,6,'2022-04-13 23:55:59','2022-04-13 23:55:59'),(30,'tepat waktu',9,6,'2022-04-13 23:55:59','2022-04-13 23:55:59'),(31,'0',5,7,'2022-04-14 02:48:49','2022-04-14 02:48:49'),(32,'0',6,7,'2022-04-14 02:48:49','2022-04-14 02:48:49'),(33,'216,50',7,7,'2022-04-14 02:48:49','2022-04-14 02:48:49'),(34,'271,00',8,7,'2022-04-14 02:48:49','2022-04-14 02:48:49'),(35,'323,50',9,7,'2022-04-14 02:48:49','2022-04-14 02:48:49');
/*!40000 ALTER TABLE `renstra_sasaran_target` ENABLE KEYS */;
UNLOCK TABLES;

--
-- Table structure for table `renstra_strategi`
--

DROP TABLE IF EXISTS `renstra_strategi`;
/*!40101 SET @saved_cs_client     = @@character_set_client */;
/*!40101 SET character_set_client = utf8 */;
CREATE TABLE `renstra_strategi` (
  `id` bigint(20) unsigned NOT NULL AUTO_INCREMENT,
  `name` varchar(255) COLLATE utf8mb4_unicode_ci NOT NULL,
  `id_renstra_sasaran` bigint(20) unsigned NOT NULL,
  `id_periode` bigint(20) unsigned NOT NULL,
  `created_at` timestamp NULL DEFAULT NULL,
  `updated_at` timestamp NULL DEFAULT NULL,
  PRIMARY KEY (`id`),
  KEY `renstra_strategi_id_renstra_sasaran_foreign` (`id_renstra_sasaran`),
  KEY `renstra_strategi_id_periode_foreign` (`id_periode`),
  CONSTRAINT `renstra_strategi_id_periode_foreign` FOREIGN KEY (`id_periode`) REFERENCES `mst_periode` (`id`),
  CONSTRAINT `renstra_strategi_id_renstra_sasaran_foreign` FOREIGN KEY (`id_renstra_sasaran`) REFERENCES `renstra_sasaran` (`id`)
) ENGINE=InnoDB AUTO_INCREMENT=4 DEFAULT CHARSET=utf8mb4 COLLATE=utf8mb4_unicode_ci;
/*!40101 SET character_set_client = @saved_cs_client */;

--
-- Dumping data for table `renstra_strategi`
--

LOCK TABLES `renstra_strategi` WRITE;
/*!40000 ALTER TABLE `renstra_strategi` DISABLE KEYS */;
INSERT INTO `renstra_strategi` VALUES (1,'Penguatan kebijakan dan implementasi manajemen ASN berdasarkan sistem merit',3,2,'2022-04-14 02:54:52','2022-04-14 02:54:52'),(2,'Pengembangan aplikasi kepegawaian berbasis teknologi informasi',3,2,'2022-04-14 02:54:52','2022-04-14 02:54:52'),(3,'Peningkatan pendidikan dan pelatihan berbasis kualifikasi dan kompetensi',3,2,'2022-04-14 02:54:52','2022-04-14 02:54:52');
/*!40000 ALTER TABLE `renstra_strategi` ENABLE KEYS */;
UNLOCK TABLES;

--
-- Table structure for table `renstra_sub_kegiatan`
--

DROP TABLE IF EXISTS `renstra_sub_kegiatan`;
/*!40101 SET @saved_cs_client     = @@character_set_client */;
/*!40101 SET character_set_client = utf8 */;
CREATE TABLE `renstra_sub_kegiatan` (
  `id` bigint(20) unsigned NOT NULL AUTO_INCREMENT,
  `id_renstra_kegiatan` bigint(20) unsigned NOT NULL,
  `id_mst_sub_kegiatan` bigint(20) unsigned NOT NULL,
  `created_at` timestamp NULL DEFAULT NULL,
  `updated_at` timestamp NULL DEFAULT NULL,
  PRIMARY KEY (`id`),
  KEY `renstra_sub_kegiatan_id_renstra_kegiatan_foreign` (`id_renstra_kegiatan`),
  KEY `renstra_sub_kegiatan_id_mst_sub_kegiatan_foreign` (`id_mst_sub_kegiatan`),
  CONSTRAINT `renstra_sub_kegiatan_id_mst_sub_kegiatan_foreign` FOREIGN KEY (`id_mst_sub_kegiatan`) REFERENCES `mst_sub_kegiatan` (`id`),
  CONSTRAINT `renstra_sub_kegiatan_id_renstra_kegiatan_foreign` FOREIGN KEY (`id_renstra_kegiatan`) REFERENCES `renstra_kegiatan` (`id`)
) ENGINE=InnoDB AUTO_INCREMENT=3 DEFAULT CHARSET=utf8mb4 COLLATE=utf8mb4_unicode_ci;
/*!40101 SET character_set_client = @saved_cs_client */;

--
-- Dumping data for table `renstra_sub_kegiatan`
--

LOCK TABLES `renstra_sub_kegiatan` WRITE;
/*!40000 ALTER TABLE `renstra_sub_kegiatan` DISABLE KEYS */;
INSERT INTO `renstra_sub_kegiatan` VALUES (2,2,91,'2022-04-14 00:29:22','2022-04-14 00:29:22');
/*!40000 ALTER TABLE `renstra_sub_kegiatan` ENABLE KEYS */;
UNLOCK TABLES;

--
-- Table structure for table `renstra_sub_kegiatan_sumber_anggaran`
--

DROP TABLE IF EXISTS `renstra_sub_kegiatan_sumber_anggaran`;
/*!40101 SET @saved_cs_client     = @@character_set_client */;
/*!40101 SET character_set_client = utf8 */;
CREATE TABLE `renstra_sub_kegiatan_sumber_anggaran` (
  `id` bigint(20) unsigned NOT NULL AUTO_INCREMENT,
  `id_renstra_sub_kegiatan` bigint(20) unsigned NOT NULL,
  `id_sumber_anggaran` bigint(20) unsigned NOT NULL,
  `created_at` timestamp NULL DEFAULT NULL,
  `updated_at` timestamp NULL DEFAULT NULL,
  PRIMARY KEY (`id`),
  KEY `rsk_rsksa_id_renstra_sub_kegiatan_foreign` (`id_renstra_sub_kegiatan`),
  KEY `renstra_sub_kegiatan_sumber_anggaran_id_sumber_anggaran_foreign` (`id_sumber_anggaran`),
  CONSTRAINT `renstra_sub_kegiatan_sumber_anggaran_id_sumber_anggaran_foreign` FOREIGN KEY (`id_sumber_anggaran`) REFERENCES `sumber_anggaran` (`id`),
  CONSTRAINT `rsk_rsksa_id_renstra_sub_kegiatan_foreign` FOREIGN KEY (`id_renstra_sub_kegiatan`) REFERENCES `renstra_sub_kegiatan` (`id`)
) ENGINE=InnoDB AUTO_INCREMENT=3 DEFAULT CHARSET=utf8mb4 COLLATE=utf8mb4_unicode_ci;
/*!40101 SET character_set_client = @saved_cs_client */;

--
-- Dumping data for table `renstra_sub_kegiatan_sumber_anggaran`
--

LOCK TABLES `renstra_sub_kegiatan_sumber_anggaran` WRITE;
/*!40000 ALTER TABLE `renstra_sub_kegiatan_sumber_anggaran` DISABLE KEYS */;
INSERT INTO `renstra_sub_kegiatan_sumber_anggaran` VALUES (2,2,2,NULL,NULL);
/*!40000 ALTER TABLE `renstra_sub_kegiatan_sumber_anggaran` ENABLE KEYS */;
UNLOCK TABLES;

--
-- Table structure for table `renstra_target_penanggung_jawab_tahunan`
--

DROP TABLE IF EXISTS `renstra_target_penanggung_jawab_tahunan`;
/*!40101 SET @saved_cs_client     = @@character_set_client */;
/*!40101 SET character_set_client = utf8 */;
CREATE TABLE `renstra_target_penanggung_jawab_tahunan` (
  `id` bigint(20) unsigned NOT NULL AUTO_INCREMENT,
  `renstra_id` bigint(20) unsigned NOT NULL,
  `renstra_type` varchar(255) COLLATE utf8mb4_unicode_ci NOT NULL,
  `id_periode_per_tahun` bigint(20) unsigned NOT NULL,
  `target` varchar(255) COLLATE utf8mb4_unicode_ci DEFAULT NULL,
  `created_at` timestamp NULL DEFAULT NULL,
  `updated_at` timestamp NULL DEFAULT NULL,
  PRIMARY KEY (`id`)
) ENGINE=InnoDB AUTO_INCREMENT=56 DEFAULT CHARSET=utf8mb4 COLLATE=utf8mb4_unicode_ci;
/*!40101 SET character_set_client = @saved_cs_client */;

--
-- Dumping data for table `renstra_target_penanggung_jawab_tahunan`
--

LOCK TABLES `renstra_target_penanggung_jawab_tahunan` WRITE;
/*!40000 ALTER TABLE `renstra_target_penanggung_jawab_tahunan` DISABLE KEYS */;
INSERT INTO `renstra_target_penanggung_jawab_tahunan` VALUES (11,2,'App\\Models\\Renstra\\SasaranIndikatorPenanggungJawabRenstra',5,'0','2022-04-13 23:59:16','2022-04-13 23:59:16'),(12,2,'App\\Models\\Renstra\\SasaranIndikatorPenanggungJawabRenstra',6,'0','2022-04-13 23:59:16','2022-04-13 23:59:16'),(13,2,'App\\Models\\Renstra\\SasaranIndikatorPenanggungJawabRenstra',7,'87.5','2022-04-13 23:59:16','2022-04-13 23:59:16'),(14,2,'App\\Models\\Renstra\\SasaranIndikatorPenanggungJawabRenstra',8,'88.89','2022-04-13 23:59:16','2022-04-13 23:59:16'),(15,2,'App\\Models\\Renstra\\SasaranIndikatorPenanggungJawabRenstra',9,'90.28','2022-04-13 23:59:16','2022-04-13 23:59:16'),(16,3,'App\\Models\\Renstra\\SasaranIndikatorPenanggungJawabRenstra',5,'0','2022-04-13 23:59:16','2022-04-13 23:59:16'),(17,3,'App\\Models\\Renstra\\SasaranIndikatorPenanggungJawabRenstra',6,'0','2022-04-13 23:59:16','2022-04-13 23:59:16'),(18,3,'App\\Models\\Renstra\\SasaranIndikatorPenanggungJawabRenstra',7,'3.45','2022-04-13 23:59:16','2022-04-13 23:59:16'),(19,3,'App\\Models\\Renstra\\SasaranIndikatorPenanggungJawabRenstra',8,'3.55','2022-04-13 23:59:16','2022-04-13 23:59:16'),(20,3,'App\\Models\\Renstra\\SasaranIndikatorPenanggungJawabRenstra',9,'3.55','2022-04-13 23:59:16','2022-04-13 23:59:16'),(21,4,'App\\Models\\Renstra\\SasaranIndikatorPenanggungJawabRenstra',5,'0','2022-04-13 23:59:16','2022-04-13 23:59:16'),(22,4,'App\\Models\\Renstra\\SasaranIndikatorPenanggungJawabRenstra',6,'0','2022-04-13 23:59:16','2022-04-13 23:59:16'),(23,4,'App\\Models\\Renstra\\SasaranIndikatorPenanggungJawabRenstra',7,'tepat waktu','2022-04-13 23:59:16','2022-04-13 23:59:16'),(24,4,'App\\Models\\Renstra\\SasaranIndikatorPenanggungJawabRenstra',8,'tepat waktu','2022-04-13 23:59:16','2022-04-13 23:59:16'),(25,4,'App\\Models\\Renstra\\SasaranIndikatorPenanggungJawabRenstra',9,'tepat waktu','2022-04-13 23:59:16','2022-04-13 23:59:16'),(26,1,'App\\Models\\Renstra\\Program\\SasaranProgramIndikatorPenanggungJawabRenstra',5,'0','2022-04-14 00:14:42','2022-04-14 00:14:42'),(27,1,'App\\Models\\Renstra\\Program\\SasaranProgramIndikatorPenanggungJawabRenstra',6,'0','2022-04-14 00:14:42','2022-04-14 00:14:42'),(28,1,'App\\Models\\Renstra\\Program\\SasaranProgramIndikatorPenanggungJawabRenstra',7,'100','2022-04-14 00:14:42','2022-04-14 00:14:42'),(29,1,'App\\Models\\Renstra\\Program\\SasaranProgramIndikatorPenanggungJawabRenstra',8,'100','2022-04-14 00:14:42','2022-04-14 00:14:42'),(30,1,'App\\Models\\Renstra\\Program\\SasaranProgramIndikatorPenanggungJawabRenstra',9,'100','2022-04-14 00:14:42','2022-04-14 00:14:42'),(31,2,'App\\Models\\Renstra\\Program\\SasaranProgramIndikatorPenanggungJawabRenstra',5,'0','2022-04-14 00:14:42','2022-04-14 00:14:42'),(32,2,'App\\Models\\Renstra\\Program\\SasaranProgramIndikatorPenanggungJawabRenstra',6,'0','2022-04-14 00:14:42','2022-04-14 00:14:42'),(33,2,'App\\Models\\Renstra\\Program\\SasaranProgramIndikatorPenanggungJawabRenstra',7,'100','2022-04-14 00:14:42','2022-04-14 00:14:42'),(34,2,'App\\Models\\Renstra\\Program\\SasaranProgramIndikatorPenanggungJawabRenstra',8,'100','2022-04-14 00:14:42','2022-04-14 00:14:42'),(35,2,'App\\Models\\Renstra\\Program\\SasaranProgramIndikatorPenanggungJawabRenstra',9,'100','2022-04-14 00:14:42','2022-04-14 00:14:42'),(36,3,'App\\Models\\Renstra\\Program\\SasaranProgramIndikatorPenanggungJawabRenstra',5,'0','2022-04-14 00:14:42','2022-04-14 00:14:42'),(37,3,'App\\Models\\Renstra\\Program\\SasaranProgramIndikatorPenanggungJawabRenstra',6,'0','2022-04-14 00:14:42','2022-04-14 00:14:42'),(38,3,'App\\Models\\Renstra\\Program\\SasaranProgramIndikatorPenanggungJawabRenstra',7,'100','2022-04-14 00:14:42','2022-04-14 00:14:42'),(39,3,'App\\Models\\Renstra\\Program\\SasaranProgramIndikatorPenanggungJawabRenstra',8,'100','2022-04-14 00:14:42','2022-04-14 00:14:42'),(40,3,'App\\Models\\Renstra\\Program\\SasaranProgramIndikatorPenanggungJawabRenstra',9,'100','2022-04-14 00:14:42','2022-04-14 00:14:42'),(41,2,'App\\Models\\Renstra\\Kegiatan\\SasaranKegiatanIndikatorPenanggungJawabRenstra',5,'0','2022-04-14 00:26:56','2022-04-14 00:26:56'),(42,2,'App\\Models\\Renstra\\Kegiatan\\SasaranKegiatanIndikatorPenanggungJawabRenstra',6,'0','2022-04-14 00:26:56','2022-04-14 00:26:56'),(43,2,'App\\Models\\Renstra\\Kegiatan\\SasaranKegiatanIndikatorPenanggungJawabRenstra',7,'13','2022-04-14 00:26:56','2022-04-14 00:26:56'),(44,2,'App\\Models\\Renstra\\Kegiatan\\SasaranKegiatanIndikatorPenanggungJawabRenstra',8,'13','2022-04-14 00:26:56','2022-04-14 00:26:56'),(45,2,'App\\Models\\Renstra\\Kegiatan\\SasaranKegiatanIndikatorPenanggungJawabRenstra',9,'39','2022-04-14 00:26:56','2022-04-14 00:26:56'),(46,1,'App\\Models\\Renstra\\SubKegiatan\\SasaranSubKegiatanOutputPenanggungJawabRenstra',5,'0','2022-04-14 00:33:47','2022-04-14 00:33:47'),(47,1,'App\\Models\\Renstra\\SubKegiatan\\SasaranSubKegiatanOutputPenanggungJawabRenstra',6,'0','2022-04-14 00:33:47','2022-04-14 00:33:47'),(48,1,'App\\Models\\Renstra\\SubKegiatan\\SasaranSubKegiatanOutputPenanggungJawabRenstra',7,'1','2022-04-14 00:33:47','2022-04-14 00:33:47'),(49,1,'App\\Models\\Renstra\\SubKegiatan\\SasaranSubKegiatanOutputPenanggungJawabRenstra',8,'0','2022-04-14 00:33:47','2022-04-14 00:33:47'),(50,1,'App\\Models\\Renstra\\SubKegiatan\\SasaranSubKegiatanOutputPenanggungJawabRenstra',9,'0','2022-04-14 00:33:47','2022-04-14 00:33:47'),(51,5,'App\\Models\\Renstra\\SasaranIndikatorPenanggungJawabRenstra',5,'0','2022-04-14 02:52:19','2022-04-14 02:52:19'),(52,5,'App\\Models\\Renstra\\SasaranIndikatorPenanggungJawabRenstra',6,'0','2022-04-14 02:52:19','2022-04-14 02:52:19'),(53,5,'App\\Models\\Renstra\\SasaranIndikatorPenanggungJawabRenstra',7,'216,50','2022-04-14 02:52:19','2022-04-14 02:52:19'),(54,5,'App\\Models\\Renstra\\SasaranIndikatorPenanggungJawabRenstra',8,'271,00','2022-04-14 02:52:19','2022-04-14 02:52:19'),(55,5,'App\\Models\\Renstra\\SasaranIndikatorPenanggungJawabRenstra',9,'323,50','2022-04-14 02:52:19','2022-04-14 02:52:19');
/*!40000 ALTER TABLE `renstra_target_penanggung_jawab_tahunan` ENABLE KEYS */;
UNLOCK TABLES;

--
-- Table structure for table `renstra_tujuan`
--

DROP TABLE IF EXISTS `renstra_tujuan`;
/*!40101 SET @saved_cs_client     = @@character_set_client */;
/*!40101 SET character_set_client = utf8 */;
CREATE TABLE `renstra_tujuan` (
  `id` bigint(20) unsigned NOT NULL AUTO_INCREMENT,
  `name` varchar(255) COLLATE utf8mb4_unicode_ci NOT NULL,
  `id_rpjmd_sasaran` bigint(20) unsigned NOT NULL,
  `id_periode` bigint(20) unsigned NOT NULL,
  `id_mst_opd` bigint(20) unsigned NOT NULL,
  `created_at` timestamp NULL DEFAULT NULL,
  `updated_at` timestamp NULL DEFAULT NULL,
  PRIMARY KEY (`id`),
  KEY `renstra_tujuan_id_rpjmd_sasaran_foreign` (`id_rpjmd_sasaran`),
  KEY `renstra_tujuan_id_periode_foreign` (`id_periode`),
  KEY `renstra_tujuan_id_mst_opd_foreign` (`id_mst_opd`),
  CONSTRAINT `renstra_tujuan_id_mst_opd_foreign` FOREIGN KEY (`id_mst_opd`) REFERENCES `mst_opd` (`id`),
  CONSTRAINT `renstra_tujuan_id_periode_foreign` FOREIGN KEY (`id_periode`) REFERENCES `mst_periode` (`id`),
  CONSTRAINT `renstra_tujuan_id_rpjmd_sasaran_foreign` FOREIGN KEY (`id_rpjmd_sasaran`) REFERENCES `rpjmd_sasaran` (`id`)
) ENGINE=InnoDB AUTO_INCREMENT=3 DEFAULT CHARSET=utf8mb4 COLLATE=utf8mb4_unicode_ci;
/*!40101 SET character_set_client = @saved_cs_client */;

--
-- Dumping data for table `renstra_tujuan`
--

LOCK TABLES `renstra_tujuan` WRITE;
/*!40000 ALTER TABLE `renstra_tujuan` DISABLE KEYS */;
INSERT INTO `renstra_tujuan` VALUES (1,'Terwujudnya Tata Kelola Administrasi Pemerintahan dan Penyusunan Kebijakan yang berkualitas',28,2,1,'2022-03-03 23:34:34','2022-03-03 23:34:34'),(2,'Terwujudnya ASN yang Profesional',28,2,75,'2022-04-14 02:46:17','2022-04-14 02:46:17');
/*!40000 ALTER TABLE `renstra_tujuan` ENABLE KEYS */;
UNLOCK TABLES;

--
-- Table structure for table `renstra_tujuan_indikator`
--

DROP TABLE IF EXISTS `renstra_tujuan_indikator`;
/*!40101 SET @saved_cs_client     = @@character_set_client */;
/*!40101 SET character_set_client = utf8 */;
CREATE TABLE `renstra_tujuan_indikator` (
  `id` bigint(20) unsigned NOT NULL AUTO_INCREMENT,
  `indikator` varchar(255) COLLATE utf8mb4_unicode_ci NOT NULL,
  `id_satuan` bigint(20) unsigned NOT NULL,
  `id_tujuan` bigint(20) unsigned NOT NULL,
  `kondisi_awal` varchar(255) COLLATE utf8mb4_unicode_ci NOT NULL,
  `kondisi_akhir` varchar(255) COLLATE utf8mb4_unicode_ci NOT NULL,
  `created_at` timestamp NULL DEFAULT NULL,
  `updated_at` timestamp NULL DEFAULT NULL,
  PRIMARY KEY (`id`),
  KEY `renstra_tujuan_indikator_id_satuan_foreign` (`id_satuan`),
  KEY `renstra_tujuan_indikator_id_tujuan_foreign` (`id_tujuan`),
  CONSTRAINT `renstra_tujuan_indikator_id_satuan_foreign` FOREIGN KEY (`id_satuan`) REFERENCES `mst_satuan` (`id`),
  CONSTRAINT `renstra_tujuan_indikator_id_tujuan_foreign` FOREIGN KEY (`id_tujuan`) REFERENCES `renstra_tujuan` (`id`)
) ENGINE=InnoDB AUTO_INCREMENT=3 DEFAULT CHARSET=utf8mb4 COLLATE=utf8mb4_unicode_ci;
/*!40101 SET character_set_client = @saved_cs_client */;

--
-- Dumping data for table `renstra_tujuan_indikator`
--

LOCK TABLES `renstra_tujuan_indikator` WRITE;
/*!40000 ALTER TABLE `renstra_tujuan_indikator` DISABLE KEYS */;
INSERT INTO `renstra_tujuan_indikator` VALUES (1,'Perangkat Daerah Yang memiliki nilai AKIP minimal baik',2,1,'0','100','2022-03-03 23:34:34','2022-03-03 23:34:34'),(2,'Indeks Profesionalitas ASN',2,2,'Tinggi','71.00','2022-04-14 02:46:17','2022-04-14 02:46:17');
/*!40000 ALTER TABLE `renstra_tujuan_indikator` ENABLE KEYS */;
UNLOCK TABLES;

--
-- Table structure for table `renstra_tujuan_target`
--

DROP TABLE IF EXISTS `renstra_tujuan_target`;
/*!40101 SET @saved_cs_client     = @@character_set_client */;
/*!40101 SET character_set_client = utf8 */;
CREATE TABLE `renstra_tujuan_target` (
  `id` bigint(20) unsigned NOT NULL AUTO_INCREMENT,
  `target` varchar(255) COLLATE utf8mb4_unicode_ci NOT NULL,
  `id_indikator_tujuan` bigint(20) unsigned NOT NULL,
  `id_periode_per_tahun` bigint(20) unsigned NOT NULL,
  `created_at` timestamp NULL DEFAULT NULL,
  `updated_at` timestamp NULL DEFAULT NULL,
  PRIMARY KEY (`id`),
  KEY `renstra_tujuan_target_id_indikator_tujuan_foreign` (`id_indikator_tujuan`),
  KEY `renstra_tujuan_target_id_periode_per_tahun_foreign` (`id_periode_per_tahun`),
  CONSTRAINT `renstra_tujuan_target_id_indikator_tujuan_foreign` FOREIGN KEY (`id_indikator_tujuan`) REFERENCES `renstra_tujuan_indikator` (`id`),
  CONSTRAINT `renstra_tujuan_target_id_periode_per_tahun_foreign` FOREIGN KEY (`id_periode_per_tahun`) REFERENCES `mst_periode_per_tahun` (`id`)
) ENGINE=InnoDB AUTO_INCREMENT=11 DEFAULT CHARSET=utf8mb4 COLLATE=utf8mb4_unicode_ci;
/*!40101 SET character_set_client = @saved_cs_client */;

--
-- Dumping data for table `renstra_tujuan_target`
--

LOCK TABLES `renstra_tujuan_target` WRITE;
/*!40000 ALTER TABLE `renstra_tujuan_target` DISABLE KEYS */;
INSERT INTO `renstra_tujuan_target` VALUES (1,'0',1,5,'2022-03-03 23:34:34','2022-03-03 23:34:34'),(2,'0',1,6,'2022-03-03 23:34:34','2022-03-03 23:34:34'),(3,'100',1,7,'2022-03-03 23:34:34','2022-03-03 23:34:34'),(4,'100',1,8,'2022-03-03 23:34:34','2022-03-03 23:34:34'),(5,'100',1,9,'2022-03-03 23:34:34','2022-03-03 23:34:34'),(6,'Tinggi',2,5,'2022-04-14 02:46:17','2022-04-14 02:46:17'),(7,'TInggi',2,6,'2022-04-14 02:46:17','2022-04-14 02:46:17'),(8,'61.00',2,7,'2022-04-14 02:46:17','2022-04-14 02:46:17'),(9,'64.00',2,8,'2022-04-14 02:46:17','2022-04-14 02:46:17'),(10,'71.00',2,9,'2022-04-14 02:46:17','2022-04-14 02:46:17');
/*!40000 ALTER TABLE `renstra_tujuan_target` ENABLE KEYS */;
UNLOCK TABLES;

--
-- Table structure for table `rpjmd_kebijakan`
--

DROP TABLE IF EXISTS `rpjmd_kebijakan`;
/*!40101 SET @saved_cs_client     = @@character_set_client */;
/*!40101 SET character_set_client = utf8 */;
CREATE TABLE `rpjmd_kebijakan` (
  `id` bigint(20) unsigned NOT NULL AUTO_INCREMENT,
  `name` varchar(255) COLLATE utf8mb4_unicode_ci NOT NULL,
  `id_strategi` bigint(20) unsigned NOT NULL,
  `id_periode` bigint(20) unsigned NOT NULL,
  `created_at` timestamp NULL DEFAULT NULL,
  `updated_at` timestamp NULL DEFAULT NULL,
  PRIMARY KEY (`id`),
  KEY `rpjmd_kebijakan_id_strategi_foreign` (`id_strategi`),
  KEY `rpjmd_kebijakan_id_periode_foreign` (`id_periode`),
  CONSTRAINT `rpjmd_kebijakan_id_periode_foreign` FOREIGN KEY (`id_periode`) REFERENCES `mst_periode` (`id`),
  CONSTRAINT `rpjmd_kebijakan_id_strategi_foreign` FOREIGN KEY (`id_strategi`) REFERENCES `rpjmd_strategi` (`id`)
) ENGINE=InnoDB AUTO_INCREMENT=133 DEFAULT CHARSET=utf8mb4 COLLATE=utf8mb4_unicode_ci;
/*!40101 SET character_set_client = @saved_cs_client */;

--
-- Dumping data for table `rpjmd_kebijakan`
--

LOCK TABLES `rpjmd_kebijakan` WRITE;
/*!40000 ALTER TABLE `rpjmd_kebijakan` DISABLE KEYS */;
INSERT INTO `rpjmd_kebijakan` VALUES (5,'Membangun, merehabilitasi dan merevitalisasi sekolah',25,2,'2022-01-28 01:29:57','2022-01-28 01:29:57'),(6,'Menuntaskan rehabilitasi ruang kelas SD dan SMP',25,2,'2022-01-28 01:29:57','2022-01-28 01:29:57'),(7,'Memberikan penunjang pendidikan melalui penerbitan dan pemanfaatan Kartu Bodas untuk siswa SD dan SMP',25,2,'2022-01-28 01:29:57','2022-01-28 01:29:57'),(8,'Meningkatkan layanan pendidikan multi metode berbasis kompetensi',25,2,'2022-01-28 01:29:57','2022-01-28 01:29:57'),(9,'Meningkatkan cakupan sekolah terakreditasi A dan B',25,2,'2022-01-28 01:29:57','2022-01-28 01:29:57'),(10,'Memberikan beasiswa terhadap putra/i daerah berprestasi',25,2,'2022-01-28 01:29:57','2022-01-28 01:29:57'),(11,'Meningkatkan pelayanan PKBM bagi pesantren salafiyyah',25,2,'2022-01-28 01:29:57','2022-01-28 01:29:57'),(12,'Mengembangkan sekolah inklusif di setiap kecamatan',25,2,'2022-01-28 01:29:57','2022-01-28 01:29:57'),(13,'Menggalakkan Forkopimda Goes to School',25,2,'2022-01-28 01:29:57','2022-01-28 01:29:57'),(14,'Meningkatkan kualitas pendidikan melalui Bantuan Sekolah dan Guru Madrasah',25,2,'2022-01-28 01:29:57','2022-01-28 01:29:57'),(15,'Menambahkan 4 (empat) jam pendidikan agama dan pendidikan keagamaan',25,2,'2022-01-28 01:29:57','2022-01-28 01:29:57'),(16,'Meningkatkan kapasitas pendidik dan tenaga kependidikan',26,2,'2022-01-28 01:29:57','2022-01-28 01:29:57'),(17,'Meningkatkan kesejahteraan pendidik dan tenaga kependidikan',26,2,'2022-01-28 01:29:57','2022-01-28 01:29:57'),(18,'Mengembangkan layanan perpustakaan',27,2,'2022-01-28 01:29:57','2022-01-28 01:29:57'),(19,'Mengembangkan sarana dan multi media literasi/baca',27,2,'2022-01-28 01:29:57','2022-01-28 01:29:57'),(20,'Menyediakan alat kesehatan, vaksinasi dan peningkatan pelayanan dalam rangka penanggulangan Covid-19',28,2,'2022-01-28 01:29:57','2022-01-28 01:29:57'),(21,'Memenuhi kebutuhan sarana dan prasarana kesehatan dasar dan rujukan',28,2,'2022-01-28 01:29:57','2022-01-28 01:29:57'),(22,'Meningkatkan peran serta aktif masyarakat dalam pencegahan, pengendalian dan penanganan permasalahan kesehatan',28,2,'2022-01-28 01:29:57','2022-01-28 01:29:57'),(23,'Meningkatkan kapasitas tenaga medis dan tenaga kesehatan dalam upaya peningkatan kualitas dan pelayanan kesehatan',28,2,'2022-01-28 01:29:57','2022-01-28 01:29:57'),(24,'Memberikan kartu sehat (pembayaran JKN Miskin)',28,2,'2022-01-28 01:29:57','2022-01-28 01:29:57'),(25,'Memberikan pelayanan Bogor Siaga',28,2,'2022-01-28 01:29:57','2022-01-28 01:29:57'),(26,'Membangun Rumah Sakit Parung',28,2,'2022-01-28 01:29:57','2022-01-28 01:29:57'),(27,'Menggalakkan Gerakan Bogor Bebas Stunting',28,2,'2022-01-28 01:29:57','2022-01-28 01:29:57'),(28,'Meningkatkan penguatan cadangan pangan dan penganekaragaman pola konsumsi pangan',29,2,'2022-01-28 01:29:57','2022-01-28 01:29:57'),(29,'Meningkatkan kepesertaan KB',30,2,'2022-01-28 01:31:10','2022-01-28 01:31:10'),(30,'Meningkatkan ekonomi keluarga sejahtera',31,2,'2022-01-28 01:31:10','2022-01-28 01:31:10'),(31,'Meningkatkan perlindungan perempuan dan anak dalam keluarga',31,2,'2022-01-28 01:31:10','2022-01-28 01:31:10'),(32,'Membangun Sistem Layanan dan Rujukan Terpadu (SLRT) dalam penanganan PPKS (Graha Pancakarsa)',32,2,'2022-01-28 01:31:10','2022-01-28 01:31:10'),(33,'Meningkatkan fasilitasi bagi masyarakat beresiko sosial',33,2,'2022-01-28 01:31:10','2022-01-28 01:31:10'),(34,'Meningkatkan kapasitas dan peluang kerja',34,2,'2022-01-28 01:31:10','2022-01-28 01:31:10'),(35,'Membangun Career Center',34,2,'2022-01-28 01:31:10','2022-01-28 01:31:10'),(36,'Membangun Lembaga Sertifikasi Profesi Ketenagakerjaan (LSP)',34,2,'2022-01-28 01:31:10','2022-01-28 01:31:10'),(37,'Meningkatkan kemitraan ketenagakerjaan',34,2,'2022-01-28 01:31:10','2022-01-28 01:31:10'),(38,'Fasilitasi sarana dan prasarana infrastruktur pertanian',35,2,'2022-01-28 01:34:38','2022-01-28 01:34:38'),(39,'Fasilitasi sarana dan prasarana infrastruktur perikanan',35,2,'2022-01-28 01:34:38','2022-01-28 01:34:38'),(40,'Mengendalikan dan menanggulangi bencana pertanian',35,2,'2022-01-28 01:34:38','2022-01-28 01:34:38'),(41,'Mengendalikan penyakit hewan dan zoonosis',35,2,'2022-01-28 01:34:38','2022-01-28 01:34:38'),(42,'Menggalakkan gerakan beli beras petani Bogor',35,2,'2022-01-28 01:34:38','2022-01-28 01:34:38'),(43,'Meningkatkan produksi kopi Robusta terbesar di Jawa Barat',35,2,'2022-01-28 01:34:38','2022-01-28 01:34:38'),(44,'Memberikan Asuransi Usaha Tani Padi (AUTP)',35,2,'2022-01-28 01:34:38','2022-01-28 01:34:38'),(45,'Meningkatkan stabilisasi harga bahan pokok dan barang penting',35,2,'2022-01-28 01:34:38','2022-01-28 01:34:38'),(46,'Membangun dan merehabilitasi pasar',35,2,'2022-01-28 01:34:38','2022-01-28 01:34:38'),(47,'Mengembangkan destinasi pariwisata bertaraf nasional dan internasional',35,2,'2022-01-28 01:34:38','2022-01-28 01:34:38'),(48,'Meningkatkan upaya pemasaran dan promosi pariwisata melalui penyelenggaraan event tingkat lokal, regional, nasional dan internasional berbasis teknologi informasi',35,2,'2022-01-28 01:34:38','2022-01-28 01:34:38'),(49,'Menyelenggarakan festival wisata desa',35,2,'2022-01-28 01:34:38','2022-01-28 01:34:38'),(50,'Pengembangan Geopark Pongkor',35,2,'2022-01-28 01:34:38','2022-01-28 01:34:38'),(51,'Sertifikasi pelaku usaha',36,2,'2022-01-28 01:34:38','2022-01-28 01:34:38'),(52,'Meningkatkan jumlah koperasi aktif',36,2,'2022-01-28 01:34:38','2022-01-28 01:34:38'),(53,'Optimalisasi kemitraan UMKM dengan dunia usaha',36,2,'2022-01-28 01:34:38','2022-01-28 01:34:38'),(54,'Meningkatkan kualitas metrologi legal',36,2,'2022-01-28 01:34:38','2022-01-28 01:34:38'),(55,'Meningkatkan kualitas SDM dan kelembagaan petani',36,2,'2022-01-28 01:34:38','2022-01-28 01:34:38'),(56,'Fasilitasi Petani Millenial di Kabupaten Bogor',36,2,'2022-01-28 01:34:38','2022-01-28 01:34:38'),(57,'Optimalisasi dan Pengembangan BUMDes melalui peningkatan manajemen kelembagaan dan unit usaha BUMDes',36,2,'2022-01-28 01:34:38','2022-01-28 01:34:38'),(58,'Pengembangan Ekosistem Usaha Ekonomi Kreatif',36,2,'2022-01-28 01:34:38','2022-01-28 01:34:38'),(59,'Mengembangkan penanaman modal dan peta investasi',37,2,'2022-01-28 01:34:38','2022-01-28 01:34:38'),(60,'Mengembangkan Kawasan Ekonomi Khusus',37,2,'2022-01-28 01:34:38','2022-01-28 01:34:38'),(61,'Menyelenggarakan promosi investasi',38,2,'2022-01-28 01:34:38','2022-01-28 01:34:38'),(62,'Fasilitasi pemasaran produk',38,2,'2022-01-28 01:34:38','2022-01-28 01:34:38'),(63,'Menggalakkan gerakan bela beli produk UMKM/IKM',38,2,'2022-01-28 01:34:38','2022-01-28 01:34:38'),(64,'Meningkatkan kualitas pemuda',39,2,'2022-01-28 01:34:38','2022-01-28 01:34:38'),(65,'Meningkatkan kualitas dan kuantitas insan olahraga',40,2,'2022-01-28 01:40:05','2022-01-28 01:40:05'),(66,'Membangun GOM kecamatan',40,2,'2022-01-28 01:40:05','2022-01-28 01:40:05'),(67,'Mengembangkan pelayanan administrasi kependudukan',41,2,'2022-01-28 01:40:05','2022-01-28 01:40:05'),(68,'Fasilitasi perizinan dan pendaftaran perusahaan',41,2,'2022-01-28 01:40:05','2022-01-28 01:40:05'),(69,'Menerbitkan rekomendasi teknis bahan perizinan',41,2,'2022-01-28 01:40:05','2022-01-28 01:40:05'),(70,'Fasilitasi penerbitan izin usaha koperasi',41,2,'2022-01-28 01:40:05','2022-01-28 01:40:05'),(71,'Meningkatkan kualitas pelaku pembangunan melalui pemberian insentif bagi Ketua RT, Ketua RW, Linmas, Guru Ngaji, Amil, dan Kader Posyandu',41,2,'2022-01-28 01:40:05','2022-01-28 01:40:05'),(72,'Mengoptimalkan pelayanan perijinan',41,2,'2022-01-28 01:40:05','2022-01-28 01:40:05'),(73,'Fasilitasi dan Koordinasi Kinerja Penyelenggaraan Pelayanan Publik',41,2,'2022-01-28 01:40:05','2022-01-28 01:40:05'),(74,'Meningkatkan kualitas perencanaan dan penganggaran terintegrasi',42,2,'2022-01-28 01:40:05','2022-01-28 01:40:05'),(75,'Optimalisasi pengelolaan dan pengamanan barang milik daerah',42,2,'2022-01-28 01:40:05','2022-01-28 01:40:05'),(76,'Meningkatkan kualitas penyelenggaraan pemerintahan daerah',42,2,'2022-01-28 01:40:05','2022-01-28 01:40:05'),(77,'Meningkatkan kapasitas kinerja ASN',42,2,'2022-01-28 01:40:05','2022-01-28 01:40:05'),(78,'Menerapkan manajemen kearsipan yang handal, komprehensif dan terpadu',42,2,'2022-01-28 01:40:05','2022-01-28 01:40:05'),(79,'Meningkatkan kualitas pengawasan',42,2,'2022-01-28 01:40:05','2022-01-28 01:40:05'),(80,'Mengembangkan inovasi dan teknologi perangkat daerah dan masyarakat',42,2,'2022-01-28 01:40:05','2022-01-28 01:40:05'),(81,'Menggiatkan Boling (Bogor Keliling) / Saba Desa',42,2,'2022-01-28 01:40:05','2022-01-28 01:40:05'),(82,'Menyelenggarakan Sekolah Pemerintah Desa',42,2,'2022-01-28 01:40:05','2022-01-28 01:40:05'),(83,'Meningkatkan pelayanan informasi publik terintegrasi',42,2,'2022-01-28 01:40:05','2022-01-28 01:40:05'),(84,'Membangun, merekonstruksi, melebarkan, merehabilitasi dan memelihara jalan',43,2,'2022-01-28 01:40:05','2022-01-28 01:40:05'),(85,'Mengendalikan kinerja lalu lintas',43,2,'2022-01-28 01:40:05','2022-01-28 01:40:05'),(86,'Menata jalur pedestrian dan ruas jalan Kandang Roda-Sentul, Tegar beriman dan kawasan GOR Pakansari',43,2,'2022-01-28 01:40:05','2022-01-28 01:40:05'),(87,'Membangun jalan Poros Tengah Timur',43,2,'2022-01-28 01:40:05','2022-01-28 01:40:05'),(88,'Membangun jalan Bojonggede-Kemang',43,2,'2022-01-28 01:40:05','2022-01-28 01:40:05'),(89,'Membangun jalan lingkar Kebun Raya Cibinong',43,2,'2022-01-28 01:40:05','2022-01-28 01:40:05'),(90,'Membuka akses lingkar jalan tambang',43,2,'2022-01-28 01:40:05','2022-01-28 01:40:05'),(91,'Membangun jalan lingkar Gunungsindur',43,2,'2022-01-28 01:40:05','2022-01-28 01:40:05'),(92,'Membangun Jalan Galuga-Rancabungur',43,2,'2022-01-28 01:40:05','2022-01-28 01:40:05'),(93,'Membangun jalan lingkar Dramaga 2',43,2,'2022-01-28 01:40:05','2022-01-28 01:40:05'),(94,'Merevitalisasi jembatan rawayan/jembatan gantung',43,2,'2022-01-28 01:40:05','2022-01-28 01:40:05'),(95,'Menata kawasan simpang Parung',43,2,'2022-01-28 01:40:05','2022-01-28 01:40:05'),(96,'Membangun fasilitas parkir yang terintegrasi',43,2,'2022-01-28 01:40:05','2022-01-28 01:40:05'),(97,'Meningkatkan pemerataan pembangunan infrastruktur desa yang berkualitas',44,2,'2022-01-28 01:40:05','2022-01-28 01:40:05'),(98,'Betonisasi jalan desa',44,2,'2022-01-28 01:40:05','2022-01-28 01:40:05'),(99,'Meningkatkan partisipasi masyarakat desa dalam pembangunan',45,2,'2022-01-28 01:42:10','2022-01-28 01:42:10'),(100,'Menyediakan rumah layak huni',46,2,'2022-01-28 01:42:10','2022-01-28 01:42:10'),(101,'Menata kawasan permukiman kumuh',46,2,'2022-01-28 01:42:10','2022-01-28 01:42:10'),(102,'Meningkatkan cakupan layanan air minum',46,2,'2022-01-28 01:42:10','2022-01-28 01:42:10'),(103,'Meningkatkan cakupan layanan air limbah',46,2,'2022-01-28 01:42:10','2022-01-28 01:42:10'),(104,'Menyelenggarakan Penataan Bangunan dan Lingkungan',46,2,'2022-01-28 01:42:10','2022-01-28 01:42:10'),(105,'Meningkatkan kualitas desa melalui Bedah Kampung',46,2,'2022-01-28 01:42:10','2022-01-28 01:42:10'),(106,'Menyediakan ruang terbuka publik',46,2,'2022-01-28 01:42:10','2022-01-28 01:42:10'),(107,'Menyediakan sarana prasarana persampahan',47,2,'2022-01-28 01:42:10','2022-01-28 01:42:10'),(108,'Mewujudkan Bogor Antik “Asri Tanpa Plastik',47,2,'2022-01-28 01:42:10','2022-01-28 01:42:10'),(109,'Menangani sampah berbasis zonasi',47,2,'2022-01-28 01:42:10','2022-01-28 01:42:10'),(110,'Mengendalikan pencemaran lingkungan',48,2,'2022-01-28 01:42:10','2022-01-28 01:42:10'),(111,'Melestarikan keanekaragaman hayati',48,2,'2022-01-28 01:42:10','2022-01-28 01:42:10'),(112,'Meningkatkan pelayanan kedaruratan bencana',49,2,'2022-01-28 01:42:10','2022-01-28 01:42:10'),(113,'Meningkatkan layanan rehabilitasi dan rekonstruksi pasca bencana',49,2,'2022-01-28 01:42:10','2022-01-28 01:42:10'),(114,'Meningkatkan cakupan pelayanan kebakaran dan non kebakaran',49,2,'2022-01-28 01:42:10','2022-01-28 01:42:10'),(115,'Meningkatkan kewaspadaan dini bencana',50,2,'2022-01-28 01:43:45','2022-01-28 01:43:45'),(116,'Meningkatkan wawasan kebangsaan dan pembinaan politik',51,2,'2022-01-28 01:43:45','2022-01-28 01:43:45'),(117,'Menggiatkan Jumling',51,2,'2022-01-28 01:43:45','2022-01-28 01:43:45'),(118,'Meningkatkan koordinasi dan fasilitasi di bidang keagamaan',52,2,'2022-01-28 01:43:45','2022-01-28 01:43:45'),(119,'Menggalakkan Gerakan Bogor Ngaos',52,2,'2022-01-28 01:43:45','2022-01-28 01:43:45'),(120,'Menyelenggarakan bedah pesantren',52,2,'2022-01-28 01:43:45','2022-01-28 01:43:45'),(121,'Memberikan bantuan legalitas bagi pondok pesantren',52,2,'2022-01-28 01:43:45','2022-01-28 01:43:45'),(122,'Revitalisasi Islamic Center',52,2,'2022-01-28 01:43:45','2022-01-28 01:43:45'),(123,'Meningkatkan kualitas keagamaan melalui Program Hafizd Quran',52,2,'2022-01-28 01:43:45','2022-01-28 01:43:45'),(124,'Menangani gangguan ketenteraman dan ketertiban umum',53,2,'2022-01-28 01:43:45','2022-01-28 01:43:45'),(125,'Menegakkan Peraturan Daerah dan Peraturan Kepala Daerah',53,2,'2022-01-28 01:43:45','2022-01-28 01:43:45'),(126,'Menggalakkan aksi Nobat \"Nongol Babat\"',53,2,'2022-01-28 01:43:45','2022-01-28 01:43:45'),(127,'Meningkatkan kompetensi perempuan dan pemenuhan hak anak',54,2,'2022-01-28 01:43:45','2022-01-28 01:43:45'),(128,'Menyelenggarakan festival seni dan budaya',55,2,'2022-01-28 01:44:30','2022-01-28 01:44:30'),(129,'Mengembangkan dan melestarikan budaya Cimande',55,2,'2022-01-28 01:44:30','2022-01-28 01:44:30'),(130,'Mengelola cagar budaya daerah',55,2,'2022-01-28 01:44:30','2022-01-28 01:44:30'),(131,'Melestarikan Bahasa Sunda melalui Kemis Nyunda',55,2,'2022-01-28 01:44:30','2022-01-28 01:44:30'),(132,'Melestarikan budaya melalui Bogor Culture Night',55,2,'2022-01-28 01:44:30','2022-01-28 01:44:30');
/*!40000 ALTER TABLE `rpjmd_kebijakan` ENABLE KEYS */;
UNLOCK TABLES;

--
-- Table structure for table `rpjmd_misi`
--

DROP TABLE IF EXISTS `rpjmd_misi`;
/*!40101 SET @saved_cs_client     = @@character_set_client */;
/*!40101 SET character_set_client = utf8 */;
CREATE TABLE `rpjmd_misi` (
  `id` bigint(20) unsigned NOT NULL AUTO_INCREMENT,
  `id_periode` bigint(20) unsigned NOT NULL,
  `misi` varchar(255) COLLATE utf8mb4_unicode_ci NOT NULL,
  `created_at` timestamp NULL DEFAULT NULL,
  `updated_at` timestamp NULL DEFAULT NULL,
  PRIMARY KEY (`id`),
  KEY `rpjmd_misi_id_periode_foreign` (`id_periode`),
  CONSTRAINT `rpjmd_misi_id_periode_foreign` FOREIGN KEY (`id_periode`) REFERENCES `mst_periode` (`id`)
) ENGINE=InnoDB AUTO_INCREMENT=9 DEFAULT CHARSET=utf8mb4 COLLATE=utf8mb4_unicode_ci;
/*!40101 SET character_set_client = @saved_cs_client */;

--
-- Dumping data for table `rpjmd_misi`
--

LOCK TABLES `rpjmd_misi` WRITE;
/*!40000 ALTER TABLE `rpjmd_misi` DISABLE KEYS */;
INSERT INTO `rpjmd_misi` VALUES (1,1,'misi 1','2022-01-13 00:19:08','2022-01-13 00:19:08'),(2,1,'misi 2','2022-01-13 00:19:08','2022-01-13 00:19:08'),(3,1,'misi 3','2022-01-13 00:19:08','2022-01-13 00:19:08'),(4,2,'Mewujudkan masyarakat yang berkualitas.','2022-01-13 01:05:12','2022-01-27 20:42:01'),(5,2,'Mewujudkan perekonomian daerah yang berdaya saing dan\r\nberkelanjutan.','2022-01-13 01:05:12','2022-01-27 20:42:01'),(6,2,'Mewujudkan tata kelola pemerintahan daerah yang baik.','2022-01-13 01:05:12','2022-01-27 20:42:19'),(7,2,'Mewujudkan pembangunan daerah yang merata, berkeadilan, dan\r\nberkelanjutan.','2022-01-13 01:05:12','2022-01-27 20:42:01'),(8,2,'Mewujudkan kesalehan sosial.','2022-01-13 01:05:12','2022-01-27 20:42:19');
/*!40000 ALTER TABLE `rpjmd_misi` ENABLE KEYS */;
UNLOCK TABLES;

--
-- Table structure for table `rpjmd_penanggung_jawab`
--

DROP TABLE IF EXISTS `rpjmd_penanggung_jawab`;
/*!40101 SET @saved_cs_client     = @@character_set_client */;
/*!40101 SET character_set_client = utf8 */;
CREATE TABLE `rpjmd_penanggung_jawab` (
  `id` bigint(20) unsigned NOT NULL AUTO_INCREMENT,
  `id_mst_opd` bigint(20) unsigned NOT NULL,
  `id_rpjmd_program` bigint(20) unsigned NOT NULL,
  `id_periode` bigint(20) unsigned NOT NULL,
  `created_at` timestamp NULL DEFAULT NULL,
  `updated_at` timestamp NULL DEFAULT NULL,
  PRIMARY KEY (`id`),
  KEY `rpjmd_penanggung_jawab_id_mst_opd_foreign` (`id_mst_opd`),
  KEY `rpjmd_penanggung_jawab_id_rpjmd_program_foreign` (`id_rpjmd_program`),
  KEY `rpjmd_penanggung_jawab_id_periode_foreign` (`id_periode`),
  CONSTRAINT `rpjmd_penanggung_jawab_id_mst_opd_foreign` FOREIGN KEY (`id_mst_opd`) REFERENCES `mst_opd` (`id`),
  CONSTRAINT `rpjmd_penanggung_jawab_id_periode_foreign` FOREIGN KEY (`id_periode`) REFERENCES `mst_periode` (`id`),
  CONSTRAINT `rpjmd_penanggung_jawab_id_rpjmd_program_foreign` FOREIGN KEY (`id_rpjmd_program`) REFERENCES `rpjmd_program` (`id`)
) ENGINE=InnoDB AUTO_INCREMENT=402 DEFAULT CHARSET=utf8mb4 COLLATE=utf8mb4_unicode_ci;
/*!40101 SET character_set_client = @saved_cs_client */;

--
-- Dumping data for table `rpjmd_penanggung_jawab`
--

LOCK TABLES `rpjmd_penanggung_jawab` WRITE;
/*!40000 ALTER TABLE `rpjmd_penanggung_jawab` DISABLE KEYS */;
INSERT INTO `rpjmd_penanggung_jawab` VALUES (1,73,59,2,'2022-01-31 00:13:03','2022-01-31 00:13:03'),(2,72,60,2,'2022-01-31 00:17:06','2022-01-31 00:17:06'),(3,66,61,2,'2022-01-31 00:17:06','2022-01-31 00:17:06'),(4,54,62,2,'2022-01-31 00:24:08','2022-01-31 00:24:08'),(5,54,63,2,'2022-01-31 00:24:08','2022-01-31 00:24:08'),(6,54,64,2,'2022-01-31 00:24:08','2022-01-31 00:24:08'),(7,64,67,2,'2022-01-31 00:24:08','2022-01-31 00:24:08'),(8,64,68,2,'2022-01-31 00:24:08','2022-01-31 00:24:08'),(9,64,69,2,'2022-01-31 00:24:08','2022-01-31 00:24:08'),(10,71,70,2,'2022-01-31 00:26:41','2022-01-31 00:26:41'),(11,71,71,2,'2022-01-31 00:26:41','2022-01-31 00:26:41'),(12,71,72,2,'2022-01-31 00:26:41','2022-01-31 00:26:41'),(13,71,73,2,'2022-01-31 00:26:41','2022-01-31 00:26:41'),(14,56,74,2,'2022-01-31 00:26:41','2022-01-31 00:26:41'),(15,56,75,2,'2022-01-31 00:26:41','2022-01-31 00:26:41'),(16,55,76,2,'2022-01-31 00:32:56','2022-01-31 00:32:56'),(17,65,77,2,'2022-01-31 00:32:56','2022-01-31 00:32:56'),(18,65,78,2,'2022-01-31 00:32:56','2022-01-31 00:32:56'),(19,65,79,2,'2022-01-31 00:32:56','2022-01-31 00:32:56'),(20,65,80,2,'2022-01-31 00:32:56','2022-01-31 00:32:56'),(21,65,81,2,'2022-01-31 00:32:56','2022-01-31 00:32:56'),(22,65,82,2,'2022-01-31 00:32:56','2022-01-31 00:32:56'),(23,76,83,2,'2022-01-31 00:32:56','2022-01-31 00:32:56'),(24,63,84,2,'2022-01-31 00:32:56','2022-01-31 00:32:56'),(25,63,85,2,'2022-01-31 00:32:56','2022-01-31 00:32:56'),(26,52,86,2,'2022-01-31 00:32:56','2022-01-31 00:32:56'),(27,63,87,2,'2022-01-31 00:36:02','2022-01-31 00:36:02'),(28,52,88,2,'2022-01-31 00:36:02','2022-01-31 00:36:02'),(29,76,89,2,'2022-01-31 00:36:02','2022-01-31 00:36:02'),(30,76,90,2,'2022-01-31 00:36:02','2022-01-31 00:36:02'),(31,61,91,2,'2022-01-31 00:36:02','2022-01-31 00:36:02'),(32,61,92,2,'2022-01-31 00:36:02','2022-01-31 00:36:02'),(33,45,93,2,'2022-01-31 00:36:02','2022-01-31 00:36:02'),(34,45,94,2,'2022-01-31 00:36:02','2022-01-31 00:36:02'),(35,58,95,2,'2022-01-31 00:36:02','2022-01-31 00:36:02'),(36,49,96,2,'2022-01-31 00:36:02','2022-01-31 00:36:02'),(37,49,97,2,'2022-01-31 00:36:02','2022-01-31 00:36:02'),(38,46,98,2,'2022-01-31 00:36:02','2022-01-31 00:36:02'),(39,70,99,2,'2022-01-31 00:36:02','2022-01-31 00:36:02'),(40,51,100,2,'2022-01-31 01:03:47','2022-01-31 01:03:47'),(41,1,101,2,'2022-01-31 01:03:47','2022-01-31 01:03:47'),(42,59,102,2,'2022-01-31 01:03:47','2022-01-31 01:03:47'),(43,50,103,2,'2022-01-31 01:03:47','2022-01-31 01:03:47'),(44,70,104,2,'2022-01-31 01:03:47','2022-01-31 01:03:47'),(45,60,105,2,'2022-01-31 01:03:47','2022-01-31 01:03:47'),(46,74,106,2,'2022-01-31 01:03:47','2022-01-31 01:03:47'),(47,74,107,2,'2022-01-31 01:03:47','2022-01-31 01:03:47'),(48,74,108,2,'2022-01-31 01:03:47','2022-01-31 01:03:47'),(49,74,109,2,'2022-01-31 01:03:47','2022-01-31 01:03:47'),(50,60,110,2,'2022-01-31 01:03:47','2022-01-31 01:03:47'),(51,62,111,2,'2022-01-31 01:03:47','2022-01-31 01:03:47'),(52,53,112,2,'2022-01-31 01:03:47','2022-01-31 01:03:47'),(53,62,113,2,'2022-01-31 01:03:47','2022-01-31 01:03:47'),(54,67,114,2,'2022-01-31 01:03:47','2022-01-31 01:03:47'),(55,64,115,2,'2022-01-31 01:03:47','2022-01-31 01:03:47'),(56,61,116,2,'2022-01-31 01:03:47','2022-01-31 01:03:47'),(57,61,117,2,'2022-01-31 01:03:47','2022-01-31 01:03:47'),(58,61,118,2,'2022-01-31 01:03:47','2022-01-31 01:03:47'),(59,73,101,2,'2022-03-30 14:13:46','2022-03-30 14:13:46'),(60,66,101,2,'2022-03-30 14:18:20','2022-03-30 14:18:20'),(61,73,120,2,'2022-03-30 14:20:16','2022-03-30 14:20:16'),(62,73,121,2,'2022-03-30 14:20:16','2022-03-30 14:20:16'),(63,66,122,2,'2022-03-30 14:20:16','2022-03-30 14:20:16'),(64,66,123,2,'2022-03-30 14:20:16','2022-03-30 14:20:16'),(65,66,124,2,'2022-03-30 14:20:16','2022-03-30 14:20:16'),(66,59,101,2,'2022-03-30 15:06:50','2022-03-30 15:06:50'),(67,59,131,2,'2022-03-30 15:10:14','2022-03-30 15:10:14'),(68,59,126,2,'2022-03-30 15:10:14','2022-03-30 15:10:14'),(69,59,127,2,'2022-03-30 15:10:14','2022-03-30 15:10:14'),(70,59,128,2,'2022-03-30 15:10:14','2022-03-30 15:10:14'),(71,60,129,2,'2022-03-30 15:10:14','2022-03-30 15:10:14'),(72,60,130,2,'2022-03-30 15:10:14','2022-03-30 15:10:14'),(73,59,132,2,'2022-03-30 15:10:14','2022-03-30 15:10:14'),(74,59,125,2,'2022-03-30 15:10:14','2022-03-30 15:10:14'),(75,60,101,2,'2022-03-30 15:15:51','2022-03-30 15:15:51'),(76,60,133,2,'2022-03-30 15:16:59','2022-03-30 15:16:59'),(77,67,101,2,'2022-03-30 15:18:10','2022-03-30 15:18:10'),(78,62,101,2,'2022-03-30 15:19:00','2022-03-30 15:19:00'),(79,53,101,2,'2022-03-30 15:21:36','2022-03-30 15:21:36'),(80,71,134,2,'2022-03-30 15:26:32','2022-03-30 15:26:32'),(81,71,135,2,'2022-03-30 15:26:32','2022-03-30 15:26:32'),(82,71,101,2,'2022-03-30 15:26:59','2022-03-30 15:26:59'),(83,56,136,2,'2022-03-30 15:30:41','2022-03-30 15:30:41'),(84,56,137,2,'2022-03-30 15:30:41','2022-03-30 15:30:41'),(85,56,101,2,'2022-03-30 15:30:41','2022-03-30 15:30:41'),(86,64,140,2,'2022-03-30 15:38:06','2022-03-30 15:38:06'),(87,64,141,2,'2022-03-30 15:38:06','2022-03-30 15:38:06'),(88,64,142,2,'2022-03-30 15:38:06','2022-03-30 15:38:06'),(89,64,101,2,'2022-03-30 15:38:06','2022-03-30 15:38:06'),(90,64,138,2,'2022-03-30 15:38:06','2022-03-30 15:38:06'),(91,64,139,2,'2022-03-30 15:38:06','2022-03-30 15:38:06'),(92,54,101,2,'2022-03-30 15:57:06','2022-03-30 15:57:06'),(93,60,144,2,'2022-03-30 16:01:06','2022-03-30 16:01:06'),(94,60,145,2,'2022-03-30 16:01:06','2022-03-30 16:01:06'),(95,60,146,2,'2022-03-30 16:01:06','2022-03-30 16:01:06'),(96,60,147,2,'2022-03-30 16:01:06','2022-03-30 16:01:06'),(97,74,148,2,'2022-03-30 16:05:28','2022-03-30 16:05:28'),(98,74,149,2,'2022-03-30 16:05:28','2022-03-30 16:05:28'),(99,74,150,2,'2022-03-30 16:05:28','2022-03-30 16:05:28'),(100,74,151,2,'2022-03-30 16:05:28','2022-03-30 16:05:28'),(101,74,152,2,'2022-03-30 16:05:28','2022-03-30 16:05:28'),(102,74,101,2,'2022-03-30 16:05:47','2022-03-30 16:05:47'),(103,45,153,2,'2022-03-30 16:08:35','2022-03-30 16:08:35'),(104,45,101,2,'2022-03-30 16:08:35','2022-03-30 16:08:35'),(105,45,154,2,'2022-03-30 16:09:09','2022-03-30 16:09:09'),(106,70,101,2,'2022-03-30 16:14:47','2022-03-30 16:14:47'),(107,70,155,2,'2022-03-30 16:14:47','2022-03-30 16:14:47'),(108,70,156,2,'2022-03-30 16:14:47','2022-03-30 16:14:47'),(109,50,101,2,'2022-03-30 16:17:29','2022-03-30 16:17:29'),(110,50,157,2,'2022-03-30 16:17:29','2022-03-30 16:17:29'),(111,51,101,2,'2022-03-30 16:20:09','2022-03-30 16:20:09'),(112,63,158,2,'2022-03-30 16:24:56','2022-03-30 16:24:56'),(113,63,159,2,'2022-03-30 16:24:56','2022-03-30 16:24:56'),(114,63,160,2,'2022-03-30 16:24:56','2022-03-30 16:24:56'),(115,63,161,2,'2022-03-30 16:24:56','2022-03-30 16:24:56'),(116,63,101,2,'2022-03-30 16:24:56','2022-03-30 16:24:56'),(117,52,163,2,'2022-03-30 16:28:33','2022-03-30 16:28:33'),(118,52,164,2,'2022-03-30 16:28:33','2022-03-30 16:28:33'),(119,52,162,2,'2022-03-30 16:28:33','2022-03-30 16:28:33'),(120,52,101,2,'2022-03-30 16:28:33','2022-03-30 16:28:33'),(121,68,165,2,'2022-03-30 16:30:07','2022-03-30 16:30:07'),(122,68,166,2,'2022-03-30 16:30:07','2022-03-30 16:30:07'),(123,68,167,2,'2022-03-30 16:30:07','2022-03-30 16:30:07'),(124,68,101,2,'2022-03-30 16:30:07','2022-03-30 16:30:07'),(125,51,168,2,'2022-03-30 16:30:56','2022-03-30 16:30:56'),(126,51,169,2,'2022-03-30 16:31:46','2022-03-30 16:31:46'),(127,61,101,2,'2022-03-30 16:32:31','2022-03-30 16:32:31'),(128,72,170,2,'2022-03-30 16:33:42','2022-03-30 16:33:42'),(129,72,101,2,'2022-03-30 16:33:42','2022-03-30 16:33:42'),(130,65,101,2,'2022-03-30 16:39:20','2022-03-30 16:39:20'),(131,61,174,2,'2022-03-30 16:42:57','2022-03-30 16:42:57'),(132,54,143,2,'2022-03-30 17:09:37','2022-03-30 17:09:37'),(133,65,176,2,'2022-03-30 17:09:37','2022-03-30 17:09:37'),(134,55,176,2,'2022-03-30 17:09:37','2022-03-30 17:09:37'),(135,55,175,2,'2022-03-30 17:09:37','2022-03-30 17:09:37'),(136,65,175,2,'2022-03-30 17:09:37','2022-03-30 17:09:37'),(137,55,177,2,'2022-03-30 17:11:25','2022-03-30 17:11:25'),(138,65,177,2,'2022-03-30 17:11:25','2022-03-30 17:11:25'),(139,55,101,2,'2022-03-30 17:11:25','2022-03-30 17:11:25'),(140,76,179,2,'2022-03-30 17:16:13','2022-03-30 17:16:13'),(141,76,178,2,'2022-03-30 17:16:13','2022-03-30 17:16:13'),(142,76,180,2,'2022-03-30 17:16:13','2022-03-30 17:16:13'),(143,76,101,2,'2022-03-30 17:16:13','2022-03-30 17:16:13'),(144,76,181,2,'2022-03-30 17:18:03','2022-03-30 17:18:03'),(145,76,182,2,'2022-03-30 17:18:03','2022-03-30 17:18:03'),(146,76,183,2,'2022-03-30 17:18:38','2022-03-30 17:18:38'),(147,56,184,2,'2022-03-30 17:19:31','2022-03-30 17:19:31'),(148,1,185,2,'2022-03-30 17:23:31','2022-03-30 17:23:31'),(149,1,186,2,'2022-03-30 17:23:31','2022-03-30 17:23:31'),(150,47,101,2,'2022-03-30 17:23:32','2022-03-30 17:23:32'),(151,47,188,2,'2022-03-30 17:23:32','2022-03-30 17:23:32'),(152,58,101,2,'2022-03-30 17:25:32','2022-03-30 17:25:32'),(153,58,189,2,'2022-03-30 17:25:32','2022-03-30 17:25:32'),(154,58,190,2,'2022-03-30 17:25:32','2022-03-30 17:25:32'),(155,49,101,2,'2022-03-30 17:26:27','2022-03-30 17:26:27'),(156,69,101,2,'2022-03-30 17:28:18','2022-03-30 17:28:18'),(157,69,191,2,'2022-03-30 17:28:18','2022-03-30 17:28:18'),(158,75,101,2,'2022-03-30 17:29:45','2022-03-30 17:29:45'),(159,75,192,2,'2022-03-30 17:29:45','2022-03-30 17:29:45'),(160,75,193,2,'2022-03-30 17:30:31','2022-03-30 17:30:31'),(161,46,101,2,'2022-03-30 17:32:04','2022-03-30 17:32:04'),(162,46,194,2,'2022-03-30 17:32:04','2022-03-30 17:32:04'),(163,2,195,2,'2022-03-30 17:41:30','2022-03-30 17:41:30'),(164,3,195,2,'2022-03-30 17:41:30','2022-03-30 17:41:30'),(165,4,195,2,'2022-03-30 17:41:30','2022-03-30 17:41:30'),(166,5,195,2,'2022-03-30 17:41:30','2022-03-30 17:41:30'),(167,6,195,2,'2022-03-30 17:41:30','2022-03-30 17:41:30'),(168,7,195,2,'2022-03-30 17:41:30','2022-03-30 17:41:30'),(169,8,195,2,'2022-03-30 17:41:30','2022-03-30 17:41:30'),(170,9,195,2,'2022-03-30 17:41:30','2022-03-30 17:41:30'),(171,10,195,2,'2022-03-30 17:41:30','2022-03-30 17:41:30'),(172,11,195,2,'2022-03-30 17:41:30','2022-03-30 17:41:30'),(173,12,195,2,'2022-03-30 17:41:30','2022-03-30 17:41:30'),(174,13,195,2,'2022-03-30 17:41:30','2022-03-30 17:41:30'),(175,14,195,2,'2022-03-30 17:41:30','2022-03-30 17:41:30'),(176,15,195,2,'2022-03-30 17:41:30','2022-03-30 17:41:30'),(177,16,195,2,'2022-03-30 17:41:30','2022-03-30 17:41:30'),(178,17,195,2,'2022-03-30 17:41:30','2022-03-30 17:41:30'),(179,18,195,2,'2022-03-30 17:41:30','2022-03-30 17:41:30'),(180,19,195,2,'2022-03-30 17:41:30','2022-03-30 17:41:30'),(181,20,195,2,'2022-03-30 17:41:30','2022-03-30 17:41:30'),(182,21,195,2,'2022-03-30 17:41:30','2022-03-30 17:41:30'),(183,22,195,2,'2022-03-30 17:41:30','2022-03-30 17:41:30'),(184,23,195,2,'2022-03-30 17:41:30','2022-03-30 17:41:30'),(185,24,195,2,'2022-03-30 17:41:30','2022-03-30 17:41:30'),(186,25,195,2,'2022-03-30 17:41:30','2022-03-30 17:41:30'),(187,26,195,2,'2022-03-30 17:41:30','2022-03-30 17:41:30'),(188,27,195,2,'2022-03-30 17:41:30','2022-03-30 17:41:30'),(189,28,195,2,'2022-03-30 17:41:30','2022-03-30 17:41:30'),(190,29,195,2,'2022-03-30 17:41:30','2022-03-30 17:41:30'),(191,30,195,2,'2022-03-30 17:41:30','2022-03-30 17:41:30'),(192,31,195,2,'2022-03-30 17:41:30','2022-03-30 17:41:30'),(193,32,195,2,'2022-03-30 17:41:30','2022-03-30 17:41:30'),(194,33,195,2,'2022-03-30 17:41:30','2022-03-30 17:41:30'),(195,34,195,2,'2022-03-30 17:41:30','2022-03-30 17:41:30'),(196,35,195,2,'2022-03-30 17:41:30','2022-03-30 17:41:30'),(197,36,195,2,'2022-03-30 17:41:30','2022-03-30 17:41:30'),(198,38,195,2,'2022-03-30 17:41:30','2022-03-30 17:41:30'),(199,39,195,2,'2022-03-30 17:41:30','2022-03-30 17:41:30'),(200,40,195,2,'2022-03-30 17:41:30','2022-03-30 17:41:30'),(201,41,195,2,'2022-03-30 17:41:30','2022-03-30 17:41:30'),(202,36,196,2,'2022-03-30 17:48:10','2022-03-30 17:48:10'),(203,4,196,2,'2022-03-30 17:48:10','2022-03-30 17:48:10'),(204,9,196,2,'2022-03-30 17:48:10','2022-03-30 17:48:10'),(205,2,196,2,'2022-03-30 17:48:10','2022-03-30 17:48:10'),(206,21,196,2,'2022-03-30 17:48:10','2022-03-30 17:48:10'),(207,37,196,2,'2022-03-30 17:48:10','2022-03-30 17:48:10'),(208,16,196,2,'2022-03-30 17:48:10','2022-03-30 17:48:10'),(209,28,196,2,'2022-03-30 17:48:10','2022-03-30 17:48:10'),(210,15,196,2,'2022-03-30 17:48:10','2022-03-30 17:48:10'),(211,20,196,2,'2022-03-30 17:48:10','2022-03-30 17:48:10'),(212,27,196,2,'2022-03-30 17:48:10','2022-03-30 17:48:10'),(213,23,196,2,'2022-03-30 17:48:10','2022-03-30 17:48:10'),(214,10,196,2,'2022-03-30 17:48:10','2022-03-30 17:48:10'),(215,3,196,2,'2022-03-30 17:48:10','2022-03-30 17:48:10'),(216,38,196,2,'2022-03-30 17:48:10','2022-03-30 17:48:10'),(217,25,196,2,'2022-03-30 17:48:10','2022-03-30 17:48:10'),(218,29,196,2,'2022-03-30 17:48:10','2022-03-30 17:48:10'),(219,8,196,2,'2022-03-30 17:48:10','2022-03-30 17:48:10'),(220,7,196,2,'2022-03-30 17:48:10','2022-03-30 17:48:10'),(221,12,196,2,'2022-03-30 17:48:10','2022-03-30 17:48:10'),(222,19,196,2,'2022-03-30 17:48:10','2022-03-30 17:48:10'),(223,17,196,2,'2022-03-30 17:48:10','2022-03-30 17:48:10'),(224,31,196,2,'2022-03-30 17:48:10','2022-03-30 17:48:10'),(225,33,196,2,'2022-03-30 17:48:10','2022-03-30 17:48:10'),(226,18,196,2,'2022-03-30 17:48:10','2022-03-30 17:48:10'),(227,32,196,2,'2022-03-30 17:48:10','2022-03-30 17:48:10'),(228,34,196,2,'2022-03-30 17:48:10','2022-03-30 17:48:10'),(229,13,196,2,'2022-03-30 17:48:10','2022-03-30 17:48:10'),(230,11,196,2,'2022-03-30 17:48:10','2022-03-30 17:48:10'),(231,30,196,2,'2022-03-30 17:48:10','2022-03-30 17:48:10'),(232,26,196,2,'2022-03-30 17:48:10','2022-03-30 17:48:10'),(233,14,196,2,'2022-03-30 17:48:10','2022-03-30 17:48:10'),(234,6,196,2,'2022-03-30 17:48:10','2022-03-30 17:48:10'),(235,5,196,2,'2022-03-30 17:48:10','2022-03-30 17:48:10'),(236,35,196,2,'2022-03-30 17:48:10','2022-03-30 17:48:10'),(237,24,196,2,'2022-03-30 17:48:10','2022-03-30 17:48:10'),(238,40,196,2,'2022-03-30 17:48:10','2022-03-30 17:48:10'),(239,41,196,2,'2022-03-30 17:48:10','2022-03-30 17:48:10'),(240,22,196,2,'2022-03-30 17:48:10','2022-03-30 17:48:10'),(241,39,196,2,'2022-03-30 17:48:10','2022-03-30 17:48:10'),(242,36,197,2,'2022-03-30 17:55:47','2022-03-30 17:55:47'),(243,4,197,2,'2022-03-30 17:55:47','2022-03-30 17:55:47'),(244,9,197,2,'2022-03-30 17:55:47','2022-03-30 17:55:47'),(245,2,197,2,'2022-03-30 17:55:47','2022-03-30 17:55:47'),(246,37,197,2,'2022-03-30 17:55:47','2022-03-30 17:55:47'),(247,16,197,2,'2022-03-30 17:55:47','2022-03-30 17:55:47'),(248,21,197,2,'2022-03-30 17:55:47','2022-03-30 17:55:47'),(249,28,197,2,'2022-03-30 17:55:47','2022-03-30 17:55:47'),(250,20,197,2,'2022-03-30 17:55:47','2022-03-30 17:55:47'),(251,15,197,2,'2022-03-30 17:55:47','2022-03-30 17:55:47'),(252,27,197,2,'2022-03-30 17:55:47','2022-03-30 17:55:47'),(253,23,197,2,'2022-03-30 17:55:47','2022-03-30 17:55:47'),(254,10,197,2,'2022-03-30 17:55:47','2022-03-30 17:55:47'),(255,38,197,2,'2022-03-30 17:55:47','2022-03-30 17:55:47'),(256,3,197,2,'2022-03-30 17:55:47','2022-03-30 17:55:47'),(257,25,197,2,'2022-03-30 17:55:47','2022-03-30 17:55:47'),(258,29,197,2,'2022-03-30 17:55:47','2022-03-30 17:55:47'),(259,8,197,2,'2022-03-30 17:55:47','2022-03-30 17:55:47'),(260,7,197,2,'2022-03-30 17:55:47','2022-03-30 17:55:47'),(261,12,197,2,'2022-03-30 17:55:47','2022-03-30 17:55:47'),(262,19,197,2,'2022-03-30 17:55:47','2022-03-30 17:55:47'),(263,17,197,2,'2022-03-30 17:55:47','2022-03-30 17:55:47'),(264,31,197,2,'2022-03-30 17:55:47','2022-03-30 17:55:47'),(265,33,197,2,'2022-03-30 17:55:47','2022-03-30 17:55:47'),(266,18,197,2,'2022-03-30 17:55:47','2022-03-30 17:55:47'),(267,32,197,2,'2022-03-30 17:55:47','2022-03-30 17:55:47'),(268,13,197,2,'2022-03-30 17:55:47','2022-03-30 17:55:47'),(269,34,197,2,'2022-03-30 17:55:47','2022-03-30 17:55:47'),(270,11,197,2,'2022-03-30 17:55:47','2022-03-30 17:55:47'),(271,30,197,2,'2022-03-30 17:55:47','2022-03-30 17:55:47'),(272,26,197,2,'2022-03-30 17:55:47','2022-03-30 17:55:47'),(273,14,197,2,'2022-03-30 17:55:47','2022-03-30 17:55:47'),(274,6,197,2,'2022-03-30 17:55:47','2022-03-30 17:55:47'),(275,5,197,2,'2022-03-30 17:55:47','2022-03-30 17:55:47'),(276,35,197,2,'2022-03-30 17:55:47','2022-03-30 17:55:47'),(277,24,197,2,'2022-03-30 17:55:47','2022-03-30 17:55:47'),(278,40,197,2,'2022-03-30 17:55:47','2022-03-30 17:55:47'),(279,22,197,2,'2022-03-30 17:55:47','2022-03-30 17:55:47'),(280,39,197,2,'2022-03-30 17:55:47','2022-03-30 17:55:47'),(281,36,198,2,'2022-03-30 18:01:07','2022-03-30 18:01:07'),(282,2,198,2,'2022-03-30 18:01:07','2022-03-30 18:01:07'),(283,9,198,2,'2022-03-30 18:01:07','2022-03-30 18:01:07'),(284,37,198,2,'2022-03-30 18:01:07','2022-03-30 18:01:07'),(285,16,198,2,'2022-03-30 18:01:07','2022-03-30 18:01:07'),(286,21,198,2,'2022-03-30 18:01:07','2022-03-30 18:01:07'),(287,28,198,2,'2022-03-30 18:01:07','2022-03-30 18:01:07'),(288,20,198,2,'2022-03-30 18:01:07','2022-03-30 18:01:07'),(289,15,198,2,'2022-03-30 18:01:07','2022-03-30 18:01:07'),(290,27,198,2,'2022-03-30 18:01:07','2022-03-30 18:01:07'),(291,10,198,2,'2022-03-30 18:01:07','2022-03-30 18:01:07'),(292,38,198,2,'2022-03-30 18:01:07','2022-03-30 18:01:07'),(293,3,198,2,'2022-03-30 18:01:07','2022-03-30 18:01:07'),(294,25,198,2,'2022-03-30 18:01:07','2022-03-30 18:01:07'),(295,29,198,2,'2022-03-30 18:01:07','2022-03-30 18:01:07'),(296,8,198,2,'2022-03-30 18:01:07','2022-03-30 18:01:07'),(297,7,198,2,'2022-03-30 18:01:07','2022-03-30 18:01:07'),(298,12,198,2,'2022-03-30 18:01:07','2022-03-30 18:01:07'),(299,19,198,2,'2022-03-30 18:01:07','2022-03-30 18:01:07'),(300,4,198,2,'2022-03-30 18:01:07','2022-03-30 18:01:07'),(301,17,198,2,'2022-03-30 18:01:07','2022-03-30 18:01:07'),(302,31,198,2,'2022-03-30 18:01:07','2022-03-30 18:01:07'),(303,33,198,2,'2022-03-30 18:01:07','2022-03-30 18:01:07'),(304,18,198,2,'2022-03-30 18:01:07','2022-03-30 18:01:07'),(305,32,198,2,'2022-03-30 18:01:07','2022-03-30 18:01:07'),(306,34,198,2,'2022-03-30 18:01:07','2022-03-30 18:01:07'),(307,13,198,2,'2022-03-30 18:01:07','2022-03-30 18:01:07'),(308,11,198,2,'2022-03-30 18:01:07','2022-03-30 18:01:07'),(309,30,198,2,'2022-03-30 18:01:07','2022-03-30 18:01:07'),(310,26,198,2,'2022-03-30 18:01:07','2022-03-30 18:01:07'),(311,14,198,2,'2022-03-30 18:01:07','2022-03-30 18:01:07'),(312,6,198,2,'2022-03-30 18:01:07','2022-03-30 18:01:07'),(313,5,198,2,'2022-03-30 18:01:07','2022-03-30 18:01:07'),(314,35,198,2,'2022-03-30 18:01:07','2022-03-30 18:01:07'),(315,24,198,2,'2022-03-30 18:01:07','2022-03-30 18:01:07'),(316,40,198,2,'2022-03-30 18:01:07','2022-03-30 18:01:07'),(317,22,198,2,'2022-03-30 18:01:07','2022-03-30 18:01:07'),(318,39,198,2,'2022-03-30 18:01:07','2022-03-30 18:01:07'),(319,36,199,2,'2022-03-30 18:07:18','2022-03-30 18:07:18'),(320,4,199,2,'2022-03-30 18:07:18','2022-03-30 18:07:18'),(321,2,199,2,'2022-03-30 18:07:18','2022-03-30 18:07:18'),(322,9,199,2,'2022-03-30 18:07:18','2022-03-30 18:07:18'),(323,37,199,2,'2022-03-30 18:07:18','2022-03-30 18:07:18'),(324,16,199,2,'2022-03-30 18:07:18','2022-03-30 18:07:18'),(325,21,199,2,'2022-03-30 18:07:18','2022-03-30 18:07:18'),(326,28,199,2,'2022-03-30 18:07:18','2022-03-30 18:07:18'),(327,20,199,2,'2022-03-30 18:07:18','2022-03-30 18:07:18'),(328,15,199,2,'2022-03-30 18:07:18','2022-03-30 18:07:18'),(329,27,199,2,'2022-03-30 18:07:18','2022-03-30 18:07:18'),(330,23,199,2,'2022-03-30 18:07:18','2022-03-30 18:07:18'),(331,10,199,2,'2022-03-30 18:07:18','2022-03-30 18:07:18'),(332,38,199,2,'2022-03-30 18:07:18','2022-03-30 18:07:18'),(333,3,199,2,'2022-03-30 18:07:18','2022-03-30 18:07:18'),(334,29,199,2,'2022-03-30 18:07:18','2022-03-30 18:07:18'),(335,8,199,2,'2022-03-30 18:07:18','2022-03-30 18:07:18'),(336,7,199,2,'2022-03-30 18:07:18','2022-03-30 18:07:18'),(337,12,199,2,'2022-03-30 18:07:18','2022-03-30 18:07:18'),(338,19,199,2,'2022-03-30 18:07:18','2022-03-30 18:07:18'),(339,17,199,2,'2022-03-30 18:07:18','2022-03-30 18:07:18'),(340,31,199,2,'2022-03-30 18:07:18','2022-03-30 18:07:18'),(341,33,199,2,'2022-03-30 18:07:18','2022-03-30 18:07:18'),(342,18,199,2,'2022-03-30 18:07:18','2022-03-30 18:07:18'),(343,32,199,2,'2022-03-30 18:07:18','2022-03-30 18:07:18'),(344,34,199,2,'2022-03-30 18:07:18','2022-03-30 18:07:18'),(345,13,199,2,'2022-03-30 18:07:18','2022-03-30 18:07:18'),(346,11,199,2,'2022-03-30 18:07:18','2022-03-30 18:07:18'),(347,30,199,2,'2022-03-30 18:07:18','2022-03-30 18:07:18'),(348,26,199,2,'2022-03-30 18:07:18','2022-03-30 18:07:18'),(349,14,199,2,'2022-03-30 18:07:18','2022-03-30 18:07:18'),(350,6,199,2,'2022-03-30 18:07:18','2022-03-30 18:07:18'),(351,5,199,2,'2022-03-30 18:07:18','2022-03-30 18:07:18'),(352,35,199,2,'2022-03-30 18:07:18','2022-03-30 18:07:18'),(353,24,199,2,'2022-03-30 18:07:18','2022-03-30 18:07:18'),(354,40,199,2,'2022-03-30 18:07:18','2022-03-30 18:07:18'),(355,41,199,2,'2022-03-30 18:07:18','2022-03-30 18:07:18'),(356,22,199,2,'2022-03-30 18:07:18','2022-03-30 18:07:18'),(357,39,199,2,'2022-03-30 18:07:18','2022-03-30 18:07:18'),(358,36,101,2,'2022-03-30 18:12:07','2022-03-30 18:12:07'),(359,4,101,2,'2022-03-30 18:12:07','2022-03-30 18:12:07'),(360,2,101,2,'2022-03-30 18:12:07','2022-03-30 18:12:07'),(361,9,101,2,'2022-03-30 18:12:07','2022-03-30 18:12:07'),(362,21,101,2,'2022-03-30 18:12:07','2022-03-30 18:12:07'),(363,28,101,2,'2022-03-30 18:12:07','2022-03-30 18:12:07'),(364,10,101,2,'2022-03-30 18:12:07','2022-03-30 18:12:07'),(365,38,101,2,'2022-03-30 18:12:07','2022-03-30 18:12:07'),(366,16,101,2,'2022-03-30 18:12:07','2022-03-30 18:12:07'),(367,37,101,2,'2022-03-30 18:12:07','2022-03-30 18:12:07'),(368,20,101,2,'2022-03-30 18:12:07','2022-03-30 18:12:07'),(369,15,101,2,'2022-03-30 18:12:07','2022-03-30 18:12:07'),(370,27,101,2,'2022-03-30 18:12:07','2022-03-30 18:12:07'),(371,23,101,2,'2022-03-30 18:12:07','2022-03-30 18:12:07'),(372,25,101,2,'2022-03-30 18:12:07','2022-03-30 18:12:07'),(373,3,101,2,'2022-03-30 18:12:07','2022-03-30 18:12:07'),(374,29,101,2,'2022-03-30 18:12:07','2022-03-30 18:12:07'),(375,8,101,2,'2022-03-30 18:12:07','2022-03-30 18:12:07'),(376,7,101,2,'2022-03-30 18:12:07','2022-03-30 18:12:07'),(377,12,101,2,'2022-03-30 18:12:07','2022-03-30 18:12:07'),(378,19,101,2,'2022-03-30 18:12:07','2022-03-30 18:12:07'),(379,17,101,2,'2022-03-30 18:12:07','2022-03-30 18:12:07'),(380,31,101,2,'2022-03-30 18:12:07','2022-03-30 18:12:07'),(381,33,101,2,'2022-03-30 18:12:07','2022-03-30 18:12:07'),(382,18,101,2,'2022-03-30 18:12:07','2022-03-30 18:12:07'),(383,32,101,2,'2022-03-30 18:12:07','2022-03-30 18:12:07'),(384,34,101,2,'2022-03-30 18:12:07','2022-03-30 18:12:07'),(385,13,101,2,'2022-03-30 18:12:07','2022-03-30 18:12:07'),(386,11,101,2,'2022-03-30 18:12:07','2022-03-30 18:12:07'),(387,30,101,2,'2022-03-30 18:12:07','2022-03-30 18:12:07'),(388,26,101,2,'2022-03-30 18:12:07','2022-03-30 18:12:07'),(389,6,101,2,'2022-03-30 18:12:07','2022-03-30 18:12:07'),(390,5,101,2,'2022-03-30 18:12:07','2022-03-30 18:12:07'),(391,35,101,2,'2022-03-30 18:12:07','2022-03-30 18:12:07'),(392,24,101,2,'2022-03-30 18:12:07','2022-03-30 18:12:07'),(393,40,101,2,'2022-03-30 18:12:07','2022-03-30 18:12:07'),(394,22,101,2,'2022-03-30 18:12:07','2022-03-30 18:12:07'),(395,39,101,2,'2022-03-30 18:12:07','2022-03-30 18:12:07'),(396,57,101,2,'2022-03-30 18:15:54','2022-03-30 18:15:54'),(397,57,200,2,'2022-03-30 18:15:54','2022-03-30 18:15:54'),(398,57,201,2,'2022-03-30 18:15:54','2022-03-30 18:15:54'),(399,57,202,2,'2022-03-30 18:15:54','2022-03-30 18:15:54'),(400,57,203,2,'2022-03-30 18:15:54','2022-03-30 18:15:54'),(401,57,204,2,'2022-03-30 18:15:54','2022-03-30 18:15:54');
/*!40000 ALTER TABLE `rpjmd_penanggung_jawab` ENABLE KEYS */;
UNLOCK TABLES;

--
-- Table structure for table `rpjmd_prioritas_pembangunan`
--

DROP TABLE IF EXISTS `rpjmd_prioritas_pembangunan`;
/*!40101 SET @saved_cs_client     = @@character_set_client */;
/*!40101 SET character_set_client = utf8 */;
CREATE TABLE `rpjmd_prioritas_pembangunan` (
  `id` bigint(20) unsigned NOT NULL AUTO_INCREMENT,
  `id_mst_prioritas_pembangunan` bigint(20) unsigned NOT NULL,
  `id_sasaran` bigint(20) unsigned NOT NULL,
  `id_periode` bigint(20) unsigned NOT NULL,
  `created_at` timestamp NULL DEFAULT NULL,
  `updated_at` timestamp NULL DEFAULT NULL,
  PRIMARY KEY (`id`),
  KEY `rpjmd_prioritas_pembangunan_id_sasaran_foreign` (`id_sasaran`),
  KEY `rpjmd_prioritas_pembangunan_id_periode_foreign` (`id_periode`),
  KEY `rpjmd_prioritas_pembangunan_id_mst_prioritas_pembangunan_foreign` (`id_mst_prioritas_pembangunan`),
  CONSTRAINT `rpjmd_prioritas_pembangunan_id_mst_prioritas_pembangunan_foreign` FOREIGN KEY (`id_mst_prioritas_pembangunan`) REFERENCES `prioritas_pembangunan` (`id`),
  CONSTRAINT `rpjmd_prioritas_pembangunan_id_periode_foreign` FOREIGN KEY (`id_periode`) REFERENCES `mst_periode` (`id`),
  CONSTRAINT `rpjmd_prioritas_pembangunan_id_sasaran_foreign` FOREIGN KEY (`id_sasaran`) REFERENCES `rpjmd_sasaran` (`id`)
) ENGINE=InnoDB AUTO_INCREMENT=35 DEFAULT CHARSET=utf8mb4 COLLATE=utf8mb4_unicode_ci;
/*!40101 SET character_set_client = @saved_cs_client */;

--
-- Dumping data for table `rpjmd_prioritas_pembangunan`
--

LOCK TABLES `rpjmd_prioritas_pembangunan` WRITE;
/*!40000 ALTER TABLE `rpjmd_prioritas_pembangunan` DISABLE KEYS */;
INSERT INTO `rpjmd_prioritas_pembangunan` VALUES (18,4,20,2,'2022-01-30 22:30:55','2022-01-30 22:30:55'),(19,1,21,2,'2022-01-30 22:30:55','2022-01-30 22:30:55'),(20,3,22,2,'2022-01-30 22:30:55','2022-01-30 22:30:55'),(21,1,23,2,'2022-01-30 22:30:55','2022-01-30 22:30:55'),(22,5,24,2,'2022-01-30 22:30:55','2022-01-30 22:30:55'),(23,1,25,2,'2022-01-30 22:30:55','2022-01-30 22:30:55'),(24,1,26,2,'2022-01-30 22:30:55','2022-01-30 22:30:55'),(25,6,27,2,'2022-01-30 22:30:55','2022-01-30 22:30:55'),(26,1,28,2,'2022-01-30 22:30:55','2022-01-30 22:30:55'),(27,6,29,2,'2022-01-30 22:30:55','2022-01-30 22:30:55'),(28,6,30,2,'2022-01-30 22:30:55','2022-01-30 22:30:55'),(29,8,31,2,'2022-01-30 22:30:55','2022-01-30 22:30:55'),(30,3,32,2,'2022-01-30 22:30:55','2022-01-30 22:30:55'),(31,1,33,2,'2022-01-30 22:30:55','2022-01-30 22:30:55'),(32,8,34,2,'2022-01-30 22:30:55','2022-01-30 22:30:55'),(33,7,35,2,'2022-01-30 22:30:55','2022-01-30 22:30:55'),(34,8,36,2,'2022-01-30 22:30:55','2022-01-30 22:30:55');
/*!40000 ALTER TABLE `rpjmd_prioritas_pembangunan` ENABLE KEYS */;
UNLOCK TABLES;

--
-- Table structure for table `rpjmd_program`
--

DROP TABLE IF EXISTS `rpjmd_program`;
/*!40101 SET @saved_cs_client     = @@character_set_client */;
/*!40101 SET character_set_client = utf8 */;
CREATE TABLE `rpjmd_program` (
  `id` bigint(20) unsigned NOT NULL AUTO_INCREMENT,
  `id_mst_program` bigint(20) unsigned NOT NULL,
  `id_rpjmd_sasaran` bigint(20) unsigned NOT NULL,
  `id_periode` bigint(20) unsigned NOT NULL,
  `created_at` timestamp NULL DEFAULT NULL,
  `updated_at` timestamp NULL DEFAULT NULL,
  PRIMARY KEY (`id`),
  KEY `rpjmd_program_id_mst_program_foreign` (`id_mst_program`),
  KEY `rpjmd_program_id_rpjmd_sasaran_foreign` (`id_rpjmd_sasaran`),
  KEY `rpjmd_program_id_periode_foreign` (`id_periode`),
  CONSTRAINT `rpjmd_program_id_mst_program_foreign` FOREIGN KEY (`id_mst_program`) REFERENCES `mst_program` (`id`),
  CONSTRAINT `rpjmd_program_id_periode_foreign` FOREIGN KEY (`id_periode`) REFERENCES `mst_periode` (`id`),
  CONSTRAINT `rpjmd_program_id_rpjmd_sasaran_foreign` FOREIGN KEY (`id_rpjmd_sasaran`) REFERENCES `rpjmd_sasaran` (`id`)
) ENGINE=InnoDB AUTO_INCREMENT=205 DEFAULT CHARSET=utf8mb4 COLLATE=utf8mb4_unicode_ci;
/*!40101 SET character_set_client = @saved_cs_client */;

--
-- Dumping data for table `rpjmd_program`
--

LOCK TABLES `rpjmd_program` WRITE;
/*!40000 ALTER TABLE `rpjmd_program` DISABLE KEYS */;
INSERT INTO `rpjmd_program` VALUES (59,3,20,2,'2022-01-29 20:47:57','2022-01-29 20:47:57'),(60,109,21,2,'2022-01-29 20:50:52','2022-01-29 20:50:52'),(61,8,22,2,'2022-01-29 20:51:42','2022-01-29 20:51:42'),(62,48,23,2,'2022-01-29 20:52:11','2022-01-29 20:52:11'),(63,49,23,2,'2022-01-29 20:52:41','2022-01-29 20:52:41'),(64,50,23,2,'2022-01-29 20:53:07','2022-01-29 20:53:07'),(67,78,24,2,'2022-01-29 22:11:20','2022-01-29 22:11:20'),(68,79,24,2,'2022-01-29 22:11:56','2022-01-29 22:11:56'),(69,80,24,2,'2022-01-29 22:12:33','2022-01-29 22:12:33'),(70,31,25,2,'2022-01-29 22:13:42','2022-01-29 22:13:42'),(71,34,25,2,'2022-01-29 22:14:21','2022-01-29 22:14:21'),(72,33,25,2,'2022-01-29 22:14:38','2022-01-29 22:14:38'),(73,35,25,2,'2022-01-29 22:14:59','2022-01-29 22:14:59'),(74,38,25,2,'2022-01-29 22:15:34','2022-01-29 22:15:34'),(75,39,25,2,'2022-01-29 22:16:14','2022-01-29 22:16:14'),(76,123,26,2,'2022-01-29 22:16:56','2022-01-29 22:16:56'),(77,123,26,2,'2022-01-29 22:18:51','2022-01-29 22:18:51'),(78,124,26,2,'2022-01-29 22:19:18','2022-01-29 22:19:18'),(79,115,26,2,'2022-01-29 22:19:35','2022-01-29 22:19:35'),(80,116,26,2,'2022-01-29 22:19:51','2022-01-29 22:19:51'),(81,118,26,2,'2022-01-29 22:20:06','2022-01-29 22:20:06'),(82,125,26,2,'2022-01-29 22:20:25','2022-01-29 22:20:25'),(83,140,26,2,'2022-01-29 22:20:43','2022-01-29 22:20:43'),(84,91,26,2,'2022-01-29 22:20:57','2022-01-29 22:20:57'),(85,92,26,2,'2022-01-29 22:21:15','2022-01-29 22:21:15'),(86,94,26,2,'2022-01-29 22:21:32','2022-01-29 22:21:32'),(87,93,26,2,'2022-01-29 22:21:47','2022-01-29 22:21:47'),(88,95,26,2,'2022-01-29 22:21:58','2022-01-29 22:21:58'),(89,142,26,2,'2022-01-29 22:22:12','2022-01-29 22:22:12'),(90,144,26,2,'2022-01-29 22:22:23','2022-01-29 22:22:23'),(91,119,26,2,'2022-01-29 22:22:37','2022-01-29 22:22:37'),(92,120,26,2,'2022-01-29 22:22:52','2022-01-29 22:22:52'),(93,70,27,2,'2022-01-29 22:23:40','2022-01-29 22:23:40'),(94,71,27,2,'2022-01-29 22:24:06','2022-01-29 22:24:06'),(95,163,28,2,'2022-01-29 22:24:38','2022-01-29 22:24:38'),(96,158,28,2,'2022-01-29 22:24:52','2022-01-29 22:24:52'),(97,159,28,2,'2022-01-29 22:25:06','2022-01-29 22:25:06'),(98,166,28,2,'2022-01-29 22:25:20','2022-01-29 22:25:20'),(99,76,28,2,'2022-01-29 22:25:46','2022-01-29 22:25:46'),(100,85,28,2,'2022-01-29 22:26:13','2022-01-29 22:26:13'),(101,1,28,2,'2022-01-29 22:26:46','2022-01-29 22:26:46'),(102,20,29,2,'2022-01-29 22:27:12','2022-01-29 22:27:12'),(103,81,29,2,'2022-01-29 22:28:04','2022-01-29 22:28:04'),(104,74,30,2,'2022-01-29 22:28:24','2022-01-29 22:28:24'),(105,24,31,2,'2022-01-29 22:28:56','2022-01-29 22:28:56'),(106,69,32,2,'2022-01-29 22:29:15','2022-01-29 22:29:15'),(107,63,32,2,'2022-01-29 22:29:29','2022-01-29 22:29:29'),(108,61,32,2,'2022-01-29 22:30:01','2022-01-29 22:30:01'),(109,62,32,2,'2022-01-29 22:30:13','2022-01-29 22:30:13'),(110,23,33,2,'2022-01-29 22:30:28','2022-01-29 22:30:28'),(111,29,33,2,'2022-01-29 22:36:20','2022-01-29 22:36:20'),(112,30,33,2,'2022-01-29 22:36:39','2022-01-29 22:36:39'),(113,29,33,2,'2022-01-29 22:37:17','2022-01-29 22:37:17'),(114,28,34,2,'2022-01-29 22:37:58','2022-01-29 22:37:58'),(115,42,35,2,'2022-01-29 22:38:26','2022-01-29 22:38:26'),(116,105,36,2,'2022-01-29 22:40:01','2022-01-29 22:40:01'),(117,107,36,2,'2022-01-29 22:40:27','2022-01-29 22:40:27'),(118,104,36,2,'2022-01-29 22:40:41','2022-01-29 22:40:41'),(120,5,20,2,'2022-03-30 14:14:58','2022-03-30 14:14:58'),(121,7,20,2,'2022-03-30 14:15:10','2022-03-30 14:15:10'),(122,11,22,2,'2022-03-30 14:16:57','2022-03-30 14:16:57'),(123,10,22,2,'2022-03-30 14:17:25','2022-03-30 14:17:25'),(124,9,22,2,'2022-03-30 14:18:52','2022-03-30 14:18:52'),(125,12,32,2,'2022-03-30 14:22:10','2022-03-30 14:22:10'),(126,13,31,2,'2022-03-30 14:23:13','2022-03-30 14:23:13'),(127,15,31,2,'2022-03-30 14:23:46','2022-03-30 14:23:46'),(128,16,31,2,'2022-03-30 14:24:11','2022-03-30 14:24:11'),(129,18,31,2,'2022-03-30 14:38:08','2022-03-30 14:38:08'),(130,19,31,2,'2022-03-30 14:38:28','2022-03-30 14:38:28'),(131,21,26,2,'2022-03-30 14:38:50','2022-03-30 14:38:50'),(132,22,31,2,'2022-03-30 14:39:12','2022-03-30 14:39:12'),(133,26,31,2,'2022-03-30 15:15:05','2022-03-30 15:15:05'),(134,32,25,2,'2022-03-30 15:23:04','2022-03-30 15:23:04'),(135,36,36,2,'2022-03-30 15:25:35','2022-03-30 15:25:35'),(136,37,25,2,'2022-03-30 15:28:11','2022-03-30 15:28:11'),(137,40,25,2,'2022-03-30 15:28:50','2022-03-30 15:28:50'),(138,43,35,2,'2022-03-30 15:31:51','2022-03-30 15:31:51'),(139,44,35,2,'2022-03-30 15:32:35','2022-03-30 15:32:35'),(140,45,25,2,'2022-03-30 15:34:17','2022-03-30 15:34:17'),(141,46,25,2,'2022-03-30 15:34:51','2022-03-30 15:34:51'),(142,47,25,2,'2022-03-30 15:36:00','2022-03-30 15:36:00'),(143,51,23,2,'2022-03-30 15:55:42','2022-03-30 15:55:42'),(144,53,31,2,'2022-03-30 15:57:59','2022-03-30 15:57:59'),(145,55,31,2,'2022-03-30 15:58:29','2022-03-30 15:58:29'),(146,57,31,2,'2022-03-30 15:58:53','2022-03-30 15:58:53'),(147,59,31,2,'2022-03-30 15:59:15','2022-03-30 15:59:15'),(148,60,32,2,'2022-03-30 16:02:44','2022-03-30 16:02:44'),(149,64,32,2,'2022-03-30 16:03:01','2022-03-30 16:03:01'),(150,66,32,2,'2022-03-30 16:03:26','2022-03-30 16:03:26'),(151,68,32,2,'2022-03-30 16:03:42','2022-03-30 16:03:42'),(152,67,32,2,'2022-03-30 16:04:00','2022-03-30 16:04:00'),(153,72,27,2,'2022-03-30 16:06:36','2022-03-30 16:06:36'),(154,73,27,2,'2022-03-30 16:08:49','2022-03-30 16:08:49'),(155,75,28,2,'2022-03-30 16:12:54','2022-03-30 16:12:54'),(156,77,28,2,'2022-03-30 16:13:13','2022-03-30 16:13:13'),(157,84,29,2,'2022-03-30 16:16:10','2022-03-30 16:16:10'),(158,87,26,2,'2022-03-30 16:21:38','2022-03-30 16:21:38'),(159,88,26,2,'2022-03-30 16:21:57','2022-03-30 16:21:57'),(160,89,26,2,'2022-03-30 16:22:53','2022-03-30 16:22:53'),(161,90,26,2,'2022-03-30 16:23:07','2022-03-30 16:23:07'),(162,96,27,2,'2022-03-30 16:25:47','2022-03-30 16:25:47'),(163,97,26,2,'2022-03-30 16:26:53','2022-03-30 16:26:53'),(164,98,26,2,'2022-03-30 16:27:05','2022-03-30 16:27:05'),(165,99,26,2,'2022-03-30 16:28:54','2022-03-30 16:28:54'),(166,100,26,2,'2022-03-30 16:29:05','2022-03-30 16:29:05'),(167,101,26,2,'2022-03-30 16:29:16','2022-03-30 16:29:16'),(168,102,28,2,'2022-03-30 16:30:29','2022-03-30 16:30:29'),(169,103,28,2,'2022-03-30 16:31:25','2022-03-30 16:31:25'),(170,110,21,2,'2022-03-30 16:33:06','2022-03-30 16:33:06'),(171,111,27,2,'2022-03-30 16:34:09','2022-03-30 16:34:09'),(172,112,21,2,'2022-03-30 16:34:27','2022-03-30 16:34:27'),(173,113,28,2,'2022-03-30 16:34:51','2022-03-30 16:34:51'),(174,121,26,2,'2022-03-30 16:41:12','2022-03-30 16:41:12'),(175,127,26,2,'2022-03-30 16:43:39','2022-03-30 16:43:39'),(176,128,23,2,'2022-03-30 17:08:02','2022-03-30 17:08:02'),(177,126,23,2,'2022-03-30 17:10:20','2022-03-30 17:10:20'),(178,139,26,2,'2022-03-30 17:12:21','2022-03-30 17:12:21'),(179,141,25,2,'2022-03-30 17:13:13','2022-03-30 17:13:13'),(180,143,26,2,'2022-03-30 17:14:05','2022-03-30 17:14:05'),(181,177,26,2,'2022-03-30 17:17:10','2022-03-30 17:17:10'),(182,145,26,2,'2022-03-30 17:17:22','2022-03-30 17:17:22'),(183,147,26,2,'2022-03-30 17:18:17','2022-03-30 17:18:17'),(184,149,25,2,'2022-03-30 17:19:02','2022-03-30 17:19:02'),(185,152,25,2,'2022-03-30 17:19:58','2022-03-30 17:19:58'),(186,153,25,2,'2022-03-30 17:20:31','2022-03-30 17:20:31'),(188,155,28,2,'2022-03-30 17:21:52','2022-03-30 17:21:52'),(189,156,28,2,'2022-03-30 17:24:02','2022-03-30 17:24:02'),(190,157,28,2,'2022-03-30 17:24:15','2022-03-30 17:24:15'),(191,160,28,2,'2022-03-30 17:26:47','2022-03-30 17:26:47'),(192,161,28,2,'2022-03-30 17:28:35','2022-03-30 17:28:35'),(193,162,28,2,'2022-03-30 17:30:07','2022-03-30 17:30:07'),(194,165,28,2,'2022-03-30 17:30:45','2022-03-30 17:30:45'),(195,169,34,2,'2022-03-30 17:33:16','2022-03-30 17:33:16'),(196,167,27,2,'2022-03-30 17:33:31','2022-03-30 17:33:31'),(197,168,26,2,'2022-03-30 17:33:44','2022-03-30 17:33:44'),(198,170,28,2,'2022-03-30 17:34:22','2022-03-30 17:34:22'),(199,171,28,2,'2022-03-30 17:34:47','2022-03-30 17:34:47'),(200,172,34,2,'2022-03-30 18:13:11','2022-03-30 18:13:11'),(201,173,34,2,'2022-03-30 18:13:39','2022-03-30 18:13:39'),(202,174,34,2,'2022-03-30 18:13:53','2022-03-30 18:13:53'),(203,175,34,2,'2022-03-30 18:14:07','2022-03-30 18:14:07'),(204,176,34,2,'2022-03-30 18:14:19','2022-03-30 18:14:19');
/*!40000 ALTER TABLE `rpjmd_program` ENABLE KEYS */;
UNLOCK TABLES;

--
-- Table structure for table `rpjmd_program_anggaran`
--

DROP TABLE IF EXISTS `rpjmd_program_anggaran`;
/*!40101 SET @saved_cs_client     = @@character_set_client */;
/*!40101 SET character_set_client = utf8 */;
CREATE TABLE `rpjmd_program_anggaran` (
  `id` bigint(20) unsigned NOT NULL AUTO_INCREMENT,
  `anggaran` varchar(255) COLLATE utf8mb4_unicode_ci NOT NULL,
  `id_program` bigint(20) unsigned NOT NULL,
  `created_at` timestamp NULL DEFAULT NULL,
  `updated_at` timestamp NULL DEFAULT NULL,
  PRIMARY KEY (`id`),
  KEY `rpjmd_program_anggaran_id_program_foreign` (`id_program`),
  CONSTRAINT `rpjmd_program_anggaran_id_program_foreign` FOREIGN KEY (`id_program`) REFERENCES `rpjmd_program` (`id`)
) ENGINE=InnoDB DEFAULT CHARSET=utf8mb4 COLLATE=utf8mb4_unicode_ci;
/*!40101 SET character_set_client = @saved_cs_client */;

--
-- Dumping data for table `rpjmd_program_anggaran`
--

LOCK TABLES `rpjmd_program_anggaran` WRITE;
/*!40000 ALTER TABLE `rpjmd_program_anggaran` DISABLE KEYS */;
/*!40000 ALTER TABLE `rpjmd_program_anggaran` ENABLE KEYS */;
UNLOCK TABLES;

--
-- Table structure for table `rpjmd_program_indikator`
--

DROP TABLE IF EXISTS `rpjmd_program_indikator`;
/*!40101 SET @saved_cs_client     = @@character_set_client */;
/*!40101 SET character_set_client = utf8 */;
CREATE TABLE `rpjmd_program_indikator` (
  `id` bigint(20) unsigned NOT NULL AUTO_INCREMENT,
  `indikator` varchar(255) COLLATE utf8mb4_unicode_ci NOT NULL,
  `id_satuan` bigint(20) unsigned NOT NULL,
  `id_rpjmd_program` bigint(20) unsigned NOT NULL,
  `awal` varchar(255) COLLATE utf8mb4_unicode_ci NOT NULL,
  `akhir` varchar(255) COLLATE utf8mb4_unicode_ci NOT NULL,
  `created_at` timestamp NULL DEFAULT NULL,
  `updated_at` timestamp NULL DEFAULT NULL,
  PRIMARY KEY (`id`),
  KEY `rpjmd_program_indikator_id_satuan_foreign` (`id_satuan`),
  KEY `rpjmd_program_indikator_id_rpjmd_program_foreign` (`id_rpjmd_program`),
  CONSTRAINT `rpjmd_program_indikator_id_rpjmd_program_foreign` FOREIGN KEY (`id_rpjmd_program`) REFERENCES `rpjmd_program` (`id`),
  CONSTRAINT `rpjmd_program_indikator_id_satuan_foreign` FOREIGN KEY (`id_satuan`) REFERENCES `mst_satuan` (`id`)
) ENGINE=InnoDB AUTO_INCREMENT=80 DEFAULT CHARSET=utf8mb4 COLLATE=utf8mb4_unicode_ci;
/*!40101 SET character_set_client = @saved_cs_client */;

--
-- Dumping data for table `rpjmd_program_indikator`
--

LOCK TABLES `rpjmd_program_indikator` WRITE;
/*!40000 ALTER TABLE `rpjmd_program_indikator` DISABLE KEYS */;
INSERT INTO `rpjmd_program_indikator` VALUES (1,'Angka kelulusan jenjang Pendidikan Dasar dan Pendidikan Masyarakat',3,59,'-','100','2022-01-31 19:12:45','2022-01-31 19:12:45'),(2,'Angka Partisipasi Kasar (APK) Pendidikan Anak Usia Dini',3,59,'-','44,17','2022-01-31 19:12:45','2022-01-31 19:12:45'),(3,'Persentase sekolah jenjang SD yang terakreditasi minimal B',3,59,'-','100','2022-01-31 19:12:45','2022-01-31 19:12:45'),(4,'Persentase sekolah jenjang SMP yang terakreditasi minimal B',3,59,'-','91,38','2022-01-31 19:12:45','2022-01-31 19:12:45'),(5,'Nilai Tingkat Kegemaran Membaca Masyarakat',2,60,'-','53,58','2022-01-31 19:16:14','2022-01-31 19:16:14'),(6,'Persentase fasilitas pelayanan kesehatan yang terpenuhi',3,61,'-','100','2022-01-31 19:16:14','2022-01-31 19:16:14'),(7,'Persentase pemanfaatan layanan kesehatan',3,61,'-','72,00','2022-01-31 19:16:14','2022-01-31 19:16:14'),(8,'Persentase infrastruktur kemandirian pangan yang terbangun',3,62,'-','26,25','2022-01-31 19:19:35','2022-01-31 19:19:35'),(9,'Persentase Ketersediaan Pangan (Tersedianya Cadangan Beras sesuai Kebutuhan)',3,63,'-','30,00','2022-01-31 19:19:35','2022-01-31 19:19:35'),(10,'Persentase Desa Rawan Pangan yang ditangani',3,64,'-','25,00','2022-01-31 19:19:35','2022-01-31 19:19:35'),(11,'Persentase Kebijakan yang disinergikan',3,67,'-','100,00','2022-01-31 19:19:35','2022-01-31 19:19:35'),(12,'Persentase kebutuhan berKB yang tidak terpenuhi (Unmet need)',3,68,'-','16,21','2022-01-31 19:19:35','2022-01-31 19:19:35'),(13,'Persentase Pasangan Usia Subur Anggota Kelompok Ketahanan dan Keluarga sejahtera yang Ber- KB',3,69,'-','77,37','2022-01-31 19:42:04','2022-01-31 19:42:04'),(14,'Persentase Terbentuknya kelompok Pusat Informasi dan Konseling Remaja (PIKR)',3,69,'-','100,00','2022-01-31 19:42:04','2022-01-31 19:42:04'),(15,'Persentase PSKS yang Terlatih dan Aktif dalam Penanganan PPKS',3,70,'-','100,00','2022-01-31 19:42:04','2022-01-31 19:42:04'),(16,'Persentase Masyarakat Miskin yang Tertangani',3,71,'-','100,00','2022-01-31 19:42:04','2022-01-31 19:42:04'),(17,'Persentase Penyandang Disabilitas Terlantar, Anak Terlantar, Lanjut Usia Terlantar dan Gelandangan Pengemis yang Terpenuhi Kebutuhan Dasarnya di Luar Panti (Indikator SPM)',3,72,'-','100,00','2022-01-31 19:42:04','2022-01-31 19:42:04'),(18,'Persentase Korban Bencana Alam dan Sosial yang Terpenuhi Kebutuhan Dasarnya pada Saat dan Setelah Tanggap Darurat Bencana Daerah Kab/Kota',3,73,'-','100,00','2022-01-31 19:42:04','2022-01-31 19:42:04'),(19,'Persentase Lulusan bersertifikat kompetensi',3,74,'-','97,00','2022-01-31 19:42:04','2022-01-31 19:42:04'),(20,'Tingkat Produktivitas Tenaga Kerja',3,74,'-','65,88','2022-01-31 19:42:04','2022-01-31 19:42:04'),(21,'Persentase pencari kerja terdaftar yang Bekerja',3,75,'-','21,98','2022-01-31 19:42:04','2022-01-31 19:42:04'),(22,'Produktivitas Pertanian Pangan per Hektar per Tahun',21,76,'-','6,82','2022-01-31 19:45:40','2022-01-31 19:45:40'),(23,'Persentase Keterpenuhan Sarana Peternakan (Bibit Ternak)',3,77,'-','44,42','2022-01-31 19:45:40','2022-01-31 19:45:40'),(24,'Persentase Keterpenuhan Prasarana (Infrastruktur) Peternakan',3,78,'-','38,49','2022-01-31 19:45:40','2022-01-31 19:45:40'),(25,'Jumlah Total hasil tangkapan ikan di perairan umum',57,79,'-','110','2022-01-31 19:45:40','2022-01-31 19:51:29'),(26,'Kontribusi produksi benih Ikan terhadap target total',3,80,'-','33,67','2022-01-31 19:51:29','2022-01-31 19:51:29'),(27,'Jumlah Total Produksi Olahan Perikanan',57,81,'-','17524','2022-01-31 19:51:29','2022-01-31 19:51:29'),(28,'Persentase Penurunan Kejadian dan Jumlah Kasus Penyakit Hewan Menular',3,82,'-','70,00','2022-01-31 19:51:29','2022-01-31 19:51:29'),(29,'Persentase Peningkatan Kualitas Sarana dan Prasarana Distribusi Perdagangan',3,83,'-','33,34','2022-01-31 19:51:29','2022-01-31 19:51:29'),(30,'Tingkat Produktivitas Koperasi',3,84,'-','85,62','2022-01-31 19:51:29','2022-01-31 19:51:29'),(31,'Persentase Usaha Mikro yang kapabel (yang berizin dan bermitra)',3,85,'-','0,56','2022-01-31 19:51:29','2022-01-31 19:51:29'),(32,'Persentase Peningkatan Investasi',3,86,'-','2,60','2022-01-31 19:51:29','2022-01-31 19:51:29'),(33,'Persentase Usaha Mikro Yang dikembangkan menjadi wirausaha',3,87,'-','0,123','2022-01-31 19:51:29','2022-01-31 19:51:29'),(34,'Jumlah Investor',58,88,'-','380','2022-01-31 19:53:00','2022-01-31 19:53:00'),(35,'Nilai Ekspor (Berdasarkan Registrasi SKA)',59,89,'-','1510000000','2022-01-31 19:54:36','2022-01-31 19:54:36'),(36,'Jumlah jenis produk dalam negeri yang dipasarkan',60,90,'-','5','2022-01-31 19:58:27','2022-01-31 19:58:27'),(37,'Kontribusi Sektor Pariwisata terhadap PAD',3,91,'-','10,00','2022-01-31 19:58:27','2022-01-31 19:58:27'),(38,'Tingkat Hunian Akomodasi',3,91,'-','70,00','2022-01-31 19:58:27','2022-01-31 19:58:27'),(39,'Persentase pertumbuhan jumlah wisatawan mancanegara per kebangsaan yang datang ke Kabupaten Bogor',3,92,'-','25,00','2022-01-31 19:58:27','2022-01-31 19:58:27'),(40,'Persentase peningkatan perjalanan wisatawan nusantara yang datang ke Kabupaten Bogor',3,92,'-','25,00','2022-01-31 19:58:27','2022-01-31 19:58:27'),(41,'Cakupan penerbitan KTP',3,93,'-','100,00','2022-01-31 20:01:29','2022-01-31 20:01:29'),(42,'Cakupan perekaman data Biometrik',3,93,'-','100,00','2022-01-31 20:01:29','2022-01-31 20:01:29'),(43,'Cakupan penerbitan akta kelahiran anak',3,94,'-','93,36','2022-01-31 20:01:29','2022-01-31 20:01:29'),(44,'Persentase Hasil Penelitian dan Pengembangan yang menjadi kebijakan teknis perencanaan pembangunan daerah',3,95,'-','100,00','2022-01-31 20:01:29','2022-01-31 20:01:29'),(45,'Deviasi Realisasi Belanja terhadap Belanja Total dalam APBD',3,96,'-','-5,00','2022-01-31 20:04:37','2022-01-31 20:04:37'),(46,'Rasio Belanja Urusan Pemerintahan Umum (Dikurangi Transfer Expenditures)',29,96,'-','70,53','2022-01-31 20:04:37','2022-01-31 20:04:37'),(47,'Rasio Belanja Pegawai di Luar Guru dan Tenaga Kesehatan',29,96,'-','13,35','2022-01-31 20:04:37','2022-01-31 20:04:37'),(48,'Rasio Anggaran Sisa terhadap Total Belanja dalam APBD Tahun Sebelumnya',29,96,'-','6,00','2022-01-31 20:04:37','2022-01-31 20:04:37'),(49,'Manajemen Aset',61,97,'-','Ya','2022-01-31 20:08:22','2022-01-31 20:08:22'),(50,'Persentase Pendampingan dan Asistensi yang dapat diselesaikan',3,98,'-','100,00','2022-01-31 20:12:13','2022-01-31 20:12:13'),(51,'Jumlah Dokumen kebijakan Teknis di bidang pengawasan',62,98,'-','2','2022-01-31 20:12:13','2022-01-31 20:12:13'),(52,'Persentase Raperdes tentang APBDes yang Diklarifikasi',3,99,'-','100,00','2022-01-31 20:12:13','2022-01-31 20:12:13'),(53,'Persentase Raperdes tentang RKPDes yang Diklarifikasi',3,99,'-','100,00','2022-01-31 20:12:13','2022-01-31 20:12:13'),(54,'Persentase Peningkatan Status BUMDes Mandiri',3,99,'-','37,50','2022-01-31 20:12:13','2022-01-31 20:12:13'),(55,'Persentase aparatur desa yang mendapatkan fasilitasi sekolah pemerintahan desa',3,99,'-','14,42','2022-01-31 20:12:13','2022-01-31 20:12:13'),(56,'Persentase masyarakat yang menjadi sasaran penyebaran informasi publik, rnengetahui kebijakan dan program prioritas pemerintah dan pernerintah daerah kabupaten/kota',3,100,'-','81,00','2022-01-31 20:12:13','2022-01-31 20:12:13'),(57,'Tertatanya Kelembagaan Perangkat Daerah',63,101,'-','72','2022-01-31 20:13:56','2022-01-31 20:13:56'),(58,'Persentase panjang jalan kabupaten yang ditangani',3,102,'-','57,00','2022-01-31 20:13:56','2022-01-31 20:13:56'),(59,'Rasio Kinerja Jaringan Jalan',64,103,'-','0,54','2022-01-31 20:22:14','2022-01-31 20:22:14'),(60,'Persentase Desa Tertata melalui Program Samisade',3,104,'-','100,00','2022-01-31 20:22:14','2022-01-31 20:22:14'),(61,'Persentase Rumah Tidak Layak Huni yang Telah Direhabilitasi',3,105,'-','33,80','2022-01-31 20:22:14','2022-01-31 20:22:14'),(62,'Persentase Luas Kawasan Permukiman Kumuh yang Tertangani',3,105,'-','100,00','2022-01-31 20:22:14','2022-01-31 20:22:14'),(63,'Persentase Volume Sampah yang Dikelola',3,106,'-','55,71','2022-01-31 20:22:14','2022-01-31 20:22:14'),(64,'Persentase Pengelolaan B3 dan Limbah B3',3,107,'-','40,00','2022-01-31 20:22:14','2022-01-31 20:22:14'),(65,'Persentase Persetujuan Teknis yang diterbitkan',3,108,'-','100,00','2022-01-31 20:22:14','2022-01-31 20:22:14'),(66,'Persentase Luas Hutan Kota yang Terbangun',3,109,'-','100,00','2022-01-31 20:22:14','2022-01-31 20:22:14'),(67,'Persentase Penyediaan Rumah Layak Huni di Lokasi Bencana',3,110,'-','100,00','2022-01-31 20:22:14','2022-01-31 20:22:14'),(68,'Jumlah Warga Negara yang Memperoleh Layanan Informasi Rawan Bencana',3,111,'-','100,00','2022-01-31 20:22:14','2022-01-31 20:22:14'),(69,'Persentase pelayanan pemadaman, penyelamatan dan evakuasi kebakaran',3,112,'-','100,00','2022-01-31 20:22:14','2022-01-31 20:22:14'),(70,'Layanan Pemadaman yang Dilakukan oleh Relawan Kebakaran (Balakar, Satlakar, dan atau Komunitas Masyarakat Lainnya)',3,112,'-','100,00','2022-01-31 20:22:14','2022-01-31 20:22:14'),(71,'Layanan Penyelamatan dan Evakuasi pada Kondisi Membahayakan Manusia (Operasi Darurat Non Kebakaran)',3,112,'-','100,00','2022-01-31 20:22:14','2022-01-31 20:22:14'),(72,'Jumlah Warga Negara yang Memperoleh Layanan Penyelamatan dan Evakuasi Korban Bencana',3,113,'-','100,00','2022-01-31 20:22:14','2022-01-31 20:22:14'),(73,'Jumlah Kelompok Masyarakat yang Memahami Pengurangan Risiko Bencana',3,113,'-','60,00','2022-01-31 20:22:14','2022-01-31 20:22:14'),(74,'Persentase gangguan trantibum yang dapat diselesaikan',3,114,'-','100,00','2022-01-31 20:22:14','2022-01-31 20:22:14'),(75,'Persentase Pemberdayaan Linmas',3,114,'-','100,00','2022-01-31 20:22:14','2022-01-31 20:22:14'),(76,'Persentase Anggaran Responsif Gender (ARG) pada Belanja Daerah',3,115,'-','35,00','2022-01-31 20:22:14','2022-01-31 20:22:14'),(77,'Kesenian tradisional yang dilestarikan',65,116,'-','48','2022-01-31 20:24:18','2022-01-31 20:24:18'),(78,'Persentase Situs dan Cagar Budaya yang terlestarikan',3,117,'-','50,00','2022-01-31 20:24:18','2022-01-31 20:24:18'),(79,'Kegiatan budaya yang diselenggarakan',66,118,'-','10','2022-01-31 20:24:18','2022-01-31 20:24:18');
/*!40000 ALTER TABLE `rpjmd_program_indikator` ENABLE KEYS */;
UNLOCK TABLES;

--
-- Table structure for table `rpjmd_program_target`
--

DROP TABLE IF EXISTS `rpjmd_program_target`;
/*!40101 SET @saved_cs_client     = @@character_set_client */;
/*!40101 SET character_set_client = utf8 */;
CREATE TABLE `rpjmd_program_target` (
  `id` bigint(20) unsigned NOT NULL AUTO_INCREMENT,
  `target` varchar(255) COLLATE utf8mb4_unicode_ci NOT NULL,
  `id_program_indikator` bigint(20) unsigned NOT NULL,
  `id_periode_per_tahun` bigint(20) unsigned NOT NULL,
  `created_at` timestamp NULL DEFAULT NULL,
  `updated_at` timestamp NULL DEFAULT NULL,
  PRIMARY KEY (`id`),
  KEY `rpjmd_program_target_id_program_indikator_foreign` (`id_program_indikator`),
  KEY `rpjmd_program_target_id_periode_per_tahun_foreign` (`id_periode_per_tahun`),
  CONSTRAINT `rpjmd_program_target_id_periode_per_tahun_foreign` FOREIGN KEY (`id_periode_per_tahun`) REFERENCES `mst_periode_per_tahun` (`id`),
  CONSTRAINT `rpjmd_program_target_id_program_indikator_foreign` FOREIGN KEY (`id_program_indikator`) REFERENCES `rpjmd_program_indikator` (`id`)
) ENGINE=InnoDB AUTO_INCREMENT=396 DEFAULT CHARSET=utf8mb4 COLLATE=utf8mb4_unicode_ci;
/*!40101 SET character_set_client = @saved_cs_client */;

--
-- Dumping data for table `rpjmd_program_target`
--

LOCK TABLES `rpjmd_program_target` WRITE;
/*!40000 ALTER TABLE `rpjmd_program_target` DISABLE KEYS */;
INSERT INTO `rpjmd_program_target` VALUES (1,'-',1,5,'2022-01-31 19:12:45','2022-01-31 19:12:45'),(2,'-',1,6,'2022-01-31 19:12:45','2022-01-31 19:12:45'),(3,'100',1,7,'2022-01-31 19:12:45','2022-01-31 19:12:45'),(4,'100',1,8,'2022-01-31 19:12:45','2022-01-31 19:12:45'),(5,'100',1,9,'2022-01-31 19:12:45','2022-01-31 19:12:45'),(6,'-',2,5,'2022-01-31 19:12:45','2022-01-31 19:12:45'),(7,'-',2,6,'2022-01-31 19:12:45','2022-01-31 19:12:45'),(8,'43,14',2,7,'2022-01-31 19:12:45','2022-01-31 19:12:45'),(9,'43,65',2,8,'2022-01-31 19:12:45','2022-01-31 19:12:45'),(10,'44,17',2,9,'2022-01-31 19:12:45','2022-01-31 19:12:45'),(11,'-',3,5,'2022-01-31 19:12:45','2022-01-31 19:12:45'),(12,'-',3,6,'2022-01-31 19:12:45','2022-01-31 19:12:45'),(13,'98,21',3,7,'2022-01-31 19:12:45','2022-01-31 19:12:45'),(14,'99,12',3,8,'2022-01-31 19:12:45','2022-01-31 19:12:45'),(15,'100',3,9,'2022-01-31 19:12:45','2022-01-31 19:12:45'),(16,'-',4,5,'2022-01-31 19:12:45','2022-01-31 19:12:45'),(17,'-',4,6,'2022-01-31 19:12:45','2022-01-31 19:12:45'),(18,'89,79',4,7,'2022-01-31 19:12:45','2022-01-31 19:12:45'),(19,'90,59',4,8,'2022-01-31 19:12:45','2022-01-31 19:12:45'),(20,'91,38',4,9,'2022-01-31 19:12:45','2022-01-31 19:12:45'),(21,'-',5,5,'2022-01-31 19:16:14','2022-01-31 19:16:14'),(22,'-',5,6,'2022-01-31 19:16:14','2022-01-31 19:16:14'),(23,'53,20',5,7,'2022-01-31 19:16:14','2022-01-31 19:16:14'),(24,'53,39',5,8,'2022-01-31 19:16:14','2022-01-31 19:16:14'),(25,'53,58',5,9,'2022-01-31 19:16:14','2022-01-31 19:16:14'),(26,'-',6,5,'2022-01-31 19:16:14','2022-01-31 19:16:14'),(27,'-',6,6,'2022-01-31 19:16:14','2022-01-31 19:16:14'),(28,'100',6,7,'2022-01-31 19:16:14','2022-01-31 19:16:14'),(29,'100',6,8,'2022-01-31 19:16:14','2022-01-31 19:16:14'),(30,'100',6,9,'2022-01-31 19:16:14','2022-01-31 19:16:14'),(31,'-',7,5,'2022-01-31 19:16:14','2022-01-31 19:16:14'),(32,'-',7,6,'2022-01-31 19:16:14','2022-01-31 19:16:14'),(33,'68,00',7,7,'2022-01-31 19:16:14','2022-01-31 19:16:14'),(34,'70,00',7,8,'2022-01-31 19:16:14','2022-01-31 19:16:14'),(35,'72,00',7,9,'2022-01-31 19:16:14','2022-01-31 19:16:14'),(36,'-',8,5,'2022-01-31 19:19:35','2022-01-31 19:19:35'),(37,'-',8,6,'2022-01-31 19:19:35','2022-01-31 19:19:35'),(38,'11,25',8,7,'2022-01-31 19:19:35','2022-01-31 19:19:35'),(39,'18,75',8,8,'2022-01-31 19:19:35','2022-01-31 19:19:35'),(40,'26,25',8,9,'2022-01-31 19:19:35','2022-01-31 19:19:35'),(41,'-',9,5,'2022-01-31 19:19:35','2022-01-31 19:19:35'),(42,'-',9,6,'2022-01-31 19:19:35','2022-01-31 19:19:35'),(43,'20,00',9,7,'2022-01-31 19:19:35','2022-01-31 19:19:35'),(44,'25,00',9,8,'2022-01-31 19:19:35','2022-01-31 19:19:35'),(45,'30,00',9,9,'2022-01-31 19:19:35','2022-01-31 19:19:35'),(46,'-',10,5,'2022-01-31 19:19:35','2022-01-31 19:19:35'),(47,'-',10,6,'2022-01-31 19:19:35','2022-01-31 19:19:35'),(48,'8,30',10,7,'2022-01-31 19:19:35','2022-01-31 19:19:35'),(49,'16,60',10,8,'2022-01-31 19:19:35','2022-01-31 19:19:35'),(50,'25,00',10,9,'2022-01-31 19:19:35','2022-01-31 19:19:35'),(51,'-',11,5,'2022-01-31 19:19:35','2022-01-31 19:19:35'),(52,'-',11,6,'2022-01-31 19:19:35','2022-01-31 19:19:35'),(53,'25,00',11,7,'2022-01-31 19:19:35','2022-01-31 19:19:35'),(54,'75,00',11,8,'2022-01-31 19:19:35','2022-01-31 19:19:35'),(55,'100,00',11,9,'2022-01-31 19:19:35','2022-01-31 19:19:35'),(56,'-',12,5,'2022-01-31 19:19:35','2022-01-31 19:19:35'),(57,'-',12,6,'2022-01-31 19:19:35','2022-01-31 19:19:35'),(58,'16,39',12,7,'2022-01-31 19:19:35','2022-01-31 19:19:35'),(59,'16,30',12,8,'2022-01-31 19:19:35','2022-01-31 19:19:35'),(60,'16,21',12,9,'2022-01-31 19:19:35','2022-01-31 19:19:35'),(61,'-',13,5,'2022-01-31 19:42:04','2022-01-31 19:42:04'),(62,'-',13,6,'2022-01-31 19:42:04','2022-01-31 19:42:04'),(63,'78,00',13,7,'2022-01-31 19:42:04','2022-01-31 19:42:04'),(64,'77,20',13,8,'2022-01-31 19:42:04','2022-01-31 19:42:04'),(65,'77,37',13,9,'2022-01-31 19:42:04','2022-01-31 19:42:04'),(66,'-',14,5,'2022-01-31 19:42:04','2022-01-31 19:42:04'),(67,'-',14,6,'2022-01-31 19:42:04','2022-01-31 19:42:04'),(68,'85,00',14,7,'2022-01-31 19:42:04','2022-01-31 19:42:04'),(69,'92,50',14,8,'2022-01-31 19:42:04','2022-01-31 19:42:04'),(70,'100,00',14,9,'2022-01-31 19:42:04','2022-01-31 19:42:04'),(71,'-',15,5,'2022-01-31 19:42:04','2022-01-31 19:42:04'),(72,'-',15,6,'2022-01-31 19:42:04','2022-01-31 19:42:04'),(73,'30,38',15,7,'2022-01-31 19:42:04','2022-01-31 19:42:04'),(74,'65,19',15,8,'2022-01-31 19:42:04','2022-01-31 19:42:04'),(75,'100,00',15,9,'2022-01-31 19:42:04','2022-01-31 19:42:04'),(76,'-',16,5,'2022-01-31 19:42:04','2022-01-31 19:42:04'),(77,'-',16,6,'2022-01-31 19:42:04','2022-01-31 19:42:04'),(78,'27,45',16,7,'2022-01-31 19:42:04','2022-01-31 19:42:04'),(79,'58,82',16,8,'2022-01-31 19:42:04','2022-01-31 19:42:04'),(80,'100,00',16,9,'2022-01-31 19:42:04','2022-01-31 19:42:04'),(81,'-',17,5,'2022-01-31 19:42:04','2022-01-31 19:42:04'),(82,'-',17,6,'2022-01-31 19:42:04','2022-01-31 19:42:04'),(83,'31,37',17,7,'2022-01-31 19:42:04','2022-01-31 19:42:04'),(84,'65,69',17,8,'2022-01-31 19:42:04','2022-01-31 19:42:04'),(85,'100,00',17,9,'2022-01-31 19:42:04','2022-01-31 19:42:04'),(86,'-',18,5,'2022-01-31 19:42:04','2022-01-31 19:42:04'),(87,'-',18,6,'2022-01-31 19:42:04','2022-01-31 19:42:04'),(88,'31,02',18,7,'2022-01-31 19:42:04','2022-01-31 19:42:04'),(89,'68,98',18,8,'2022-01-31 19:42:04','2022-01-31 19:42:04'),(90,'100,00',18,9,'2022-01-31 19:42:04','2022-01-31 19:42:04'),(91,'-',19,5,'2022-01-31 19:42:04','2022-01-31 19:42:04'),(92,'-',19,6,'2022-01-31 19:42:04','2022-01-31 19:42:04'),(93,'95,63',19,7,'2022-01-31 19:42:04','2022-01-31 19:42:04'),(94,'96,15',19,8,'2022-01-31 19:42:04','2022-01-31 19:42:04'),(95,'97,00',19,9,'2022-01-31 19:42:04','2022-01-31 19:42:04'),(96,'-',20,5,'2022-01-31 19:42:04','2022-01-31 19:42:04'),(97,'-',20,6,'2022-01-31 19:42:04','2022-01-31 19:42:04'),(98,'64,11',20,7,'2022-01-31 19:42:04','2022-01-31 19:42:04'),(99,'65,36',20,8,'2022-01-31 19:42:04','2022-01-31 19:42:04'),(100,'65,88',20,9,'2022-01-31 19:42:04','2022-01-31 19:42:04'),(101,'-',21,5,'2022-01-31 19:42:04','2022-01-31 19:42:04'),(102,'-',21,6,'2022-01-31 19:42:04','2022-01-31 19:42:04'),(103,'20,73',21,7,'2022-01-31 19:42:04','2022-01-31 19:42:04'),(104,'20,85',21,8,'2022-01-31 19:42:04','2022-01-31 19:42:04'),(105,'21,98',21,9,'2022-01-31 19:42:04','2022-01-31 19:42:04'),(106,'-',22,5,'2022-01-31 19:45:40','2022-01-31 19:45:40'),(107,'-',22,6,'2022-01-31 19:45:40','2022-01-31 19:45:40'),(108,'6,79',22,7,'2022-01-31 19:45:40','2022-01-31 19:45:40'),(109,'6,80',22,8,'2022-01-31 19:45:40','2022-01-31 19:45:40'),(110,'6,82',22,9,'2022-01-31 19:45:40','2022-01-31 19:45:40'),(111,'-',23,5,'2022-01-31 19:45:40','2022-01-31 19:45:40'),(112,'-',23,6,'2022-01-31 19:45:40','2022-01-31 19:45:40'),(113,'22,25',23,7,'2022-01-31 19:45:40','2022-01-31 19:45:40'),(114,'33,33',23,8,'2022-01-31 19:45:40','2022-01-31 19:45:40'),(115,'44,42',23,9,'2022-01-31 19:45:40','2022-01-31 19:45:40'),(116,'-',24,5,'2022-01-31 19:45:40','2022-01-31 19:45:40'),(117,'-',24,6,'2022-01-31 19:45:40','2022-01-31 19:45:40'),(118,'27,78',24,7,'2022-01-31 19:45:40','2022-01-31 19:45:40'),(119,'33,33',24,8,'2022-01-31 19:45:40','2022-01-31 19:45:40'),(120,'38,49',24,9,'2022-01-31 19:45:40','2022-01-31 19:45:40'),(121,'-',25,5,'2022-01-31 19:45:40','2022-01-31 19:45:40'),(122,'-',25,6,'2022-01-31 19:45:40','2022-01-31 19:45:40'),(123,'95',25,7,'2022-01-31 19:45:40','2022-01-31 19:45:40'),(124,'104,50',25,8,'2022-01-31 19:45:40','2022-01-31 19:45:40'),(125,'110',25,9,'2022-01-31 19:45:40','2022-01-31 19:45:40'),(126,'-',26,5,'2022-01-31 19:51:29','2022-01-31 19:51:29'),(127,'-',26,6,'2022-01-31 19:51:29','2022-01-31 19:51:29'),(128,'33,00',26,7,'2022-01-31 19:51:29','2022-01-31 19:51:29'),(129,'33,33',26,8,'2022-01-31 19:51:29','2022-01-31 19:51:29'),(130,'33,67',26,9,'2022-01-31 19:51:29','2022-01-31 19:51:29'),(131,'-',27,5,'2022-01-31 19:51:29','2022-01-31 19:51:29'),(132,'-',27,6,'2022-01-31 19:51:29','2022-01-31 19:51:29'),(133,'16359',27,7,'2022-01-31 19:51:29','2022-01-31 19:51:29'),(134,'16850',27,8,'2022-01-31 19:51:29','2022-01-31 19:51:29'),(135,'17524',27,9,'2022-01-31 19:51:29','2022-01-31 19:51:29'),(136,'-',28,5,'2022-01-31 19:51:29','2022-01-31 19:51:29'),(137,'-',28,6,'2022-01-31 19:51:29','2022-01-31 19:51:29'),(138,'55,00',28,7,'2022-01-31 19:51:29','2022-01-31 19:51:29'),(139,'60,00',28,8,'2022-01-31 19:51:29','2022-01-31 19:51:29'),(140,'70,00',28,9,'2022-01-31 19:51:29','2022-01-31 19:51:29'),(141,'-',29,5,'2022-01-31 19:51:29','2022-01-31 19:51:29'),(142,'-',29,6,'2022-01-31 19:51:29','2022-01-31 19:51:29'),(143,'33,33',29,7,'2022-01-31 19:51:29','2022-01-31 19:51:29'),(144,'33,33',29,8,'2022-01-31 19:51:29','2022-01-31 19:51:29'),(145,'33,34',29,9,'2022-01-31 19:51:29','2022-01-31 19:51:29'),(146,'-',30,5,'2022-01-31 19:51:29','2022-01-31 19:51:29'),(147,'-',30,6,'2022-01-31 19:51:29','2022-01-31 19:51:29'),(148,'85,17',30,7,'2022-01-31 19:51:29','2022-01-31 19:51:29'),(149,'85,56',30,8,'2022-01-31 19:51:29','2022-01-31 19:51:29'),(150,'85,62',30,9,'2022-01-31 19:51:29','2022-01-31 19:51:29'),(151,'-',31,5,'2022-01-31 19:51:29','2022-01-31 19:51:29'),(152,'-',31,6,'2022-01-31 19:51:29','2022-01-31 19:51:29'),(153,'0,41',31,7,'2022-01-31 19:51:29','2022-01-31 19:51:29'),(154,'0,49',31,8,'2022-01-31 19:51:29','2022-01-31 19:51:29'),(155,'0,56',31,9,'2022-01-31 19:51:29','2022-01-31 19:51:29'),(156,'-',32,5,'2022-01-31 19:51:29','2022-01-31 19:51:29'),(157,'-',32,6,'2022-01-31 19:51:29','2022-01-31 19:51:29'),(158,'1,10',32,7,'2022-01-31 19:51:29','2022-01-31 19:51:29'),(159,'1,60',32,8,'2022-01-31 19:51:29','2022-01-31 19:51:29'),(160,'2,60',32,9,'2022-01-31 19:51:29','2022-01-31 19:51:29'),(161,'-',33,5,'2022-01-31 19:51:29','2022-01-31 19:51:29'),(162,'-',33,6,'2022-01-31 19:51:29','2022-01-31 19:51:29'),(163,'0,114',33,7,'2022-01-31 19:51:29','2022-01-31 19:51:29'),(164,'0,118',33,8,'2022-01-31 19:51:29','2022-01-31 19:51:29'),(165,'0,123',33,9,'2022-01-31 19:51:29','2022-01-31 19:51:29'),(166,'-',34,5,'2022-01-31 19:53:00','2022-01-31 19:53:00'),(167,'-',34,6,'2022-01-31 19:53:00','2022-01-31 19:53:00'),(168,'360',34,7,'2022-01-31 19:53:00','2022-01-31 19:53:00'),(169,'370',34,8,'2022-01-31 19:53:00','2022-01-31 19:53:00'),(170,'380',34,9,'2022-01-31 19:53:00','2022-01-31 19:53:00'),(171,'-',35,5,'2022-01-31 19:54:36','2022-01-31 19:54:36'),(172,'-',35,6,'2022-01-31 19:54:36','2022-01-31 19:54:36'),(173,'1490000000',35,7,'2022-01-31 19:54:36','2022-01-31 19:54:36'),(174,'1500000000',35,8,'2022-01-31 19:54:36','2022-01-31 19:54:36'),(175,'1510000000',35,9,'2022-01-31 19:54:36','2022-01-31 19:54:36'),(176,'-',36,5,'2022-01-31 19:58:27','2022-01-31 19:58:27'),(177,'-',36,6,'2022-01-31 19:58:27','2022-01-31 19:58:27'),(178,'-',36,7,'2022-01-31 19:58:27','2022-01-31 19:58:27'),(179,'5',36,8,'2022-01-31 19:58:27','2022-01-31 19:58:27'),(180,'5',36,9,'2022-01-31 19:58:27','2022-01-31 19:58:27'),(181,'-',37,5,'2022-01-31 19:58:27','2022-01-31 19:58:27'),(182,'-',37,6,'2022-01-31 19:58:27','2022-01-31 19:58:27'),(183,'10,00',37,7,'2022-01-31 19:58:27','2022-01-31 19:58:27'),(184,'10,00',37,8,'2022-01-31 19:58:27','2022-01-31 19:58:27'),(185,'10,00',37,9,'2022-01-31 19:58:27','2022-01-31 19:58:27'),(186,'-',38,5,'2022-01-31 19:58:27','2022-01-31 19:58:27'),(187,'-',38,6,'2022-01-31 19:58:27','2022-01-31 19:58:27'),(188,'50,00',38,7,'2022-01-31 19:58:27','2022-01-31 19:58:27'),(189,'60,00',38,8,'2022-01-31 19:58:27','2022-01-31 19:58:27'),(190,'70,00',38,9,'2022-01-31 19:58:27','2022-01-31 19:58:27'),(191,'-',39,5,'2022-01-31 19:58:27','2022-01-31 19:58:27'),(192,'-',39,6,'2022-01-31 19:58:27','2022-01-31 19:58:27'),(193,'11,68',39,7,'2022-01-31 19:58:27','2022-01-31 19:58:27'),(194,'60,00',39,8,'2022-01-31 19:58:27','2022-01-31 19:58:27'),(195,'25,00',39,9,'2022-01-31 19:58:27','2022-01-31 19:58:27'),(196,'-',40,5,'2022-01-31 19:58:27','2022-01-31 19:58:27'),(197,'-',40,6,'2022-01-31 19:58:27','2022-01-31 19:58:27'),(198,'11,68',40,7,'2022-01-31 19:58:27','2022-01-31 19:58:27'),(199,'60,00',40,8,'2022-01-31 19:58:27','2022-01-31 19:58:27'),(200,'25,00',40,9,'2022-01-31 19:58:27','2022-01-31 19:58:27'),(201,'-',41,5,'2022-01-31 20:01:29','2022-01-31 20:01:29'),(202,'-',41,6,'2022-01-31 20:01:29','2022-01-31 20:01:29'),(203,'99,89',41,7,'2022-01-31 20:01:29','2022-01-31 20:01:29'),(204,'99,91',41,8,'2022-01-31 20:01:29','2022-01-31 20:01:29'),(205,'100,00',41,9,'2022-01-31 20:01:29','2022-01-31 20:01:29'),(206,'-',42,5,'2022-01-31 20:01:29','2022-01-31 20:01:29'),(207,'-',42,6,'2022-01-31 20:01:29','2022-01-31 20:01:29'),(208,'99,91',42,7,'2022-01-31 20:01:29','2022-01-31 20:01:29'),(209,'99,92',42,8,'2022-01-31 20:01:29','2022-01-31 20:01:29'),(210,'100,00',42,9,'2022-01-31 20:01:29','2022-01-31 20:01:29'),(211,'-',43,5,'2022-01-31 20:01:29','2022-01-31 20:01:29'),(212,'-',43,6,'2022-01-31 20:01:29','2022-01-31 20:01:29'),(213,'85,18',43,7,'2022-01-31 20:01:29','2022-01-31 20:01:29'),(214,'89,33',43,8,'2022-01-31 20:01:29','2022-01-31 20:01:29'),(215,'93,36',43,9,'2022-01-31 20:01:29','2022-01-31 20:01:29'),(216,'-',44,5,'2022-01-31 20:01:29','2022-01-31 20:01:29'),(217,'-',44,6,'2022-01-31 20:01:29','2022-01-31 20:01:29'),(218,'100,00',44,7,'2022-01-31 20:01:29','2022-01-31 20:01:29'),(219,'100,00',44,8,'2022-01-31 20:01:29','2022-01-31 20:01:29'),(220,'100,00',44,9,'2022-01-31 20:01:29','2022-01-31 20:01:29'),(221,'-',45,5,'2022-01-31 20:04:37','2022-01-31 20:04:37'),(222,'-',45,6,'2022-01-31 20:04:37','2022-01-31 20:04:37'),(223,'-7,00',45,7,'2022-01-31 20:04:37','2022-01-31 20:04:37'),(224,'-6,00',45,8,'2022-01-31 20:04:37','2022-01-31 20:04:37'),(225,'-5,00',45,9,'2022-01-31 20:04:37','2022-01-31 20:04:37'),(226,'-',46,5,'2022-01-31 20:04:37','2022-01-31 20:04:37'),(227,'-',46,6,'2022-01-31 20:04:37','2022-01-31 20:04:37'),(228,'76,91',46,7,'2022-01-31 20:04:37','2022-01-31 20:04:37'),(229,'67,77',46,8,'2022-01-31 20:04:37','2022-01-31 20:04:37'),(230,'70,53',46,9,'2022-01-31 20:04:37','2022-01-31 20:04:37'),(231,'-',47,5,'2022-01-31 20:04:37','2022-01-31 20:04:37'),(232,'-',47,6,'2022-01-31 20:04:37','2022-01-31 20:04:37'),(233,'11,66',47,7,'2022-01-31 20:04:37','2022-01-31 20:04:37'),(234,'13,77',47,8,'2022-01-31 20:04:37','2022-01-31 20:04:37'),(235,'13,35',47,9,'2022-01-31 20:04:37','2022-01-31 20:04:37'),(236,'-',48,5,'2022-01-31 20:04:37','2022-01-31 20:04:37'),(237,'-',48,6,'2022-01-31 20:04:37','2022-01-31 20:04:37'),(238,'10,00',48,7,'2022-01-31 20:04:37','2022-01-31 20:04:37'),(239,'8,00',48,8,'2022-01-31 20:04:37','2022-01-31 20:04:37'),(240,'6,00',48,9,'2022-01-31 20:04:37','2022-01-31 20:04:37'),(241,'-',49,5,'2022-01-31 20:08:22','2022-01-31 20:08:22'),(242,'-',49,6,'2022-01-31 20:08:22','2022-01-31 20:08:22'),(243,'Ya',49,7,'2022-01-31 20:08:22','2022-01-31 20:08:22'),(244,'Ya',49,8,'2022-01-31 20:08:22','2022-01-31 20:08:22'),(245,'Ya',49,9,'2022-01-31 20:08:22','2022-01-31 20:08:22'),(246,'-',50,5,'2022-01-31 20:12:13','2022-01-31 20:12:13'),(247,'-',50,6,'2022-01-31 20:12:13','2022-01-31 20:12:13'),(248,'100,00',50,7,'2022-01-31 20:12:13','2022-01-31 20:12:13'),(249,'100,00',50,8,'2022-01-31 20:12:13','2022-01-31 20:12:13'),(250,'100,00',50,9,'2022-01-31 20:12:13','2022-01-31 20:12:13'),(251,'-',51,5,'2022-01-31 20:12:13','2022-01-31 20:12:13'),(252,'-',51,6,'2022-01-31 20:12:13','2022-01-31 20:12:13'),(253,'2',51,7,'2022-01-31 20:12:13','2022-01-31 20:12:13'),(254,'2',51,8,'2022-01-31 20:12:13','2022-01-31 20:12:13'),(255,'2',51,9,'2022-01-31 20:12:13','2022-01-31 20:12:13'),(256,'-',52,5,'2022-01-31 20:12:13','2022-01-31 20:12:13'),(257,'-',52,6,'2022-01-31 20:12:13','2022-01-31 20:12:13'),(258,'100,00',52,7,'2022-01-31 20:12:13','2022-01-31 20:12:13'),(259,'100,00',52,8,'2022-01-31 20:12:13','2022-01-31 20:12:13'),(260,'100,00',52,9,'2022-01-31 20:12:13','2022-01-31 20:12:13'),(261,'-',53,5,'2022-01-31 20:12:13','2022-01-31 20:12:13'),(262,'-',53,6,'2022-01-31 20:12:13','2022-01-31 20:12:13'),(263,'100,00',53,7,'2022-01-31 20:12:13','2022-01-31 20:12:13'),(264,'100,00',53,8,'2022-01-31 20:12:13','2022-01-31 20:12:13'),(265,'100,00',53,9,'2022-01-31 20:12:13','2022-01-31 20:12:13'),(266,'-',54,5,'2022-01-31 20:12:13','2022-01-31 20:12:13'),(267,'-',54,6,'2022-01-31 20:12:13','2022-01-31 20:12:13'),(268,'50,00',54,7,'2022-01-31 20:12:13','2022-01-31 20:12:13'),(269,'33,33',54,8,'2022-01-31 20:12:13','2022-01-31 20:12:13'),(270,'37,50',54,9,'2022-01-31 20:12:13','2022-01-31 20:12:13'),(271,'-',55,5,'2022-01-31 20:12:13','2022-01-31 20:12:13'),(272,'-',55,6,'2022-01-31 20:12:13','2022-01-31 20:12:13'),(273,'9,62',55,7,'2022-01-31 20:12:13','2022-01-31 20:12:13'),(274,'13,22',55,8,'2022-01-31 20:12:13','2022-01-31 20:12:13'),(275,'14,42',55,9,'2022-01-31 20:12:13','2022-01-31 20:12:13'),(276,'-',56,5,'2022-01-31 20:12:13','2022-01-31 20:12:13'),(277,'-',56,6,'2022-01-31 20:12:13','2022-01-31 20:12:13'),(278,'77,93',56,7,'2022-01-31 20:12:13','2022-01-31 20:12:13'),(279,'79,00',56,8,'2022-01-31 20:12:13','2022-01-31 20:12:13'),(280,'81,00',56,9,'2022-01-31 20:12:13','2022-01-31 20:12:13'),(281,'-',57,5,'2022-01-31 20:13:56','2022-01-31 20:13:56'),(282,'-',57,6,'2022-01-31 20:13:56','2022-01-31 20:13:56'),(283,'72',57,7,'2022-01-31 20:13:56','2022-01-31 20:13:56'),(284,'72',57,8,'2022-01-31 20:13:56','2022-01-31 20:13:56'),(285,'72',57,9,'2022-01-31 20:13:56','2022-01-31 20:13:56'),(286,'-',58,5,'2022-01-31 20:13:56','2022-01-31 20:13:56'),(287,'-',58,6,'2022-01-31 20:13:56','2022-01-31 20:13:56'),(288,'55,00',58,7,'2022-01-31 20:13:56','2022-01-31 20:13:56'),(289,'56,00',58,8,'2022-01-31 20:13:56','2022-01-31 20:13:56'),(290,'57,00',58,9,'2022-01-31 20:13:56','2022-01-31 20:13:56'),(291,'-',59,5,'2022-01-31 20:22:14','2022-01-31 20:22:14'),(292,'-',59,6,'2022-01-31 20:22:14','2022-01-31 20:22:14'),(293,'0,58',59,7,'2022-01-31 20:22:14','2022-01-31 20:22:14'),(294,'0,56',59,8,'2022-01-31 20:22:14','2022-01-31 20:22:14'),(295,'0,54',59,9,'2022-01-31 20:22:14','2022-01-31 20:22:14'),(296,'-',60,5,'2022-01-31 20:22:14','2022-01-31 20:22:14'),(297,'-',60,6,'2022-01-31 20:22:14','2022-01-31 20:22:14'),(298,'99,28',60,7,'2022-01-31 20:22:14','2022-01-31 20:22:14'),(299,'100,00',60,8,'2022-01-31 20:22:14','2022-01-31 20:22:14'),(300,'100,00',60,9,'2022-01-31 20:22:14','2022-01-31 20:22:14'),(301,'-',61,5,'2022-01-31 20:22:14','2022-01-31 20:22:14'),(302,'-',61,6,'2022-01-31 20:22:14','2022-01-31 20:22:14'),(303,'17,82',61,7,'2022-01-31 20:22:14','2022-01-31 20:22:14'),(304,'25,81',61,8,'2022-01-31 20:22:14','2022-01-31 20:22:14'),(305,'33,80',61,9,'2022-01-31 20:22:14','2022-01-31 20:22:14'),(306,'-',62,5,'2022-01-31 20:22:14','2022-01-31 20:22:14'),(307,'-',62,6,'2022-01-31 20:22:14','2022-01-31 20:22:14'),(308,'56,89',62,7,'2022-01-31 20:22:14','2022-01-31 20:22:14'),(309,'78,45',62,8,'2022-01-31 20:22:14','2022-01-31 20:22:14'),(310,'100,00',62,9,'2022-01-31 20:22:14','2022-01-31 20:22:14'),(311,'-',63,5,'2022-01-31 20:22:14','2022-01-31 20:22:14'),(312,'-',63,6,'2022-01-31 20:22:14','2022-01-31 20:22:14'),(313,'36,54',63,7,'2022-01-31 20:22:14','2022-01-31 20:22:14'),(314,'44,58',63,8,'2022-01-31 20:22:14','2022-01-31 20:22:14'),(315,'55,71',63,9,'2022-01-31 20:22:14','2022-01-31 20:22:14'),(316,'-',64,5,'2022-01-31 20:22:14','2022-01-31 20:22:14'),(317,'-',64,6,'2022-01-31 20:22:14','2022-01-31 20:22:14'),(318,'20,00',64,7,'2022-01-31 20:22:14','2022-01-31 20:22:14'),(319,'20,00',64,8,'2022-01-31 20:22:14','2022-01-31 20:22:14'),(320,'40,00',64,9,'2022-01-31 20:22:14','2022-01-31 20:22:14'),(321,'-',65,5,'2022-01-31 20:22:14','2022-01-31 20:22:14'),(322,'-',65,6,'2022-01-31 20:22:14','2022-01-31 20:22:14'),(323,'50,00',65,7,'2022-01-31 20:22:14','2022-01-31 20:22:14'),(324,'75,00',65,8,'2022-01-31 20:22:14','2022-01-31 20:22:14'),(325,'100,00',65,9,'2022-01-31 20:22:14','2022-01-31 20:22:14'),(326,'-',66,5,'2022-01-31 20:22:14','2022-01-31 20:22:14'),(327,'-',66,6,'2022-01-31 20:22:14','2022-01-31 20:22:14'),(328,'48,45',66,7,'2022-01-31 20:22:14','2022-01-31 20:22:14'),(329,'62,59',66,8,'2022-01-31 20:22:14','2022-01-31 20:22:14'),(330,'100,00',66,9,'2022-01-31 20:22:14','2022-01-31 20:22:14'),(331,'-',67,5,'2022-01-31 20:22:14','2022-01-31 20:22:14'),(332,'-',67,6,'2022-01-31 20:22:14','2022-01-31 20:22:14'),(333,'37,19',67,7,'2022-01-31 20:22:14','2022-01-31 20:22:14'),(334,'67,28',67,8,'2022-01-31 20:22:14','2022-01-31 20:22:14'),(335,'100,00',67,9,'2022-01-31 20:22:14','2022-01-31 20:22:14'),(336,'-',68,5,'2022-01-31 20:22:14','2022-01-31 20:22:14'),(337,'-',68,6,'2022-01-31 20:22:14','2022-01-31 20:22:14'),(338,'60,00',68,7,'2022-01-31 20:22:14','2022-01-31 20:22:14'),(339,'80,00',68,8,'2022-01-31 20:22:14','2022-01-31 20:22:14'),(340,'100,00',68,9,'2022-01-31 20:22:14','2022-01-31 20:22:14'),(341,'-',69,5,'2022-01-31 20:22:14','2022-01-31 20:22:14'),(342,'-',69,6,'2022-01-31 20:22:14','2022-01-31 20:22:14'),(343,'100,00',69,7,'2022-01-31 20:22:14','2022-01-31 20:22:14'),(344,'100,00',69,8,'2022-01-31 20:22:14','2022-01-31 20:22:14'),(345,'100,00',69,9,'2022-01-31 20:22:14','2022-01-31 20:22:14'),(346,'-',70,5,'2022-01-31 20:22:14','2022-01-31 20:22:14'),(347,'-',70,6,'2022-01-31 20:22:14','2022-01-31 20:22:14'),(348,'100,00',70,7,'2022-01-31 20:22:14','2022-01-31 20:22:14'),(349,'100,00',70,8,'2022-01-31 20:22:14','2022-01-31 20:22:14'),(350,'100,00',70,9,'2022-01-31 20:22:14','2022-01-31 20:22:14'),(351,'-',71,5,'2022-01-31 20:22:14','2022-01-31 20:22:14'),(352,'-',71,6,'2022-01-31 20:22:14','2022-01-31 20:22:14'),(353,'100,00',71,7,'2022-01-31 20:22:14','2022-01-31 20:22:14'),(354,'100,00',71,8,'2022-01-31 20:22:14','2022-01-31 20:22:14'),(355,'100,00',71,9,'2022-01-31 20:22:14','2022-01-31 20:22:14'),(356,'-',72,5,'2022-01-31 20:22:14','2022-01-31 20:22:14'),(357,'-',72,6,'2022-01-31 20:22:14','2022-01-31 20:22:14'),(358,'100,00',72,7,'2022-01-31 20:22:14','2022-01-31 20:22:14'),(359,'100,00',72,8,'2022-01-31 20:22:14','2022-01-31 20:22:14'),(360,'100,00',72,9,'2022-01-31 20:22:14','2022-01-31 20:22:14'),(361,'-',73,5,'2022-01-31 20:22:14','2022-01-31 20:22:14'),(362,'-',73,6,'2022-01-31 20:22:14','2022-01-31 20:22:14'),(363,'20,00',73,7,'2022-01-31 20:22:14','2022-01-31 20:22:14'),(364,'40,00',73,8,'2022-01-31 20:22:14','2022-01-31 20:22:14'),(365,'60,00',73,9,'2022-01-31 20:22:14','2022-01-31 20:22:14'),(366,'-',74,5,'2022-01-31 20:22:14','2022-01-31 20:22:14'),(367,'-',74,6,'2022-01-31 20:22:14','2022-01-31 20:22:14'),(368,'100,00',74,7,'2022-01-31 20:22:14','2022-01-31 20:22:14'),(369,'100,00',74,8,'2022-01-31 20:22:14','2022-01-31 20:22:14'),(370,'100,00',74,9,'2022-01-31 20:22:14','2022-01-31 20:22:14'),(371,'-',75,5,'2022-01-31 20:22:14','2022-01-31 20:22:14'),(372,'-',75,6,'2022-01-31 20:22:14','2022-01-31 20:22:14'),(373,'100,00',75,7,'2022-01-31 20:22:14','2022-01-31 20:22:14'),(374,'100,00',75,8,'2022-01-31 20:22:14','2022-01-31 20:22:14'),(375,'100,00',75,9,'2022-01-31 20:22:14','2022-01-31 20:22:14'),(376,'-',76,5,'2022-01-31 20:22:14','2022-01-31 20:22:14'),(377,'-',76,6,'2022-01-31 20:22:14','2022-01-31 20:22:14'),(378,'30,00',76,7,'2022-01-31 20:22:14','2022-01-31 20:22:14'),(379,'32,50',76,8,'2022-01-31 20:22:14','2022-01-31 20:22:14'),(380,'35,00',76,9,'2022-01-31 20:22:14','2022-01-31 20:22:14'),(381,'-',77,5,'2022-01-31 20:24:18','2022-01-31 20:24:18'),(382,'-',77,6,'2022-01-31 20:24:18','2022-01-31 20:24:18'),(383,'44',77,7,'2022-01-31 20:24:18','2022-01-31 20:24:18'),(384,'46',77,8,'2022-01-31 20:24:18','2022-01-31 20:24:18'),(385,'48',77,9,'2022-01-31 20:24:18','2022-01-31 20:24:18'),(386,'-',78,5,'2022-01-31 20:24:18','2022-01-31 20:24:18'),(387,'-',78,6,'2022-01-31 20:24:18','2022-01-31 20:24:18'),(388,'47,22',78,7,'2022-01-31 20:24:18','2022-01-31 20:24:18'),(389,'48,61',78,8,'2022-01-31 20:24:18','2022-01-31 20:24:18'),(390,'50,00',78,9,'2022-01-31 20:24:18','2022-01-31 20:24:18'),(391,'-',79,5,'2022-01-31 20:24:18','2022-01-31 20:24:18'),(392,'-',79,6,'2022-01-31 20:24:18','2022-01-31 20:24:18'),(393,'10',79,7,'2022-01-31 20:24:18','2022-01-31 20:24:18'),(394,'10',79,8,'2022-01-31 20:24:18','2022-01-31 20:24:18'),(395,'10',79,9,'2022-01-31 20:24:18','2022-01-31 20:24:18');
/*!40000 ALTER TABLE `rpjmd_program_target` ENABLE KEYS */;
UNLOCK TABLES;

--
-- Table structure for table `rpjmd_sasaran`
--

DROP TABLE IF EXISTS `rpjmd_sasaran`;
/*!40101 SET @saved_cs_client     = @@character_set_client */;
/*!40101 SET character_set_client = utf8 */;
CREATE TABLE `rpjmd_sasaran` (
  `id` bigint(20) unsigned NOT NULL AUTO_INCREMENT,
  `name` varchar(255) COLLATE utf8mb4_unicode_ci NOT NULL,
  `id_tujuan` bigint(20) unsigned NOT NULL,
  `id_periode` bigint(20) unsigned NOT NULL,
  `created_at` timestamp NULL DEFAULT NULL,
  `updated_at` timestamp NULL DEFAULT NULL,
  PRIMARY KEY (`id`),
  KEY `rpjmd_sasaran_id_tujuan_foreign` (`id_tujuan`),
  KEY `rpjmd_sasaran_id_periode_foreign` (`id_periode`),
  CONSTRAINT `rpjmd_sasaran_id_periode_foreign` FOREIGN KEY (`id_periode`) REFERENCES `mst_periode` (`id`),
  CONSTRAINT `rpjmd_sasaran_id_tujuan_foreign` FOREIGN KEY (`id_tujuan`) REFERENCES `rpjmd_tujuan` (`id`)
) ENGINE=InnoDB AUTO_INCREMENT=37 DEFAULT CHARSET=utf8mb4 COLLATE=utf8mb4_unicode_ci;
/*!40101 SET character_set_client = @saved_cs_client */;

--
-- Dumping data for table `rpjmd_sasaran`
--

LOCK TABLES `rpjmd_sasaran` WRITE;
/*!40000 ALTER TABLE `rpjmd_sasaran` DISABLE KEYS */;
INSERT INTO `rpjmd_sasaran` VALUES (20,'Meningkatnya pelayanan pendidikan yang berkualitas',2,2,'2022-01-27 23:47:54','2022-01-27 23:47:54'),(21,'Meningkatnya budaya literasi',2,2,'2022-01-28 00:06:59','2022-01-28 00:06:59'),(22,'Meningkatnya kualitas kesehatan',3,2,'2022-01-28 00:12:29','2022-01-28 00:12:29'),(23,'Meningkatnya ketahanan pangan daerah',3,2,'2022-01-28 00:18:26','2022-01-28 00:18:26'),(24,'Menurunnya tingkat pertumbuhan penduduk alami',3,2,'2022-01-28 00:20:39','2022-01-28 00:20:39'),(25,'Meningkatnya kesejahteraan masyarakat',4,2,'2022-01-28 00:27:34','2022-01-28 00:27:34'),(26,'Meningkatnya daya saing daerah',4,2,'2022-01-28 00:31:05','2022-01-28 00:31:05'),(27,'Meningkatnya kualitas pelayanan publik',4,2,'2022-01-28 00:35:59','2022-01-28 00:35:59'),(28,'Terwujudnya tata kelola Pemerintahan yang baik, bersih dan efektif',4,2,'2022-01-28 00:40:55','2022-01-28 00:40:55'),(29,'Meningkatnya aksesibilitas konektivitas infrastruktur transportasi',6,2,'2022-01-28 00:42:30','2022-01-28 00:42:30'),(30,'Meningkatnya kualitas sarana prasarana desa',6,2,'2022-01-28 00:45:19','2022-01-28 00:45:19'),(31,'Meningkatnya kualitas permukiman',6,2,'2022-01-28 00:47:48','2022-01-28 00:47:48'),(32,'Meningkatkan kualitas lingkungan hidup',6,2,'2022-01-28 00:51:19','2022-01-28 00:51:19'),(33,'Mengurangi risiko bencana',6,2,'2022-01-28 00:53:47','2022-01-28 00:53:47'),(34,'Kehidupan masyarakat agamis, harmonis, nyaman, tertib dan tidak diskriminatif',7,2,'2022-01-28 00:57:34','2022-01-28 00:57:34'),(35,'Meningkatnya peranan wanita dalam pembangunan',7,2,'2022-01-28 00:59:00','2022-01-28 00:59:00'),(36,'Terwujudnya pelestarian kebudayaan',7,2,'2022-01-28 01:00:55','2022-01-28 01:00:55');
/*!40000 ALTER TABLE `rpjmd_sasaran` ENABLE KEYS */;
UNLOCK TABLES;

--
-- Table structure for table `rpjmd_sasaran_detail`
--

DROP TABLE IF EXISTS `rpjmd_sasaran_detail`;
/*!40101 SET @saved_cs_client     = @@character_set_client */;
/*!40101 SET character_set_client = utf8 */;
CREATE TABLE `rpjmd_sasaran_detail` (
  `id` bigint(20) unsigned NOT NULL AUTO_INCREMENT,
  `indikator` varchar(255) COLLATE utf8mb4_unicode_ci NOT NULL,
  `cara_pengukuran` text COLLATE utf8mb4_unicode_ci NOT NULL,
  `id_satuan` bigint(20) unsigned NOT NULL,
  `id_sasaran` bigint(20) unsigned NOT NULL,
  `is_pk` tinyint(1) NOT NULL DEFAULT 0,
  `is_iku` tinyint(1) NOT NULL DEFAULT 0,
  `awal` varchar(255) COLLATE utf8mb4_unicode_ci NOT NULL,
  `akhir` varchar(255) COLLATE utf8mb4_unicode_ci NOT NULL,
  `created_at` timestamp NULL DEFAULT NULL,
  `updated_at` timestamp NULL DEFAULT NULL,
  PRIMARY KEY (`id`),
  KEY `rpjmd_sasaran_detail_id_satuan_foreign` (`id_satuan`),
  KEY `rpjmd_sasaran_detail_id_sasaran_foreign` (`id_sasaran`),
  CONSTRAINT `rpjmd_sasaran_detail_id_sasaran_foreign` FOREIGN KEY (`id_sasaran`) REFERENCES `rpjmd_sasaran` (`id`),
  CONSTRAINT `rpjmd_sasaran_detail_id_satuan_foreign` FOREIGN KEY (`id_satuan`) REFERENCES `mst_satuan` (`id`)
) ENGINE=InnoDB AUTO_INCREMENT=49 DEFAULT CHARSET=utf8mb4 COLLATE=utf8mb4_unicode_ci;
/*!40101 SET character_set_client = @saved_cs_client */;

--
-- Dumping data for table `rpjmd_sasaran_detail`
--

LOCK TABLES `rpjmd_sasaran_detail` WRITE;
/*!40000 ALTER TABLE `rpjmd_sasaran_detail` DISABLE KEYS */;
INSERT INTO `rpjmd_sasaran_detail` VALUES (26,'Rata-rata Lama Sekolah','Rata-rata lama sekolah adalah\r\njumlah tahun yang digunakan oleh\r\npenduduk dalam menjalani\r\npendidikan formal. Penghitungan\r\ndilakukan pada penduduk yang\r\nberusia 25 tahun ke atas dimana\r\ndiasumsikan seseorang yang telah\r\nberumur 25 tahun, maka proses\r\npendidikannya telah berakhir',1,20,1,1,'7.88','8.61','2022-01-27 23:47:54','2022-01-27 23:47:54'),(27,'Harapan Lama Sekolah','Harapan lama sekolah adalah\r\nlamanya sekolah yang diharapkan\r\nakan dirasakan oleh anak pada\r\numur tertentu di masa mendatang.\r\nPenghitungan dilakukan pada\r\npenduduk yang berusia 7 tahun ke\r\natas karena adanya kebijakan\r\nprogram wajib belajar untuk usia\r\ntersebut. Batas nilai harapan lama\r\nsekolah adalah minimum 0 dan\r\nmaksimum 18 tahun.',1,20,1,1,'12.44','12.90','2022-01-27 23:47:54','2022-01-27 23:47:54'),(28,'Indeks Membaca','fasilitas membaca\r\n+ indeks\r\npemanfaatan\r\nbahan bacaan +\r\nindeks kebiasaan\r\nmembaca\r\nmasyarakat / 3',2,21,1,1,'52,69','61,54','2022-01-28 00:06:59','2022-01-28 00:06:59'),(29,'Angka Harapan Hidup','Kosong',1,22,1,1,'70,86','71,50','2022-01-28 00:12:29','2022-01-28 00:12:29'),(30,'Skor Pola Pangan Harapan','Data Komposit :\r\nSkor PPH = skor\r\nPPH kelompok\r\npadi – padian + ...\r\n+ skor PPH\r\nkelompok lain',2,23,1,1,'86,18','81,29','2022-01-28 00:18:26','2022-01-28 00:18:26'),(31,'Crude Birth Rate (CBR)','kosong',3,24,1,1,'25,59','18,21','2022-01-28 00:20:39','2022-01-28 00:20:39'),(32,'PDRB Perkapita','Kosong',42,25,1,1,'37,93','39,41','2022-01-28 00:27:34','2022-01-28 00:27:34'),(33,'Tingkat kemiskinan','Kosong',3,25,0,0,'7,14','7,14','2022-01-28 00:27:34','2022-01-28 00:27:34'),(34,'Tingkat Pengangguran Terbuka','Kosong',3,25,1,1,'9,75','11,05','2022-01-28 00:27:34','2022-01-28 00:27:34'),(35,'PDRB atas dasar harga berlaku','Kosong',44,26,1,1,'219,24','251,80','2022-01-28 00:31:05','2022-01-28 00:31:05'),(36,'Indeks kepuasan masyarakat','Kosong',2,27,1,1,'78,57','87,50','2022-01-28 00:35:59','2022-01-28 00:35:59'),(37,'Opini BPK terhadap laporan keuangan pemerintah daerah','Kosong',26,28,0,0,'WTP','WTP','2022-01-28 00:40:55','2022-01-28 00:40:55'),(38,'Nilai AKIP','Kosong',54,28,1,1,'B','75,00','2022-01-28 00:40:55','2022-01-28 00:40:55'),(39,'Indeks Inovasi Daerah','Kosong',2,28,1,1,'4.280','70','2022-01-28 00:40:55','2022-01-28 00:40:55'),(40,'Indeks Konektivitas Infrastruktur','Kosong',2,29,1,1,'0','1,53','2022-01-28 00:42:30','2022-01-28 00:42:30'),(41,'Indeks Desa Membangun','Ksoong',2,30,1,1,'0','0,7524','2022-01-28 00:45:19','2022-01-28 00:45:19'),(42,'Persentase Kawasan Permukiman Layak','kosong',3,31,1,1,'99,54','100,00','2022-01-28 00:47:48','2022-01-28 00:47:48'),(43,'Indeks Kualitas Lingkungan Hidup','Kosong',2,32,1,1,'49,46','56,25','2022-01-28 00:51:19','2022-01-28 00:51:19'),(44,'Indeks Risiko Bencana','kosong',2,33,1,1,'152','132','2022-01-28 00:53:47','2022-01-28 00:53:47'),(45,'Indeks Kerukunan Hidup Beragama','Kosong',2,34,1,1,'67,75','82,09-82,17','2022-01-28 00:57:34','2022-01-28 00:57:34'),(46,'Tingkat Kepatuhan Perda dan Perkada Ketertiban Umum','Kosong',3,34,1,1,'0','92,31','2022-01-28 00:57:34','2022-01-28 00:57:34'),(47,'Indeks Pemberdayaan Gender','Kosong',56,35,1,1,'57,1','59,00','2022-01-28 00:59:00','2022-01-28 00:59:00'),(48,'Persentase kebudayaan yang dilestarikan','Jumlah Kebudayaan yang\r\ndilestarikan (Festival Budaya + BCB\r\n+ Kesenian tradisional) / Jumlah\r\nKebudayaan yang terdata x 100%',3,36,1,1,'0','58,88','2022-01-28 01:00:55','2022-01-28 01:00:55');
/*!40000 ALTER TABLE `rpjmd_sasaran_detail` ENABLE KEYS */;
UNLOCK TABLES;

--
-- Table structure for table `rpjmd_sasaran_target`
--

DROP TABLE IF EXISTS `rpjmd_sasaran_target`;
/*!40101 SET @saved_cs_client     = @@character_set_client */;
/*!40101 SET character_set_client = utf8 */;
CREATE TABLE `rpjmd_sasaran_target` (
  `id` bigint(20) unsigned NOT NULL AUTO_INCREMENT,
  `target` varchar(255) COLLATE utf8mb4_unicode_ci DEFAULT NULL,
  `id_sasaran_detail` bigint(20) unsigned NOT NULL,
  `id_periode_per_tahun` bigint(20) unsigned NOT NULL,
  `created_at` timestamp NULL DEFAULT NULL,
  `updated_at` timestamp NULL DEFAULT NULL,
  PRIMARY KEY (`id`),
  KEY `rpjmd_sasaran_target_id_sasaran_detail_foreign` (`id_sasaran_detail`),
  KEY `rpjmd_sasaran_target_id_periode_per_tahun_foreign` (`id_periode_per_tahun`),
  CONSTRAINT `rpjmd_sasaran_target_id_periode_per_tahun_foreign` FOREIGN KEY (`id_periode_per_tahun`) REFERENCES `mst_periode_per_tahun` (`id`),
  CONSTRAINT `rpjmd_sasaran_target_id_sasaran_detail_foreign` FOREIGN KEY (`id_sasaran_detail`) REFERENCES `rpjmd_sasaran_detail` (`id`)
) ENGINE=InnoDB AUTO_INCREMENT=240 DEFAULT CHARSET=utf8mb4 COLLATE=utf8mb4_unicode_ci;
/*!40101 SET character_set_client = @saved_cs_client */;

--
-- Dumping data for table `rpjmd_sasaran_target`
--

LOCK TABLES `rpjmd_sasaran_target` WRITE;
/*!40000 ALTER TABLE `rpjmd_sasaran_target` DISABLE KEYS */;
INSERT INTO `rpjmd_sasaran_target` VALUES (125,'8.14',26,5,'2022-01-27 23:47:54','2022-01-27 23:47:54'),(126,'8.30',26,6,'2022-01-27 23:47:54','2022-01-27 23:47:54'),(127,'8,39',26,7,'2022-01-27 23:47:54','2022-01-27 23:47:54'),(128,'8,50',26,8,'2022-01-27 23:47:54','2022-01-27 23:47:54'),(129,'8,61',26,9,'2022-01-27 23:47:54','2022-01-27 23:47:54'),(130,'12.60',27,5,'2022-01-27 23:47:54','2022-01-27 23:47:54'),(131,'12.68',27,6,'2022-01-27 23:47:54','2022-01-27 23:47:54'),(132,'12,61',27,7,'2022-01-27 23:47:54','2022-01-27 23:47:54'),(133,'12,75',27,8,'2022-01-27 23:47:54','2022-01-27 23:47:54'),(134,'12,90',27,9,'2022-01-27 23:47:54','2022-01-27 23:47:54'),(135,'0',28,5,'2022-01-28 00:06:59','2022-01-28 00:06:59'),(136,'0',28,6,'2022-01-28 00:06:59','2022-01-28 00:06:59'),(137,'61,16',28,7,'2022-01-28 00:06:59','2022-01-28 00:06:59'),(138,'61,35',28,8,'2022-01-28 00:06:59','2022-01-28 00:06:59'),(139,'61,54',28,9,'2022-01-28 00:06:59','2022-01-28 00:06:59'),(140,'71.22',29,5,'2022-01-28 00:12:29','2022-01-28 00:12:29'),(141,'71.48',29,6,'2022-01-28 00:12:29','2022-01-28 00:12:29'),(142,'71,27',29,7,'2022-01-28 00:12:29','2022-01-28 00:12:29'),(143,'71,39',29,8,'2022-01-28 00:12:29','2022-01-28 00:12:29'),(144,'71,50',29,9,'2022-01-28 00:12:29','2022-01-28 00:12:29'),(145,'86.73',30,5,'2022-01-28 00:18:26','2022-01-28 00:18:26'),(146,'87.28',30,6,'2022-01-28 00:18:26','2022-01-28 00:18:26'),(147,'80,96',30,7,'2022-01-28 00:18:26','2022-01-28 00:18:26'),(148,'81,12',30,8,'2022-01-28 00:18:26','2022-01-28 00:18:26'),(149,'81,29',30,9,'2022-01-28 00:18:26','2022-01-28 00:18:26'),(150,'24.80',31,5,'2022-01-28 00:20:39','2022-01-28 00:20:39'),(151,'24.03',31,6,'2022-01-28 00:20:39','2022-01-28 00:20:39'),(152,'19,10',31,7,'2022-01-28 00:20:39','2022-01-28 00:20:39'),(153,'18,65',31,8,'2022-01-28 00:20:39','2022-01-28 00:20:39'),(154,'18,21',31,9,'2022-01-28 00:20:39','2022-01-28 00:20:39'),(155,'40.53',32,5,'2022-01-28 00:27:34','2022-01-28 00:27:34'),(156,'42.16',32,6,'2022-01-28 00:27:34','2022-01-28 00:27:34'),(157,'38,58',32,7,'2022-01-28 00:27:34','2022-01-28 00:27:34'),(158,'38,80',32,8,'2022-01-28 00:27:34','2022-01-28 00:27:34'),(159,'39,41',32,9,'2022-01-28 00:27:34','2022-01-28 00:27:34'),(160,'6.91',33,5,'2022-01-28 00:27:34','2022-01-28 00:27:34'),(161,'6.78',33,6,'2022-01-28 00:27:34','2022-01-28 00:27:34'),(162,'7,54',33,7,'2022-01-28 00:27:34','2022-01-28 00:27:34'),(163,'7,38',33,8,'2022-01-28 00:27:34','2022-01-28 00:27:34'),(164,'7,14',33,9,'2022-01-28 00:27:34','2022-01-28 00:27:34'),(165,'9.61',34,5,'2022-01-28 00:27:34','2022-01-28 00:27:34'),(166,'9.20',34,6,'2022-01-28 00:27:34','2022-01-28 00:27:34'),(167,'12,22',34,7,'2022-01-28 00:27:34','2022-01-28 00:27:34'),(168,'11,64',34,8,'2022-01-28 00:27:34','2022-01-28 00:27:34'),(169,'11,05',34,9,'2022-01-28 00:27:34','2022-01-28 00:27:34'),(170,'241.86',35,5,'2022-01-28 00:31:05','2022-01-28 00:31:05'),(171,'256.90',35,6,'2022-01-28 00:31:05','2022-01-28 00:31:05'),(172,'238,81',35,7,'2022-01-28 00:31:05','2022-01-28 00:31:05'),(173,'244,05',35,8,'2022-01-28 00:31:05','2022-01-28 00:31:05'),(174,'251,80',35,9,'2022-01-28 00:31:05','2022-01-28 00:31:05'),(175,'79.05',36,5,'2022-01-28 00:35:59','2022-01-28 00:35:59'),(176,'80.00',36,6,'2022-01-28 00:35:59','2022-01-28 00:35:59'),(177,'86,50',36,7,'2022-01-28 00:35:59','2022-01-28 00:35:59'),(178,'87,00',36,8,'2022-01-28 00:35:59','2022-01-28 00:35:59'),(179,'87,50',36,9,'2022-01-28 00:35:59','2022-01-28 00:35:59'),(180,'WTP',37,5,'2022-01-28 00:40:55','2022-01-28 00:40:55'),(181,'WTP',37,6,'2022-01-28 00:40:55','2022-01-28 00:40:55'),(182,'WTP',37,7,'2022-01-28 00:40:55','2022-01-28 00:40:55'),(183,'WTP',37,8,'2022-01-28 00:40:55','2022-01-28 00:40:55'),(184,'WTP',37,9,'2022-01-28 00:40:55','2022-01-28 00:40:55'),(185,'B',38,5,'2022-01-28 00:40:55','2022-01-28 00:40:55'),(186,'B',38,6,'2022-01-28 00:40:55','2022-01-28 00:40:55'),(187,'69,00',38,7,'2022-01-28 00:40:55','2022-01-28 00:40:55'),(188,'72,00',38,8,'2022-01-28 00:40:55','2022-01-28 00:40:55'),(189,'75,00',38,9,'2022-01-28 00:40:55','2022-01-28 00:40:55'),(190,'6.420',39,5,'2022-01-28 00:40:55','2022-01-28 00:40:55'),(191,'9.630',39,6,'2022-01-28 00:40:55','2022-01-28 00:40:55'),(192,'60',39,7,'2022-01-28 00:40:55','2022-01-28 00:40:55'),(193,'65',39,8,'2022-01-28 00:40:55','2022-01-28 00:40:55'),(194,'70',39,9,'2022-01-28 00:40:55','2022-01-28 00:40:55'),(195,'0',40,5,'2022-01-28 00:42:30','2022-01-28 00:42:30'),(196,'0',40,6,'2022-01-28 00:42:30','2022-01-28 00:42:30'),(197,'1,42',40,7,'2022-01-28 00:42:30','2022-01-28 00:42:30'),(198,'1,47',40,8,'2022-01-28 00:42:30','2022-01-28 00:42:30'),(199,'1,53',40,9,'2022-01-28 00:42:30','2022-01-28 00:42:30'),(200,'0',41,5,'2022-01-28 00:45:19','2022-01-28 00:45:19'),(201,'0',41,6,'2022-01-28 00:45:19','2022-01-28 00:45:19'),(202,'0,7301',41,7,'2022-01-28 00:45:19','2022-01-28 00:45:19'),(203,'0,7362',41,8,'2022-01-28 00:45:19','2022-01-28 00:45:19'),(204,'0,7524',41,9,'2022-01-28 00:45:19','2022-01-28 00:45:19'),(205,'0',42,5,'2022-01-28 00:47:48','2022-01-28 00:47:48'),(206,'0',42,6,'2022-01-28 00:47:48','2022-01-28 00:47:48'),(207,'99,72',42,7,'2022-01-28 00:47:48','2022-01-28 00:47:48'),(208,'99,86',42,8,'2022-01-28 00:47:48','2022-01-28 00:47:48'),(209,'100,00',42,9,'2022-01-28 00:47:48','2022-01-28 00:47:48'),(210,'0',43,5,'2022-01-28 00:51:19','2022-01-28 00:51:19'),(211,'0',43,6,'2022-01-28 00:51:19','2022-01-28 00:51:19'),(212,'56,05',43,7,'2022-01-28 00:51:19','2022-01-28 00:51:19'),(213,'56,15',43,8,'2022-01-28 00:51:19','2022-01-28 00:51:19'),(214,'56,25',43,9,'2022-01-28 00:51:19','2022-01-28 00:51:19'),(215,'0',44,5,'2022-01-28 00:53:47','2022-01-28 00:53:47'),(216,'0',44,6,'2022-01-28 00:53:47','2022-01-28 00:53:47'),(217,'136',44,7,'2022-01-28 00:53:47','2022-01-28 00:53:47'),(218,'134',44,8,'2022-01-28 00:53:47','2022-01-28 00:53:47'),(219,'132',44,9,'2022-01-28 00:53:47','2022-01-28 00:53:47'),(220,'67.92',45,5,'2022-01-28 00:57:34','2022-01-28 00:57:34'),(221,'68.09',45,6,'2022-01-28 00:57:34','2022-01-28 00:57:34'),(222,'82,09-82,12',45,7,'2022-01-28 00:57:34','2022-01-28 00:57:34'),(223,'82,09-82,15',45,8,'2022-01-28 00:57:34','2022-01-28 00:57:34'),(224,'82,09-82,17',45,9,'2022-01-28 00:57:34','2022-01-28 00:57:34'),(225,'0',46,5,'2022-01-28 00:57:34','2022-01-28 00:57:34'),(226,'0',46,6,'2022-01-28 00:57:34','2022-01-28 00:57:34'),(227,'74,36',46,7,'2022-01-28 00:57:34','2022-01-28 00:57:34'),(228,'82,05',46,8,'2022-01-28 00:57:34','2022-01-28 00:57:34'),(229,'92,31',46,9,'2022-01-28 00:57:34','2022-01-28 00:57:34'),(230,'57.57',47,5,'2022-01-28 00:59:00','2022-01-28 00:59:00'),(231,'58.04',47,6,'2022-01-28 00:59:00','2022-01-28 00:59:00'),(232,'58,50',47,7,'2022-01-28 00:59:00','2022-01-28 00:59:00'),(233,'58,90',47,8,'2022-01-28 00:59:00','2022-01-28 00:59:00'),(234,'59,00',47,9,'2022-01-28 00:59:00','2022-01-28 00:59:00'),(235,'0',48,5,'2022-01-28 01:00:55','2022-01-28 01:00:55'),(236,'0',48,6,'2022-01-28 01:00:55','2022-01-28 01:00:55'),(237,'57,01',48,7,'2022-01-28 01:00:55','2022-01-28 01:00:55'),(238,'57,94',48,8,'2022-01-28 01:00:55','2022-01-28 01:00:55'),(239,'58,88',48,9,'2022-01-28 01:00:55','2022-01-28 01:00:55');
/*!40000 ALTER TABLE `rpjmd_sasaran_target` ENABLE KEYS */;
UNLOCK TABLES;

--
-- Table structure for table `rpjmd_strategi`
--

DROP TABLE IF EXISTS `rpjmd_strategi`;
/*!40101 SET @saved_cs_client     = @@character_set_client */;
/*!40101 SET character_set_client = utf8 */;
CREATE TABLE `rpjmd_strategi` (
  `id` bigint(20) unsigned NOT NULL AUTO_INCREMENT,
  `name` varchar(255) COLLATE utf8mb4_unicode_ci NOT NULL,
  `id_sasaran` bigint(20) unsigned NOT NULL,
  `id_periode` bigint(20) unsigned NOT NULL,
  `created_at` timestamp NULL DEFAULT NULL,
  `updated_at` timestamp NULL DEFAULT NULL,
  PRIMARY KEY (`id`),
  KEY `rpjmd_strategi_id_sasaran_foreign` (`id_sasaran`),
  KEY `rpjmd_strategi_id_periode_foreign` (`id_periode`),
  CONSTRAINT `rpjmd_strategi_id_periode_foreign` FOREIGN KEY (`id_periode`) REFERENCES `mst_periode` (`id`),
  CONSTRAINT `rpjmd_strategi_id_sasaran_foreign` FOREIGN KEY (`id_sasaran`) REFERENCES `rpjmd_sasaran` (`id`)
) ENGINE=InnoDB AUTO_INCREMENT=56 DEFAULT CHARSET=utf8mb4 COLLATE=utf8mb4_unicode_ci;
/*!40101 SET character_set_client = @saved_cs_client */;

--
-- Dumping data for table `rpjmd_strategi`
--

LOCK TABLES `rpjmd_strategi` WRITE;
/*!40000 ALTER TABLE `rpjmd_strategi` DISABLE KEYS */;
INSERT INTO `rpjmd_strategi` VALUES (25,'Peningkatan pengelolaan pendidikan',20,2,'2022-01-28 01:17:35','2022-01-28 01:17:35'),(26,'Peningkatan kualitas pendidik dan tenaga kependidikan',20,2,'2022-01-28 01:17:35','2022-01-28 01:17:35'),(27,'Peningkatan budaya membaca',21,2,'2022-01-28 01:17:35','2022-01-28 01:17:35'),(28,'Peningkatan upaya kesehatan masyarakat',22,2,'2022-01-28 01:17:35','2022-01-28 01:17:35'),(29,'Peningkatan ketersediaan dan diversifikasi konsumsi pangan yang aman',23,2,'2022-01-28 01:17:35','2022-01-28 01:17:35'),(30,'Pengendalian pertumbuhan penduduk alami',24,2,'2022-01-28 01:20:48','2022-01-28 01:20:48'),(31,'Peningkatan kualitas keluarga',25,2,'2022-01-28 01:20:48','2022-01-28 01:20:48'),(32,'Peningkatan pemberdayaan sosial masyarakat',25,2,'2022-01-28 01:20:48','2022-01-28 01:20:48'),(33,'Peningkatan pelayanan rehabilitasi sosial serta pemberian perlindungan dan jaminan sosial',25,2,'2022-01-28 01:20:48','2022-01-28 01:20:48'),(34,'Peningkatan kapasitas dan peluang ketenagakerjaan',25,2,'2022-01-28 01:20:48','2022-01-28 01:20:48'),(35,'Peningkatan produk daerah yang berdaya saing dan berkelanjutan',26,2,'2022-01-28 01:20:48','2022-01-28 01:20:48'),(36,'Peningkatan kualitas pelaku usaha',26,2,'2022-01-28 01:20:48','2022-01-28 01:20:48'),(37,'Peningkatan peluang investasi',26,2,'2022-01-28 01:20:48','2022-01-28 01:20:48'),(38,'Optimalisasi promosi investasi dan pemasaran produk',26,2,'2022-01-28 01:20:48','2022-01-28 01:20:48'),(39,'Pengembangan kapasitas daya saing kepemudaan',26,2,'2022-01-28 01:20:48','2022-01-28 01:20:48'),(40,'Peningkatan prestasi olahraga',26,2,'2022-01-28 01:20:48','2022-01-28 01:20:48'),(41,'Optimalisasi pelayanan prima terhadap masyarakat',27,2,'2022-01-28 01:20:48','2022-01-28 01:20:48'),(42,'Peningkatan penerapan reformasi birokrasi',28,2,'2022-01-28 01:20:48','2022-01-28 01:20:48'),(43,'Peningkatan infrastruktur jalan dan transportasi berkualitas',29,2,'2022-01-28 01:21:51','2022-01-28 01:21:51'),(44,'Peningkatan kualitas infrastruktur desa',30,2,'2022-01-28 01:21:51','2022-01-28 01:21:51'),(45,'Pengembangan kehidupan sosial masyarakat desa',30,2,'2022-01-28 01:21:51','2022-01-28 01:21:51'),(46,'Peningkatan Kualitas Perumahan dan Kawasan Permukiman',31,2,'2022-01-28 01:21:51','2022-01-28 01:21:51'),(47,'Peningkatan kualitas pengelolaan persampahan',32,2,'2022-01-28 01:21:51','2022-01-28 01:21:51'),(48,'Pengelolaan lingkungan hidup',32,2,'2022-01-28 01:21:51','2022-01-28 01:21:51'),(49,'Peningkatan penanggulangan bencana',33,2,'2022-01-28 01:21:51','2022-01-28 01:21:51'),(50,'Peningkatan mitigasi bencana',33,2,'2022-01-28 01:21:51','2022-01-28 01:21:51'),(51,'Peningkatan keharmonisan dan kualitas kehidupan sosial politik di masyarakat',34,2,'2022-01-28 01:24:08','2022-01-28 01:24:08'),(52,'Pembinaan kerukunan umat beragama',34,2,'2022-01-28 01:24:08','2022-01-28 01:24:08'),(53,'Pengendalian ketentraman dan ketertiban umum',34,2,'2022-01-28 01:24:08','2022-01-28 01:24:08'),(54,'Peningkatan pemberdayaan perempuan serta perlindungan perempuan dan anak',35,2,'2022-01-28 01:24:08','2022-01-28 01:24:08'),(55,'Perlindungan dan pembinaan seni dan budaya daerah',36,2,'2022-01-28 01:24:08','2022-01-28 01:24:08');
/*!40000 ALTER TABLE `rpjmd_strategi` ENABLE KEYS */;
UNLOCK TABLES;

--
-- Table structure for table `rpjmd_sumber_anggaran`
--

DROP TABLE IF EXISTS `rpjmd_sumber_anggaran`;
/*!40101 SET @saved_cs_client     = @@character_set_client */;
/*!40101 SET character_set_client = utf8 */;
CREATE TABLE `rpjmd_sumber_anggaran` (
  `id` bigint(20) unsigned NOT NULL AUTO_INCREMENT,
  `id_mst_sumber_anggaran` bigint(20) unsigned NOT NULL,
  `id_rpjmd_program` bigint(20) unsigned NOT NULL,
  `id_periode` bigint(20) unsigned NOT NULL,
  `created_at` timestamp NULL DEFAULT NULL,
  `updated_at` timestamp NULL DEFAULT NULL,
  PRIMARY KEY (`id`),
  KEY `rpjmd_sumber_anggaran_id_mst_sumber_anggaran_foreign` (`id_mst_sumber_anggaran`),
  KEY `rpjmd_sumber_anggaran_id_rpjmd_program_foreign` (`id_rpjmd_program`),
  KEY `rpjmd_sumber_anggaran_id_periode_foreign` (`id_periode`),
  CONSTRAINT `rpjmd_sumber_anggaran_id_mst_sumber_anggaran_foreign` FOREIGN KEY (`id_mst_sumber_anggaran`) REFERENCES `sumber_anggaran` (`id`),
  CONSTRAINT `rpjmd_sumber_anggaran_id_periode_foreign` FOREIGN KEY (`id_periode`) REFERENCES `mst_periode` (`id`),
  CONSTRAINT `rpjmd_sumber_anggaran_id_rpjmd_program_foreign` FOREIGN KEY (`id_rpjmd_program`) REFERENCES `rpjmd_program` (`id`)
) ENGINE=InnoDB AUTO_INCREMENT=59 DEFAULT CHARSET=utf8mb4 COLLATE=utf8mb4_unicode_ci;
/*!40101 SET character_set_client = @saved_cs_client */;

--
-- Dumping data for table `rpjmd_sumber_anggaran`
--

LOCK TABLES `rpjmd_sumber_anggaran` WRITE;
/*!40000 ALTER TABLE `rpjmd_sumber_anggaran` DISABLE KEYS */;
INSERT INTO `rpjmd_sumber_anggaran` VALUES (1,2,59,2,'2022-02-10 19:06:20','2022-02-10 19:06:20'),(2,2,60,2,'2022-02-10 19:06:20','2022-02-10 19:06:20'),(3,2,61,2,'2022-02-10 19:06:20','2022-02-10 19:06:20'),(4,2,62,2,'2022-02-10 19:06:20','2022-02-10 19:06:20'),(5,2,63,2,'2022-02-10 19:06:20','2022-02-10 19:06:20'),(6,2,64,2,'2022-02-10 19:06:20','2022-02-10 19:06:20'),(7,2,67,2,'2022-02-10 19:06:20','2022-02-10 19:06:20'),(8,2,68,2,'2022-02-10 19:06:20','2022-02-10 19:06:20'),(9,2,69,2,'2022-02-10 19:06:20','2022-02-10 19:06:20'),(10,2,70,2,'2022-02-10 19:06:20','2022-02-10 19:06:20'),(11,2,71,2,'2022-02-10 19:06:20','2022-02-10 19:06:20'),(12,2,72,2,'2022-02-10 19:06:20','2022-02-10 19:06:20'),(13,2,73,2,'2022-02-10 19:06:20','2022-02-10 19:06:20'),(14,2,74,2,'2022-02-10 19:06:20','2022-02-10 19:06:20'),(15,2,75,2,'2022-02-10 19:06:20','2022-02-10 19:06:20'),(16,2,76,2,'2022-02-10 19:06:20','2022-02-10 19:06:20'),(17,2,77,2,'2022-02-10 19:06:20','2022-02-10 19:06:20'),(18,2,78,2,'2022-02-10 19:06:20','2022-02-10 19:06:20'),(19,2,79,2,'2022-02-10 19:06:20','2022-02-10 19:06:20'),(20,2,80,2,'2022-02-10 19:06:20','2022-02-10 19:06:20'),(21,2,81,2,'2022-02-10 19:06:20','2022-02-10 19:06:20'),(22,2,82,2,'2022-02-10 19:06:20','2022-02-10 19:06:20'),(23,2,83,2,'2022-02-10 19:06:20','2022-02-10 19:06:20'),(24,2,84,2,'2022-02-10 19:06:20','2022-02-10 19:06:20'),(25,2,85,2,'2022-02-10 19:06:20','2022-02-10 19:06:20'),(26,2,86,2,'2022-02-10 19:06:20','2022-02-10 19:06:20'),(27,2,87,2,'2022-02-10 19:06:20','2022-02-10 19:06:20'),(28,2,88,2,'2022-02-10 19:06:20','2022-02-10 19:06:20'),(29,2,89,2,'2022-02-10 19:06:20','2022-02-10 19:06:20'),(30,2,90,2,'2022-02-10 19:06:20','2022-02-10 19:06:20'),(31,2,91,2,'2022-02-10 19:06:20','2022-02-10 19:06:20'),(32,2,92,2,'2022-02-10 19:06:20','2022-02-10 19:06:20'),(33,2,93,2,'2022-02-10 19:06:20','2022-02-10 19:06:20'),(34,2,94,2,'2022-02-10 19:06:20','2022-02-10 19:06:20'),(35,2,95,2,'2022-02-10 19:06:20','2022-02-10 19:06:20'),(36,2,96,2,'2022-02-10 19:06:20','2022-02-10 19:06:20'),(37,2,97,2,'2022-02-10 19:06:20','2022-02-10 19:06:20'),(38,2,98,2,'2022-02-10 19:06:20','2022-02-10 19:06:20'),(39,2,99,2,'2022-02-10 19:06:20','2022-02-10 19:06:20'),(40,2,100,2,'2022-02-10 19:06:20','2022-02-10 19:06:20'),(41,2,101,2,'2022-02-10 19:06:20','2022-02-10 19:06:20'),(42,2,102,2,'2022-02-10 19:06:20','2022-02-10 19:06:20'),(43,2,103,2,'2022-02-10 19:06:20','2022-02-10 19:06:20'),(44,2,104,2,'2022-02-10 19:06:20','2022-02-10 19:06:20'),(45,2,105,2,'2022-02-10 19:06:20','2022-02-10 19:06:20'),(46,2,106,2,'2022-02-10 19:06:20','2022-02-10 19:06:20'),(47,2,107,2,'2022-02-10 19:06:20','2022-02-10 19:06:20'),(48,2,108,2,'2022-02-10 19:06:20','2022-02-10 19:06:20'),(49,2,109,2,'2022-02-10 19:06:20','2022-02-10 19:06:20'),(50,2,110,2,'2022-02-10 19:06:20','2022-02-10 19:06:20'),(51,2,111,2,'2022-02-10 19:06:20','2022-02-10 19:06:20'),(52,2,112,2,'2022-02-10 19:06:20','2022-02-10 19:06:20'),(53,2,113,2,'2022-02-10 19:06:20','2022-02-10 19:06:20'),(54,2,114,2,'2022-02-10 19:06:20','2022-02-10 19:06:20'),(55,2,115,2,'2022-02-10 19:06:20','2022-02-10 19:06:20'),(56,2,116,2,'2022-02-10 19:06:20','2022-02-10 19:06:20'),(57,2,117,2,'2022-02-10 19:06:20','2022-02-10 19:06:20'),(58,2,118,2,'2022-02-10 19:06:20','2022-02-10 19:06:20');
/*!40000 ALTER TABLE `rpjmd_sumber_anggaran` ENABLE KEYS */;
UNLOCK TABLES;

--
-- Table structure for table `rpjmd_target_rkpd`
--

DROP TABLE IF EXISTS `rpjmd_target_rkpd`;
/*!40101 SET @saved_cs_client     = @@character_set_client */;
/*!40101 SET character_set_client = utf8 */;
CREATE TABLE `rpjmd_target_rkpd` (
  `id` bigint(20) unsigned NOT NULL AUTO_INCREMENT,
  `rpjmd_id` bigint(20) NOT NULL,
  `rpjmd_type` varchar(255) COLLATE utf8mb4_unicode_ci NOT NULL,
  `id_satuan` bigint(20) unsigned NOT NULL,
  `created_at` timestamp NULL DEFAULT NULL,
  `updated_at` timestamp NULL DEFAULT NULL,
  PRIMARY KEY (`id`),
  KEY `rpjmd_target_rkpd_id_satuan_foreign` (`id_satuan`),
  KEY `rpjmd_target_rkpd_rpjmd_id_rpjmd_type_index` (`rpjmd_id`,`rpjmd_type`),
  CONSTRAINT `rpjmd_target_rkpd_id_satuan_foreign` FOREIGN KEY (`id_satuan`) REFERENCES `mst_satuan` (`id`)
) ENGINE=InnoDB DEFAULT CHARSET=utf8mb4 COLLATE=utf8mb4_unicode_ci;
/*!40101 SET character_set_client = @saved_cs_client */;

--
-- Dumping data for table `rpjmd_target_rkpd`
--

LOCK TABLES `rpjmd_target_rkpd` WRITE;
/*!40000 ALTER TABLE `rpjmd_target_rkpd` DISABLE KEYS */;
/*!40000 ALTER TABLE `rpjmd_target_rkpd` ENABLE KEYS */;
UNLOCK TABLES;

--
-- Table structure for table `rpjmd_tujuan`
--

DROP TABLE IF EXISTS `rpjmd_tujuan`;
/*!40101 SET @saved_cs_client     = @@character_set_client */;
/*!40101 SET character_set_client = utf8 */;
CREATE TABLE `rpjmd_tujuan` (
  `id` bigint(20) unsigned NOT NULL AUTO_INCREMENT,
  `name` varchar(255) COLLATE utf8mb4_unicode_ci NOT NULL,
  `id_misi` bigint(20) unsigned NOT NULL,
  `id_periode` bigint(20) unsigned NOT NULL,
  `created_at` timestamp NULL DEFAULT NULL,
  `updated_at` timestamp NULL DEFAULT NULL,
  PRIMARY KEY (`id`),
  KEY `rpjmd_tujuan_id_misi_foreign` (`id_misi`),
  KEY `rpjmd_tujuan_id_periode_foreign` (`id_periode`),
  CONSTRAINT `rpjmd_tujuan_id_misi_foreign` FOREIGN KEY (`id_misi`) REFERENCES `rpjmd_misi` (`id`),
  CONSTRAINT `rpjmd_tujuan_id_periode_foreign` FOREIGN KEY (`id_periode`) REFERENCES `mst_periode` (`id`)
) ENGINE=InnoDB AUTO_INCREMENT=8 DEFAULT CHARSET=utf8mb4 COLLATE=utf8mb4_unicode_ci;
/*!40101 SET character_set_client = @saved_cs_client */;

--
-- Dumping data for table `rpjmd_tujuan`
--

LOCK TABLES `rpjmd_tujuan` WRITE;
/*!40000 ALTER TABLE `rpjmd_tujuan` DISABLE KEYS */;
INSERT INTO `rpjmd_tujuan` VALUES (1,'tujuan kabupaten',1,1,'2022-01-13 00:25:48','2022-01-13 00:25:48'),(2,'Terwujudnya masyarakat Bogor cerdas',4,2,'2022-01-16 07:06:01','2022-01-16 07:06:01'),(3,'Terwujudnya masyarakat Bogor sehat',4,2,'2022-01-16 07:09:15','2022-01-16 07:09:15'),(4,'Terwujudnya masyarakat Bogor maju dan penyelenggaraan pemerintahan yang berkualitas.',5,2,'2022-01-16 07:10:51','2022-01-16 07:34:38'),(5,'Terwujudnya masyarakat Bogor maju dan penyelenggaraan pemerintahan yang berkualitas',6,2,'2022-01-16 07:12:19','2022-01-16 07:12:19'),(6,'Terwujudnya pembangunan Bogor yang berkelanjutan',7,2,'2022-01-16 07:13:23','2022-01-16 07:13:23'),(7,'terwujudnya masyarakat Bogor berkeadaban',8,2,'2022-01-16 07:15:38','2022-01-16 07:15:38');
/*!40000 ALTER TABLE `rpjmd_tujuan` ENABLE KEYS */;
UNLOCK TABLES;

--
-- Table structure for table `rpjmd_tujuan_indikator`
--

DROP TABLE IF EXISTS `rpjmd_tujuan_indikator`;
/*!40101 SET @saved_cs_client     = @@character_set_client */;
/*!40101 SET character_set_client = utf8 */;
CREATE TABLE `rpjmd_tujuan_indikator` (
  `id` bigint(20) unsigned NOT NULL AUTO_INCREMENT,
  `name` varchar(255) COLLATE utf8mb4_unicode_ci NOT NULL,
  `id_tujuan` bigint(20) unsigned NOT NULL,
  `id_misi` bigint(20) unsigned NOT NULL,
  `id_satuan` bigint(20) unsigned NOT NULL,
  `awal` varchar(255) COLLATE utf8mb4_unicode_ci NOT NULL,
  `akhir` varchar(255) COLLATE utf8mb4_unicode_ci NOT NULL,
  `created_at` timestamp NULL DEFAULT NULL,
  `updated_at` timestamp NULL DEFAULT NULL,
  PRIMARY KEY (`id`),
  KEY `rpjmd_tujuan_indikator_id_tujuan_foreign` (`id_tujuan`),
  KEY `rpjmd_tujuan_indikator_id_misi_foreign` (`id_misi`),
  KEY `rpjmd_tujuan_indikator_id_satuan_foreign` (`id_satuan`),
  CONSTRAINT `rpjmd_tujuan_indikator_id_misi_foreign` FOREIGN KEY (`id_misi`) REFERENCES `rpjmd_misi` (`id`),
  CONSTRAINT `rpjmd_tujuan_indikator_id_satuan_foreign` FOREIGN KEY (`id_satuan`) REFERENCES `mst_satuan` (`id`),
  CONSTRAINT `rpjmd_tujuan_indikator_id_tujuan_foreign` FOREIGN KEY (`id_tujuan`) REFERENCES `rpjmd_tujuan` (`id`)
) ENGINE=InnoDB AUTO_INCREMENT=33 DEFAULT CHARSET=utf8mb4 COLLATE=utf8mb4_unicode_ci;
/*!40101 SET character_set_client = @saved_cs_client */;

--
-- Dumping data for table `rpjmd_tujuan_indikator`
--

LOCK TABLES `rpjmd_tujuan_indikator` WRITE;
/*!40000 ALTER TABLE `rpjmd_tujuan_indikator` DISABLE KEYS */;
INSERT INTO `rpjmd_tujuan_indikator` VALUES (1,'indikator tujuan',1,1,1,'10','50','2022-01-13 00:25:48','2022-01-13 00:25:48'),(2,'Indeks Pendidikan',2,4,2,'60.82','64.53','2022-01-16 07:06:01','2022-03-13 22:43:57'),(3,'Indeks Kesehatan',3,4,2,'78.25','79.23','2022-01-16 07:09:15','2022-03-13 22:47:15'),(4,'Laju Pertumbuhan Penduduk',3,4,3,'2.20','1.58','2022-01-16 07:09:15','2022-03-13 22:47:15'),(5,'Laju Pertumbuhan Ekonomi (LPE)',4,5,3,'6.19','5.15','2022-01-16 07:10:51','2022-03-13 22:42:29'),(6,'Indeks Reformasi Birokrasi',5,6,2,'61.37','75.00','2022-01-16 07:12:19','2022-03-13 22:59:54'),(7,'Indeks Ketimpangan Wilayah\r\n(Williamson)',6,7,2,'0.96','0.93','2022-01-16 07:13:23','2022-03-13 23:01:41'),(8,'Indeks kebahagiaan',7,8,2,'67.94','74.72-74.78','2022-01-16 07:15:38','2022-03-13 23:24:35'),(9,'Indeks Pembangunan Gender (IPG)',7,8,2,'88.69','90.56','2022-01-16 07:15:38','2022-03-13 23:24:35'),(10,'Rata-rata Lama Sekolah',2,4,1,'7.88','8.61','2022-01-27 20:57:10','2022-03-15 17:50:51'),(11,'Harapan Lama Sekolah',2,4,1,'12.44','12.90','2022-01-27 21:02:48','2022-03-13 22:43:57'),(12,'Angka Harapan Hidup',3,4,1,'70.86','71.50','2022-01-27 21:09:29','2022-03-13 22:47:15'),(13,'Indeks Membaca',2,4,2,'52.69','61.54','2022-01-27 21:15:13','2022-03-15 17:50:51'),(14,'Skor Pola Pangan Harapan',3,4,2,'86.18','81.29','2022-01-27 21:21:05','2022-03-13 22:47:15'),(15,'Crude Birth Rate (CBR)',3,4,3,'25.59','18.21','2022-01-27 21:21:05','2022-03-13 22:47:15'),(16,'PDRB Perkapita',4,5,42,'37.93','39,41','2022-01-27 21:31:26','2022-03-13 22:42:29'),(17,'Tingkat Kemiskinan',4,5,3,'7.14','7.14','2022-01-27 21:31:26','2022-03-13 22:42:29'),(18,'Tingkat Pengangguran Terbuka',4,5,3,'9.75','11.05','2022-01-27 21:31:26','2022-03-13 22:42:29'),(19,'PDRB atas dasar harga berlaku',4,5,44,'219.24','251.80','2022-01-27 21:36:09','2022-03-13 22:51:43'),(20,'Indeks kepuasan masyarakat',5,6,2,'78.57','87.50','2022-01-27 21:45:08','2022-03-13 22:59:54'),(21,'Opini BPK terhadap laporan\r\nkeuangan pemerintah daerah',5,6,26,'WTP','WTP','2022-01-27 21:45:08','2022-01-27 21:45:08'),(22,'Nilai AKIP',5,6,54,'B','75.00','2022-01-27 21:45:08','2022-03-13 22:59:54'),(23,'Indeks Inovasi Daerah',5,6,2,'4.280','70','2022-01-27 21:48:54','2022-01-27 21:48:54'),(24,'Indeks Konektivitas\r\nInfrastruktur',6,7,2,'0','1.53','2022-01-27 22:55:44','2022-03-13 23:01:41'),(25,'Indeks Desa Membangun',6,7,2,'0','0.7524','2022-01-27 22:55:44','2022-03-13 23:01:41'),(26,'Persentase Kawasan\r\nPermukiman Layak',6,7,3,'99.54','100.00','2022-01-27 22:55:44','2022-03-13 23:01:41'),(27,'Indeks Kualitas Lingkungan\r\nHidup',6,7,2,'49.46','56.25','2022-01-27 22:55:45','2022-03-13 23:01:41'),(28,'Indeks Risiko Bencana',6,7,2,'152','132','2022-01-27 22:55:45','2022-01-27 22:55:45'),(29,'Indeks Kerukunan Hidup\r\nBeragama',7,8,2,'67.75','82.09-82.17','2022-01-27 22:59:24','2022-03-13 23:24:35'),(30,'Tingkat Kepatuhan Perda dan\r\nPerkada Ketertiban Umum',7,8,3,'0','92.31','2022-01-27 22:59:24','2022-03-13 23:24:35'),(31,'Indeks Pemberdayaan Gender',7,8,56,'57.1','59.00','2022-01-27 22:59:24','2022-03-13 23:24:35'),(32,'Persentase kebudayaan yang\r\ndilestarikan',7,8,3,'0','58.88','2022-01-27 23:02:44','2022-03-13 23:24:35');
/*!40000 ALTER TABLE `rpjmd_tujuan_indikator` ENABLE KEYS */;
UNLOCK TABLES;

--
-- Table structure for table `rpjmd_tujuan_target`
--

DROP TABLE IF EXISTS `rpjmd_tujuan_target`;
/*!40101 SET @saved_cs_client     = @@character_set_client */;
/*!40101 SET character_set_client = utf8 */;
CREATE TABLE `rpjmd_tujuan_target` (
  `id` bigint(20) unsigned NOT NULL AUTO_INCREMENT,
  `target` varchar(255) COLLATE utf8mb4_unicode_ci NOT NULL,
  `id_periode_per_tahun` bigint(20) unsigned NOT NULL,
  `id_tujuan_indikator` bigint(20) unsigned NOT NULL,
  `created_at` timestamp NULL DEFAULT NULL,
  `updated_at` timestamp NULL DEFAULT NULL,
  PRIMARY KEY (`id`),
  KEY `rpjmd_tujuan_target_id_tujuan_indikator_foreign` (`id_tujuan_indikator`),
  KEY `rpjmd_tujuan_target_id_periode_per_tahun_foreign` (`id_periode_per_tahun`),
  CONSTRAINT `rpjmd_tujuan_target_id_periode_per_tahun_foreign` FOREIGN KEY (`id_periode_per_tahun`) REFERENCES `mst_periode_per_tahun` (`id`),
  CONSTRAINT `rpjmd_tujuan_target_id_tujuan_indikator_foreign` FOREIGN KEY (`id_tujuan_indikator`) REFERENCES `rpjmd_tujuan_indikator` (`id`)
) ENGINE=InnoDB AUTO_INCREMENT=160 DEFAULT CHARSET=utf8mb4 COLLATE=utf8mb4_unicode_ci;
/*!40101 SET character_set_client = @saved_cs_client */;

--
-- Dumping data for table `rpjmd_tujuan_target`
--

LOCK TABLES `rpjmd_tujuan_target` WRITE;
/*!40000 ALTER TABLE `rpjmd_tujuan_target` DISABLE KEYS */;
INSERT INTO `rpjmd_tujuan_target` VALUES (1,'20',1,1,'2022-01-13 00:25:48','2022-01-13 00:25:48'),(2,'30',2,1,'2022-01-13 00:25:48','2022-01-13 00:25:48'),(3,'40',3,1,'2022-01-13 00:25:48','2022-01-13 00:25:48'),(4,'50',4,1,'2022-01-13 00:25:48','2022-01-13 00:25:48'),(5,'61.50',5,2,'2022-01-16 07:06:01','2022-03-13 22:43:57'),(6,'61.89',6,2,'2022-01-16 07:06:01','2022-01-27 21:02:48'),(7,'63.01',7,2,'2022-01-16 07:06:01','2022-01-16 07:06:01'),(8,'63.74',8,2,'2022-01-16 07:06:01','2022-01-16 07:06:01'),(9,'64.53',9,2,'2022-01-16 07:06:01','2022-01-16 07:06:01'),(10,'78.80',5,3,'2022-01-16 07:09:15','2022-01-27 21:09:29'),(11,'79.20',6,3,'2022-01-16 07:09:15','2022-01-27 21:09:29'),(12,'78.88',7,3,'2022-01-16 07:09:15','2022-03-13 22:47:15'),(13,'79.05',8,3,'2022-01-16 07:09:15','2022-03-13 22:47:15'),(14,'79.23',9,3,'2022-01-16 07:09:15','2022-03-13 22:47:15'),(15,'2.17',5,4,'2022-01-16 07:09:15','2022-01-27 21:21:05'),(16,'2.11',6,4,'2022-01-16 07:09:15','2022-01-27 21:21:05'),(17,'1.66',7,4,'2022-01-16 07:09:15','2022-03-13 22:47:15'),(18,'1.63',8,4,'2022-01-16 07:09:15','2022-03-13 22:47:15'),(19,'1.58',9,4,'2022-01-16 07:09:15','2022-03-13 22:47:15'),(20,'6.24',5,5,'2022-01-16 07:10:51','2022-01-27 21:31:26'),(21,'5.99',6,5,'2022-01-16 07:10:51','2022-01-27 21:31:26'),(22,'3.48',7,5,'2022-01-16 07:10:51','2022-01-16 07:10:51'),(23,'4.31',8,5,'2022-01-16 07:10:51','2022-01-16 07:10:51'),(24,'5.15',9,5,'2022-01-16 07:10:51','2022-01-16 07:10:51'),(25,'64.90',5,6,'2022-01-16 07:12:19','2022-03-13 22:59:54'),(26,'67.03',6,6,'2022-01-16 07:12:19','2022-03-13 22:59:54'),(27,'69.00',7,6,'2022-01-16 07:12:19','2022-01-16 07:12:19'),(28,'72.00',8,6,'2022-01-16 07:12:19','2022-01-16 07:12:19'),(29,'75.00',9,6,'2022-01-16 07:12:19','2022-01-16 07:12:19'),(30,'0.90',5,7,'2022-01-16 07:13:23','2022-01-27 21:57:32'),(31,'0.86',6,7,'2022-01-16 07:13:23','2022-01-27 21:57:32'),(32,'0.98',7,7,'2022-01-16 07:13:23','2022-01-16 07:13:23'),(33,'0.96',8,7,'2022-01-16 07:13:23','2022-01-16 07:13:23'),(34,'0.93',9,7,'2022-01-16 07:13:23','2022-01-16 07:13:23'),(35,'67.95',5,8,'2022-01-16 07:15:38','2022-01-27 23:08:17'),(36,'67.97',6,8,'2022-01-16 07:15:38','2022-01-27 23:08:17'),(37,'74.73-74.75',7,8,'2022-01-16 07:15:38','2022-03-13 23:24:35'),(38,'74.72-74.76',8,8,'2022-01-16 07:15:38','2022-03-13 23:24:35'),(39,'74.72-74.78',9,8,'2022-01-16 07:15:38','2022-03-13 23:24:35'),(40,'88.87',5,9,'2022-01-16 07:15:38','2022-01-27 23:08:17'),(41,'89.16',6,9,'2022-01-16 07:15:38','2022-01-27 23:08:17'),(42,'89,63',7,9,'2022-01-16 07:15:38','2022-01-16 07:15:38'),(43,'90.09',8,9,'2022-01-16 07:15:38','2022-01-16 07:15:38'),(44,'90.56',9,9,'2022-01-16 07:15:38','2022-01-16 07:15:38'),(45,'8.14',5,10,'2022-01-27 20:57:10','2022-01-27 21:02:48'),(46,'8.30',6,10,'2022-01-27 20:57:10','2022-01-27 21:02:48'),(47,'8.39',7,10,'2022-01-27 20:57:10','2022-01-27 20:57:10'),(48,'8.50',8,10,'2022-01-27 20:57:10','2022-01-27 20:57:10'),(49,'8.61',9,10,'2022-01-27 20:57:10','2022-01-27 20:57:10'),(50,'12.60',5,11,'2022-01-27 21:02:48','2022-01-27 21:02:48'),(51,'12.64',6,11,'2022-01-27 21:02:48','2022-01-27 21:02:48'),(52,'12.61',7,11,'2022-01-27 21:02:48','2022-03-13 22:43:57'),(53,'12.75',8,11,'2022-01-27 21:02:48','2022-03-13 22:43:57'),(54,'12.90',9,11,'2022-01-27 21:02:48','2022-03-13 22:43:57'),(55,'71.22',5,12,'2022-01-27 21:09:29','2022-01-27 21:21:05'),(56,'71.48',6,12,'2022-01-27 21:09:29','2022-01-27 21:21:05'),(57,'71.27',7,12,'2022-01-27 21:09:29','2022-03-13 22:47:15'),(58,'71.39',8,12,'2022-01-27 21:09:29','2022-03-13 22:47:15'),(59,'71.50',9,12,'2022-01-27 21:09:29','2022-03-13 22:47:15'),(60,'52.81',5,13,'2022-01-27 21:15:13','2022-01-27 21:15:13'),(61,'53.01',6,13,'2022-01-27 21:15:13','2022-01-27 21:15:13'),(62,'61.16',7,13,'2022-01-27 21:15:13','2022-03-13 22:43:57'),(63,'61.35',8,13,'2022-01-27 21:15:13','2022-03-13 22:43:57'),(64,'61.54',9,13,'2022-01-27 21:15:13','2022-03-13 22:43:57'),(65,'86.73',5,14,'2022-01-27 21:21:05','2022-01-27 21:21:05'),(66,'87.28',6,14,'2022-01-27 21:21:05','2022-01-27 21:21:05'),(67,'80,96',7,14,'2022-01-27 21:21:05','2022-01-27 21:21:05'),(68,'81.12',8,14,'2022-01-27 21:21:05','2022-03-13 22:47:15'),(69,'81.29',9,14,'2022-01-27 21:21:05','2022-03-13 22:47:15'),(70,'24.80',5,15,'2022-01-27 21:21:05','2022-01-27 21:21:05'),(71,'24.03',6,15,'2022-01-27 21:21:05','2022-01-27 21:21:05'),(72,'19.10',7,15,'2022-01-27 21:21:05','2022-03-13 22:47:15'),(73,'18.65',8,15,'2022-01-27 21:21:05','2022-03-13 22:47:15'),(74,'18.21',9,15,'2022-01-27 21:21:05','2022-03-13 22:47:15'),(75,'40.53',5,16,'2022-01-27 21:31:26','2022-03-13 22:42:29'),(76,'42.16',6,16,'2022-01-27 21:31:26','2022-03-13 22:42:29'),(77,'38,58',7,16,'2022-01-27 21:31:26','2022-03-13 22:42:29'),(78,'38,80',8,16,'2022-01-27 21:31:26','2022-03-13 22:42:29'),(79,'39,41',9,16,'2022-01-27 21:31:26','2022-03-13 22:42:29'),(80,'6.66',5,17,'2022-01-27 21:31:26','2022-03-13 22:42:29'),(81,'7.69',6,17,'2022-01-27 21:31:26','2022-03-13 22:42:29'),(82,'7.54',7,17,'2022-01-27 21:31:26','2022-03-13 22:42:29'),(83,'7.38',8,17,'2022-01-27 21:31:26','2022-03-13 22:42:29'),(84,'7.14',9,17,'2022-01-27 21:31:26','2022-03-13 22:42:29'),(85,'9.06',5,18,'2022-01-27 21:31:26','2022-03-13 22:42:29'),(86,'14.29',6,18,'2022-01-27 21:31:26','2022-03-13 22:42:29'),(87,'12.22',7,18,'2022-01-27 21:31:26','2022-03-13 22:42:29'),(88,'11.64',8,18,'2022-01-27 21:31:26','2022-03-13 22:42:29'),(89,'11.05',9,18,'2022-01-27 21:31:26','2022-03-13 22:42:29'),(90,'237.20',5,19,'2022-01-27 21:36:09','2022-03-13 22:42:29'),(91,'236.15',6,19,'2022-01-27 21:36:09','2022-03-13 22:42:29'),(92,'238.81',7,19,'2022-01-27 21:36:09','2022-03-13 22:42:29'),(93,'244.05',8,19,'2022-01-27 21:36:09','2022-03-13 22:42:29'),(94,'251.80',9,19,'2022-01-27 21:36:09','2022-03-13 22:42:30'),(95,'79.05',5,20,'2022-01-27 21:45:08','2022-01-27 21:50:51'),(96,'80.00',6,20,'2022-01-27 21:45:08','2022-01-27 21:50:51'),(97,'86.50',7,20,'2022-01-27 21:45:08','2022-03-13 22:59:54'),(98,'87.00',8,20,'2022-01-27 21:45:08','2022-03-13 22:59:54'),(99,'87.50',9,20,'2022-01-27 21:45:08','2022-03-13 22:59:54'),(100,'WTP',5,21,'2022-01-27 21:45:08','2022-01-27 21:50:51'),(101,'WTP',6,21,'2022-01-27 21:45:08','2022-01-27 21:50:51'),(102,'WTP',7,21,'2022-01-27 21:45:08','2022-01-27 21:45:08'),(103,'WTP',8,21,'2022-01-27 21:45:08','2022-01-27 21:45:08'),(104,'WTP',9,21,'2022-01-27 21:45:08','2022-01-27 21:45:08'),(105,'B',5,22,'2022-01-27 21:45:08','2022-01-27 21:48:54'),(106,'67.94',6,22,'2022-01-27 21:45:08','2022-03-13 22:59:54'),(107,'69.00',7,22,'2022-01-27 21:45:08','2022-03-13 22:59:54'),(108,'72.00',8,22,'2022-01-27 21:45:08','2022-03-13 22:59:54'),(109,'75.00',9,22,'2022-01-27 21:45:08','2022-03-13 22:59:54'),(110,'6.420',5,23,'2022-01-27 21:48:54','2022-01-27 21:50:51'),(111,'9.630',6,23,'2022-01-27 21:48:54','2022-01-27 21:50:51'),(112,'60',7,23,'2022-01-27 21:48:54','2022-01-27 21:48:54'),(113,'65',8,23,'2022-01-27 21:48:54','2022-01-27 21:48:54'),(114,'70',9,23,'2022-01-27 21:48:54','2022-01-27 21:48:54'),(115,'0',5,24,'2022-01-27 22:55:44','2022-01-27 22:55:44'),(116,'0',6,24,'2022-01-27 22:55:44','2022-01-27 22:55:44'),(117,'1.42',7,24,'2022-01-27 22:55:44','2022-03-13 23:01:41'),(118,'1.47',8,24,'2022-01-27 22:55:44','2022-03-13 23:01:41'),(119,'1.53',9,24,'2022-01-27 22:55:44','2022-03-13 23:01:41'),(120,'0',5,25,'2022-01-27 22:55:44','2022-01-27 22:55:44'),(121,'0',6,25,'2022-01-27 22:55:44','2022-01-27 22:55:44'),(122,'0.7301',7,25,'2022-01-27 22:55:44','2022-03-13 23:01:41'),(123,'0.7362',8,25,'2022-01-27 22:55:44','2022-03-13 23:01:41'),(124,'0.7524',9,25,'2022-01-27 22:55:44','2022-03-13 23:01:41'),(125,'0',5,26,'2022-01-27 22:55:44','2022-01-27 22:55:44'),(126,'0',6,26,'2022-01-27 22:55:44','2022-01-27 22:55:44'),(127,'99.72',7,26,'2022-01-27 22:55:44','2022-03-13 23:01:41'),(128,'99.86',8,26,'2022-01-27 22:55:45','2022-03-13 23:01:41'),(129,'100.00',9,26,'2022-01-27 22:55:45','2022-03-13 23:01:41'),(130,'0',5,27,'2022-01-27 22:55:45','2022-01-27 22:55:45'),(131,'0',6,27,'2022-01-27 22:55:45','2022-01-27 22:55:45'),(132,'56.05',7,27,'2022-01-27 22:55:45','2022-03-13 23:01:41'),(133,'56.15',8,27,'2022-01-27 22:55:45','2022-03-13 23:01:41'),(134,'56.25',9,27,'2022-01-27 22:55:45','2022-03-13 23:01:41'),(135,'150',5,28,'2022-01-27 22:55:45','2022-01-27 23:06:00'),(136,'148',6,28,'2022-01-27 22:55:45','2022-01-27 23:06:00'),(137,'136',7,28,'2022-01-27 22:55:45','2022-01-27 22:55:45'),(138,'134',8,28,'2022-01-27 22:55:45','2022-01-27 22:55:45'),(139,'132',9,28,'2022-01-27 22:55:45','2022-01-27 22:55:45'),(140,'67.92',5,29,'2022-01-27 22:59:24','2022-01-27 23:08:17'),(141,'68.09',6,29,'2022-01-27 22:59:24','2022-01-27 23:08:17'),(142,'82.09-82.12',7,29,'2022-01-27 22:59:24','2022-03-13 23:24:35'),(143,'82.09-82.15',8,29,'2022-01-27 22:59:24','2022-03-13 23:24:35'),(144,'82.09-82.17',9,29,'2022-01-27 22:59:24','2022-03-13 23:24:35'),(145,'0',5,30,'2022-01-27 22:59:24','2022-01-27 22:59:24'),(146,'0',6,30,'2022-01-27 22:59:24','2022-01-27 22:59:24'),(147,'74.36',7,30,'2022-01-27 22:59:24','2022-03-13 23:24:35'),(148,'82.05',8,30,'2022-01-27 22:59:24','2022-03-13 23:24:35'),(149,'92.31',9,30,'2022-01-27 22:59:24','2022-03-13 23:24:35'),(150,'57.57',5,31,'2022-01-27 22:59:24','2022-01-27 23:08:17'),(151,'58.04',6,31,'2022-01-27 22:59:24','2022-01-27 23:08:17'),(152,'58.50',7,31,'2022-01-27 22:59:24','2022-03-13 23:24:35'),(153,'58.90',8,31,'2022-01-27 22:59:24','2022-03-13 23:24:35'),(154,'59.00',9,31,'2022-01-27 22:59:24','2022-03-13 23:24:35'),(155,'0',5,32,'2022-01-27 23:02:44','2022-01-27 23:02:44'),(156,'0',6,32,'2022-01-27 23:02:44','2022-01-27 23:02:44'),(157,'57.01',7,32,'2022-01-27 23:02:44','2022-03-13 23:24:35'),(158,'57.94',8,32,'2022-01-27 23:02:44','2022-03-13 23:24:35'),(159,'58.88',9,32,'2022-01-27 23:02:44','2022-03-13 23:24:35');
/*!40000 ALTER TABLE `rpjmd_tujuan_target` ENABLE KEYS */;
UNLOCK TABLES;

--
-- Table structure for table `rpjmd_visi`
--

DROP TABLE IF EXISTS `rpjmd_visi`;
/*!40101 SET @saved_cs_client     = @@character_set_client */;
/*!40101 SET character_set_client = utf8 */;
CREATE TABLE `rpjmd_visi` (
  `id` bigint(20) unsigned NOT NULL AUTO_INCREMENT,
  `id_periode` bigint(20) unsigned NOT NULL,
  `visi` varchar(255) COLLATE utf8mb4_unicode_ci NOT NULL,
  `penjabaran` longtext COLLATE utf8mb4_unicode_ci NOT NULL,
  `created_at` timestamp NULL DEFAULT NULL,
  `updated_at` timestamp NULL DEFAULT NULL,
  PRIMARY KEY (`id`),
  KEY `rpjmd_visi_id_periode_foreign` (`id_periode`),
  CONSTRAINT `rpjmd_visi_id_periode_foreign` FOREIGN KEY (`id_periode`) REFERENCES `mst_periode` (`id`)
) ENGINE=InnoDB AUTO_INCREMENT=2 DEFAULT CHARSET=utf8mb4 COLLATE=utf8mb4_unicode_ci;
/*!40101 SET character_set_client = @saved_cs_client */;

--
-- Dumping data for table `rpjmd_visi`
--

LOCK TABLES `rpjmd_visi` WRITE;
/*!40000 ALTER TABLE `rpjmd_visi` DISABLE KEYS */;
INSERT INTO `rpjmd_visi` VALUES (1,2,'<p><strong>Terwujudnya Kabupaten Bogor Termaju, Nyaman, dan Berkeadaban.</strong></p>','<ol><li>Kabupaten Bogor adalah sebuah kabupaten di Provinsi Jawa Barat, Indonesia yang secara administratif berbatasan dengan Kabupaten Tangerang dan Kota Tangerang Selatan Provinsi Banten, Kota Depok, Kota Bekasi, dan Kabupaten Bekasi di sebelah utara; Kabupaten Karawang di sebelah timur, Kabupaten Cianjur di sebelah tenggara, Kabupaten Sukabumi di sebelah selatan, serta Kabupaten Lebak Provinsi Banten di sebelah barat yang di dalamnya berkumpul sejumlah manusia atau masyarakat dalam arti seluas-luasnya dan terikat oleh suatu kebudayaan yang mereka anggap sama.</li><li>Termaju, yaitu perolehan pembangunan Kabupaten Bogor memiliki laju yang massif, dan dapat menandingi laju pencapaian pembangunan di tingkat Jawa Barat maupun nasional.</li><li>Nyaman, yaitu Kabupaten Bogor dapat menjadi Kabupaten yang nyaman untuk beraktivitas, nyaman sebagai tempat hunian dan ramah untuk berinvestasi.</li><li>Berkeadaban, yaitu masyarakat Kabupaten Bogor senantiasa menjunjung tinggi nilai-nilai agama dan melestarikan budaya, menjadi parameter di Indonesia sebagai wilayah yang mampu menjadi simbol masyarakat Indonesia yang ramah, toleran dan berakhlakul karimah.</li></ol>','2022-03-06 20:07:56','2022-03-06 20:07:56');
/*!40000 ALTER TABLE `rpjmd_visi` ENABLE KEYS */;
UNLOCK TABLES;

--
-- Table structure for table `sumber_anggaran`
--

DROP TABLE IF EXISTS `sumber_anggaran`;
/*!40101 SET @saved_cs_client     = @@character_set_client */;
/*!40101 SET character_set_client = utf8 */;
CREATE TABLE `sumber_anggaran` (
  `id` bigint(20) unsigned NOT NULL AUTO_INCREMENT,
  `name` varchar(255) COLLATE utf8mb4_unicode_ci NOT NULL,
  `created_at` timestamp NULL DEFAULT NULL,
  `updated_at` timestamp NULL DEFAULT NULL,
  PRIMARY KEY (`id`)
) ENGINE=InnoDB AUTO_INCREMENT=4 DEFAULT CHARSET=utf8mb4 COLLATE=utf8mb4_unicode_ci;
/*!40101 SET character_set_client = @saved_cs_client */;

--
-- Dumping data for table `sumber_anggaran`
--

LOCK TABLES `sumber_anggaran` WRITE;
/*!40000 ALTER TABLE `sumber_anggaran` DISABLE KEYS */;
INSERT INTO `sumber_anggaran` VALUES (1,'APBN','2021-09-10 03:00:32','2021-09-10 03:00:32'),(2,'APBD','2021-09-10 03:00:36','2021-09-10 03:00:36'),(3,'CSR','2021-09-10 03:00:42','2021-09-10 03:00:42');
/*!40000 ALTER TABLE `sumber_anggaran` ENABLE KEYS */;
UNLOCK TABLES;

--
-- Table structure for table `target_pk_renja_tahunan`
--

DROP TABLE IF EXISTS `target_pk_renja_tahunan`;
/*!40101 SET @saved_cs_client     = @@character_set_client */;
/*!40101 SET character_set_client = utf8 */;
CREATE TABLE `target_pk_renja_tahunan` (
  `id` bigint(20) unsigned NOT NULL AUTO_INCREMENT,
  `pk_renja_tahunan_id` bigint(20) unsigned NOT NULL,
  `atasan_id` bigint(20) unsigned NOT NULL,
  `tahun_id` bigint(20) unsigned NOT NULL,
  `satuan_id` bigint(20) unsigned NOT NULL,
  `target` varchar(255) COLLATE utf8mb4_unicode_ci NOT NULL,
  `created_at` timestamp NULL DEFAULT NULL,
  `updated_at` timestamp NULL DEFAULT NULL,
  PRIMARY KEY (`id`),
  KEY `target_pk_renja_tahunan_pk_renja_tahunan_id_foreign` (`pk_renja_tahunan_id`),
  KEY `target_pk_renja_tahunan_atasan_id_foreign` (`atasan_id`),
  KEY `target_pk_renja_tahunan_tahun_id_foreign` (`tahun_id`),
  KEY `target_pk_renja_tahunan_satuan_id_foreign` (`satuan_id`),
  CONSTRAINT `target_pk_renja_tahunan_atasan_id_foreign` FOREIGN KEY (`atasan_id`) REFERENCES `mst_pegawai` (`id`),
  CONSTRAINT `target_pk_renja_tahunan_pk_renja_tahunan_id_foreign` FOREIGN KEY (`pk_renja_tahunan_id`) REFERENCES `pk_renja_tahunan` (`id`),
  CONSTRAINT `target_pk_renja_tahunan_satuan_id_foreign` FOREIGN KEY (`satuan_id`) REFERENCES `mst_satuan` (`id`),
  CONSTRAINT `target_pk_renja_tahunan_tahun_id_foreign` FOREIGN KEY (`tahun_id`) REFERENCES `mst_periode_per_tahun` (`id`)
) ENGINE=InnoDB AUTO_INCREMENT=5 DEFAULT CHARSET=utf8mb4 COLLATE=utf8mb4_unicode_ci;
/*!40101 SET character_set_client = @saved_cs_client */;

--
-- Dumping data for table `target_pk_renja_tahunan`
--

LOCK TABLES `target_pk_renja_tahunan` WRITE;
/*!40000 ALTER TABLE `target_pk_renja_tahunan` DISABLE KEYS */;
INSERT INTO `target_pk_renja_tahunan` VALUES (3,6,58,5,68,'0','2022-04-14 00:34:59','2022-04-14 00:34:59'),(4,7,1333,5,3,'87,5','2022-04-14 00:45:54','2022-04-14 00:46:17');
/*!40000 ALTER TABLE `target_pk_renja_tahunan` ENABLE KEYS */;
UNLOCK TABLES;

--
-- Table structure for table `target_pk_renja_tahunan_penanggung_jawab`
--

DROP TABLE IF EXISTS `target_pk_renja_tahunan_penanggung_jawab`;
/*!40101 SET @saved_cs_client     = @@character_set_client */;
/*!40101 SET character_set_client = utf8 */;
CREATE TABLE `target_pk_renja_tahunan_penanggung_jawab` (
  `id` bigint(20) unsigned NOT NULL AUTO_INCREMENT,
  `target_pk_renja_tahunan_id` bigint(20) unsigned NOT NULL,
  `penanggung_jawab_id` bigint(20) unsigned NOT NULL,
  `created_at` timestamp NULL DEFAULT NULL,
  `updated_at` timestamp NULL DEFAULT NULL,
  PRIMARY KEY (`id`),
  KEY `tprtpj_tprt_id_foreign` (`target_pk_renja_tahunan_id`),
  KEY `tprtpj_pj_id` (`penanggung_jawab_id`),
  CONSTRAINT `tprtpj_pj_id` FOREIGN KEY (`penanggung_jawab_id`) REFERENCES `mst_pegawai` (`id`),
  CONSTRAINT `tprtpj_tprt_id_foreign` FOREIGN KEY (`target_pk_renja_tahunan_id`) REFERENCES `target_pk_renja_tahunan` (`id`)
) ENGINE=InnoDB AUTO_INCREMENT=5 DEFAULT CHARSET=utf8mb4 COLLATE=utf8mb4_unicode_ci;
/*!40101 SET character_set_client = @saved_cs_client */;

--
-- Dumping data for table `target_pk_renja_tahunan_penanggung_jawab`
--

LOCK TABLES `target_pk_renja_tahunan_penanggung_jawab` WRITE;
/*!40000 ALTER TABLE `target_pk_renja_tahunan_penanggung_jawab` DISABLE KEYS */;
INSERT INTO `target_pk_renja_tahunan_penanggung_jawab` VALUES (3,3,732,NULL,NULL),(4,4,1237,NULL,NULL);
/*!40000 ALTER TABLE `target_pk_renja_tahunan_penanggung_jawab` ENABLE KEYS */;
UNLOCK TABLES;

--
-- Table structure for table `users`
--

DROP TABLE IF EXISTS `users`;
/*!40101 SET @saved_cs_client     = @@character_set_client */;
/*!40101 SET character_set_client = utf8 */;
CREATE TABLE `users` (
  `id` bigint(20) unsigned NOT NULL AUTO_INCREMENT,
  `name` varchar(255) COLLATE utf8mb4_unicode_ci NOT NULL,
  `email` varchar(255) COLLATE utf8mb4_unicode_ci NOT NULL,
  `username` varchar(255) COLLATE utf8mb4_unicode_ci NOT NULL,
  `role` varchar(255) COLLATE utf8mb4_unicode_ci NOT NULL,
  `id_opd` bigint(20) unsigned DEFAULT NULL,
  `email_verified_at` timestamp NULL DEFAULT NULL,
  `password` varchar(255) COLLATE utf8mb4_unicode_ci NOT NULL,
  `remember_token` varchar(100) COLLATE utf8mb4_unicode_ci DEFAULT NULL,
  `created_at` timestamp NULL DEFAULT NULL,
  `updated_at` timestamp NULL DEFAULT NULL,
  PRIMARY KEY (`id`),
  UNIQUE KEY `users_email_unique` (`email`),
  UNIQUE KEY `users_username_unique` (`username`),
  KEY `users_id_opd_foreign` (`id_opd`),
  CONSTRAINT `users_id_opd_foreign` FOREIGN KEY (`id_opd`) REFERENCES `mst_opd` (`id`) ON DELETE CASCADE
) ENGINE=InnoDB AUTO_INCREMENT=79 DEFAULT CHARSET=utf8mb4 COLLATE=utf8mb4_unicode_ci;
/*!40101 SET character_set_client = @saved_cs_client */;

--
-- Dumping data for table `users`
--

LOCK TABLES `users` WRITE;
/*!40000 ALTER TABLE `users` DISABLE KEYS */;
INSERT INTO `users` VALUES (1,'admin','admin@admin.com','admin','super_admin',NULL,NULL,'$2y$10$9VlGR.8Z.QF08KBQ33jVbORl54jjGuGB.3G3dXgWjR1cNpuM0ugJC',NULL,'2022-01-10 00:35:42','2022-01-10 00:35:42'),(2,'Sekretariat Daerah','sekretariatdaerah@gmail.com','setda','admin_opd',1,NULL,'$2y$10$RY05P9.na00n.eIEbimuZ.pe0YvEHpMb3aWxEO5Y/pXSyP7Sr9sjG',NULL,'2022-01-13 00:46:19','2022-04-07 00:33:08'),(3,'Kecamatan Cariu','kecamatancariu@gmail.com','kec_cariu','admin_opd',2,NULL,'$2y$10$9p0tHGSNrnvJqtyp8EN6jOUccXbloDheTAFgR121YHEDYbCfov3Ny',NULL,'2022-03-02 01:16:16','2022-03-02 01:16:16'),(4,'Kecamatan Ciseeng','kecamatanciseeng@gmail.com','kec_ciseeng','admin_opd',3,NULL,'$2y$10$AdpOic3ktklfjX8lFzaPQ.Wv/k2Csg7XmXajvhjh397cCmJH1hsz6',NULL,'2022-03-02 01:19:13','2022-03-02 01:19:13'),(5,'Kecamatan Bojonggede','kecamatanbojonggede@gmail.com','kec_bojonggede','admin_opd',4,NULL,'$2y$10$IZOl6ZMdmrb.zpKbI3KPxeH4fxc.x2hLCZJ.MHCb4PEzZMSse.aFS',NULL,'2022-03-02 01:20:12','2022-03-02 01:20:32'),(6,'Kecamatan Sukamakmur','kec.sukamakmur@gmail.com','kec_sukamakmur','admin_opd',5,NULL,'$2y$10$nmjHA8zhV1TInLo.5mkZx.YVHamq7Hb03Z8O4JJ6TJmJkLX72Pk06',NULL,'2022-03-02 03:02:22','2022-03-02 03:02:22'),(7,'Kecamatan Sukajaya','kec.sukajaya@gmail.com','kec_sukajaya','admin_opd',6,NULL,'$2y$10$hE1QbaXBQVeMiS.BoLCu4ulVg5bT1/Az3vRagQMonnZaNNSID25ry',NULL,'2022-03-02 03:03:19','2022-03-02 03:03:19'),(8,'Kecamatan Gunung Sindur','kec.gunungsindur@gmail.com','kec_gunungsindur','admin_opd',7,NULL,'$2y$10$OxII0nG9ICXmIh3vNdzCJuhDRbTNGEGgQJer2lpLL8X.qxIsJZ/UO',NULL,'2022-03-02 03:03:50','2022-03-02 03:03:50'),(9,'Kecamatan Gunung Putri','kec.gunungputri@gmail.com','kec_gunungputri','admin_opd',8,NULL,'$2y$10$cVMlJZWXtC/eONd7fmp4FecFKg2RhYwS2q9w/IJcMe.7LZJjH4Iha',NULL,'2022-03-02 03:04:12','2022-03-02 03:04:12'),(10,'Kecamatan Caringin','kec.caringin@gmail.com','kec_caringin','admin_opd',9,NULL,'$2y$10$IUGZ60OeLpZFXTq9qZbiqexr7.DBlvUL6OrXi7wMmxNJUhJ.BPo9q',NULL,'2022-03-02 03:04:30','2022-03-02 03:04:30'),(11,'Kecamatan Ciomas','kec.ciomas@gmail.com','kec_ciomas','admin_opd',10,NULL,'$2y$10$U88aZPibK3vfOnmP6HqeiuWy8U9djoXGgda3dRc1U9UQ40ODAoXgS',NULL,'2022-03-02 03:05:16','2022-03-02 03:05:16'),(12,'Kecamatan Parung','kec.parung@gmail.com','kec_parung','admin_opd',11,NULL,'$2y$10$B54HNr8D6dJIjJptkN5CLee19RIM9etLVBbI7LkRI1HwlVkzNZ8LW',NULL,'2022-03-02 03:05:30','2022-03-02 03:05:30'),(13,'Kecamatan Jasinga','kec.jasinga@gmail.com','kec_jasinga','admin_opd',12,NULL,'$2y$10$Q7.bemTlnAM9wxo9FJYSV.XARDa.wsrZxoZToDjBftvmzMbojKMii',NULL,'2022-03-02 03:05:47','2022-03-02 03:05:47'),(14,'Kecamatan Pamijahan','kec.pamijahan@gmail.com','kec_pamijahan','admin_opd',13,NULL,'$2y$10$tmP0xjzct0tQuAOnaw3iIuh8faQJ16AS..rRNujoZYwYkUkqT4B0e',NULL,'2022-03-02 03:06:20','2022-03-02 03:06:20'),(15,'Kecamatan Rumpin','kec.rumpin@gmail.com','kec_rumpin','admin_opd',14,NULL,'$2y$10$o/CluT6u8E6bRzWa3oen3esitaBtk.a2gmVy8xnl8uBL0eGUNAWVi',NULL,'2022-03-02 03:06:34','2022-03-02 03:06:34'),(16,'Kecamatan Cigudeg','kec.cigudeg@gmail.com','kec_cigudeg','admin_opd',15,NULL,'$2y$10$9tDGhE.gRqWhoD.S4Z/23.iuKVrxQYGXmBsUq8F6mWYF3vujAURyy',NULL,'2022-03-02 03:06:53','2022-03-02 03:06:53'),(17,'Kecamatan Ciawi','kec.ciawi@gmail.com','kec_ciawi','admin_opd',16,NULL,'$2y$10$udb02CmFAhlRIOhdvBm9YuI3xUXpT3cfJMv9TZDkgrZIFD1ortPIC',NULL,'2022-03-02 03:07:13','2022-03-02 03:07:13'),(18,'Kecamatan Kemang','kec.kemang@gmail.com','kec_kemang','admin_opd',17,NULL,'$2y$10$iFl8yu48/v1rAdzia/Exqu1yMFJcJZyhy7gSET/pFKCZ82C9FjLyW',NULL,'2022-03-02 03:07:30','2022-03-02 03:07:30'),(19,'Kecamatan Leuwisadeng','kec.leuwisadeng@gmail.com','kec_leuwisadeng','admin_opd',18,NULL,'$2y$10$DKGJo/2ECzxYRAsrvEWxD.5ofJNUYsHhitsEv5FXaMvcLAfhaDpsW',NULL,'2022-03-02 03:10:16','2022-03-02 03:10:16'),(20,'Kecamatan Jonggol','kec.jonggol@gmail.com','kec_jonggol','admin_opd',19,NULL,'$2y$10$7t9NLg9a8ahKptc.HqT9b.hx8nPyBDM.KND1qz26uHVYqw2uKJMYK',NULL,'2022-03-02 03:10:31','2022-03-02 03:10:31'),(21,'Kecamatan Cigombong','kec.cigombong@gmail.com','kec_cigombong','admin_opd',20,NULL,'$2y$10$FJ4ZzVyFwm67Gthq29lefuRsUY5GKqwwmVbxuksJNpR9TyyBITfqe',NULL,'2022-03-02 03:10:50','2022-03-02 03:10:50'),(22,'Kecamatan Cibinong','kec.cibinong@gmail.com','kec_cibinong','admin_opd',21,NULL,'$2y$10$qARnRt895IKO5L1z7WuAoeQ4skiVY8mvaSuTXKB0LkaXfKDRz15EC',NULL,'2022-03-02 03:11:05','2022-03-02 03:11:05'),(23,'Kecamatan Tenjo','kec.tenjo@gmail.com','kec_tenjo','admin_opd',22,NULL,'$2y$10$CZ2IYGSUjHtTQBrg425rS.rLGQchqBkegJsQW8MQWqMf2LXHTX0jm',NULL,'2022-03-02 03:11:23','2022-03-02 03:11:23'),(24,'Kecamatan Cileungsi','kec.cileungsi@gmail.com','kec_cileungsi','admin_opd',23,NULL,'$2y$10$BP80OKLr11o0S.FfH83s.ud9yC7T8XFEh3L.JBEjUq38pb6/yjFo2',NULL,'2022-03-02 03:11:38','2022-03-02 03:11:38'),(25,'Kecamatan Tajurhalang','kec.tajurhalang@gmail.com','kec_tajurhalang','admin_opd',24,NULL,'$2y$10$D8zfmlbLzKS8rcjhmmjQ2eaXLcljz1aTNAaUMDUY5rr83mZBD1G.6',NULL,'2022-03-02 03:11:53','2022-03-02 03:11:53'),(26,'Kecamatan Citeureup','kec.citeureup@gmail.com','kec_citeureup','admin_opd',25,NULL,'$2y$10$RyB21ABF37FwwdISkMkVceCczLGPxpD0.ZtYOpZZyCDrgIHkmsqNG',NULL,'2022-03-02 03:12:08','2022-03-02 03:12:08'),(27,'Kecamatan Rancabungur','kec.rancabungur@gmail.com','kec_rancabungur','admin_opd',26,NULL,'$2y$10$YT/0q1a7UcZZwlR1wiRIZOcDLhZ4jIuxeki8VJRqTVujF19eGl6G6',NULL,'2022-03-02 03:12:27','2022-03-02 03:12:27'),(28,'Kecamatan Cijeruk','kec.cijeruk@gmail.com','kec_cijeruk','admin_opd',27,NULL,'$2y$10$2zwC1Ce4xfmc5HF7kJzxXODDq4s.J6OyEI5SiHtJnlr5RhA5cjmli',NULL,'2022-03-02 03:12:42','2022-03-02 03:12:42'),(29,'Kecamatan Cibungbulang','kec.cibungbulang@gmail.com','kec_cibungbulang','admin_opd',28,NULL,'$2y$10$LIEKF1DSv9OoY74AFLIL/ugv2RvLzc1c.e1Fr2dDlRyWJhRgU1vGe',NULL,'2022-03-02 03:12:58','2022-03-02 03:12:58'),(30,'Kecamatan Dramaga','kec.dramaga@gmail.com','kec_dramaga','admin_opd',29,NULL,'$2y$10$yuePduD9ZFVYnp1UpU2OjuPUPym6K025621t3Cz6ae1Bzej4aFyme',NULL,'2022-03-02 03:13:12','2022-03-02 03:13:12'),(31,'Kecamatan Parung Panjang','kec.parungpanjang@gmail.com','kec_parungpanjang','admin_opd',30,NULL,'$2y$10$zQyQZTsVzB5BQV8.8Pb2vuFf1rPSi8zCCeSancJQyMCkXkbtJuiUG',NULL,'2022-03-02 03:13:31','2022-03-02 03:13:31'),(32,'Kecamatan Klapanunggal','kec.klapanunggal@gmail.com','kec_klapanunggal','admin_opd',31,NULL,'$2y$10$/aqTfdQ2ACZOKFvuXRlN/eo68OlYdM60nMIJ2ws4v7Dw.BYdnMr4.',NULL,'2022-03-02 03:13:48','2022-03-02 03:13:48'),(33,'Kecamatan Megamendung','kec.megamendung@gmail.com','kec_megamendung','admin_opd',32,NULL,'$2y$10$3kKJmx2aAUsKtZA3A/Bu3.Hf6QXOT5HHFf9dj.VRGHXDNeC.2ythy',NULL,'2022-03-02 03:14:02','2022-03-02 03:14:02'),(34,'Kecamatan Leuwiliang','kec.leuwiliang@gmail.com','kec_leuwiliang','admin_opd',33,NULL,'$2y$10$xC0HxdxlZOblbLvfZzd7D.t9HxCQ55v58zFMIxPRZmbDYzo1s9o2q',NULL,'2022-03-02 03:14:20','2022-03-02 03:14:20'),(35,'Kecamatan Nanggung','kec.nanggung@gmail.com','kec_nanggung','admin_opd',34,NULL,'$2y$10$i7i9WLFVspZseYJMdlS4nOkNcbu6CFKM0wfYR/1YabIMJ3PnMQkoO',NULL,'2022-03-02 03:14:34','2022-03-02 03:14:34'),(36,'Kecamatan Sukaraja','kec.sukaraja@gmail.com','kec_sukaraja','admin_opd',35,NULL,'$2y$10$PVPDwU9BdtJUmhv6qO5pV.1zeS8ZrfO19bUsUBpB8dAQ7.cLNmi.K',NULL,'2022-03-02 03:15:46','2022-03-02 03:15:46'),(37,'Kecamatan Babakan Madang','kec.babakanmadang@gmail.com','kec_babakanmadang','admin_opd',36,NULL,'$2y$10$4LxHzTghbr3IiPoPTWJYveR.0LhIBhSH//o2P0/A9nEHzw7FgseSm',NULL,'2022-03-02 03:16:09','2022-03-02 03:16:09'),(38,'Kecamatan Ciampea','kec.ciampea@gmail.com','kec_ciampea','admin_opd',37,NULL,'$2y$10$un.v4kQl5MIR/lXVILOkRut435nsDTOG4MaPQk5uXHk9UoR1XXjU6',NULL,'2022-03-02 03:16:21','2022-03-02 03:16:21'),(39,'Kecamatan Cisarua','kec.cisarua@gmail.com','kec_cisarua','admin_opd',38,NULL,'$2y$10$5eBzWqZ//rlsuiAHxDBXO.RiCiXcKz2jhDCDBjAwdNbr3k6YCbKne',NULL,'2022-03-02 03:16:41','2022-03-02 03:16:41'),(40,'Kecamatan Tenjolaya','kec.tenjolaya@gmail.com','kec_tenjolaya','admin_opd',39,NULL,'$2y$10$78xPzeQdudnTayVT0itS0eQx2J9PgKj.vEGTu6cQc7SpIVdEAHjku',NULL,'2022-03-02 03:16:54','2022-03-02 03:16:54'),(41,'Kecamatan Tamansari','kec.tamansari@gmail.com','kec_tamansari','admin_opd',40,NULL,'$2y$10$RHZC66cHMsMpEHi5oP5eduEdE5jm7aMpqrjUKjVrvQvJ9E3skMwCe',NULL,'2022-03-02 03:17:07','2022-03-02 03:17:07'),(42,'Kecamatan Tanjungsari','kec.tanjungsari@gmail.com','kec_tanjungsari','admin_opd',41,NULL,'$2y$10$lFlAEOqzxJdOViwEswRm2.9JcRsGMUCjg9FXk71ApPkVVFHoZxVYa',NULL,'2022-03-02 03:17:21','2022-03-02 03:17:21'),(43,'Rumah Sakit Umum Daerah Cileungsi','rsud.cileungsi@gmail.com','rsud_cileungsi','admin_opd',42,NULL,'$2y$10$Eam/V/mEfTnUunGPY8EFNuX4TzksN6St1HUYYwn4a4jnbjZhAHm7y',NULL,'2022-03-02 03:17:39','2022-03-02 03:17:39'),(44,'Rumah Sakit Umum Daerah Ciawi','rsud.ciawi@gmail.com','rsud_ciawi','admin_opd',43,NULL,'$2y$10$Axj/jXLaYrPfbRdmz9BTpOUcadRAt6mecLc9guXzI2dYTxVevUPfi',NULL,'2022-03-02 03:17:52','2022-03-02 03:17:52'),(45,'Rumah Sakit Umum Daerah Leuwiliang','rsud.leuwiliang@gmail.com','rsud_leuwiliang','admin_opd',44,NULL,'$2y$10$oewCY7zxva6IQqHf6DOM0ucHZ2fWX2mgVDH25kk8stoAfd1w6qiLG',NULL,'2022-03-02 03:18:09','2022-03-02 03:18:09'),(46,'Dinas Kependudukan dan Pencatatan Sipil','disdukcapil@gmail.com','disdukcapil','admin_opd',45,NULL,'$2y$10$9xnvs1eW0Mtecv7S.ZQ/XewsF0tVDdjPoeBk3lZxJQuiWSY/PN9pS',NULL,'2022-03-02 03:18:24','2022-03-02 03:18:24'),(47,'Inspektorat','inspektorat@gmail.com','inspektorat','admin_opd',46,NULL,'$2y$10$8rFe4IF7RO46iQCzUthR8Omdy2jUZds9660CVShSq/B9gAVPpBCwq',NULL,'2022-03-02 03:18:37','2022-03-02 03:18:37'),(48,'Sekretariat DPRD','sekretariat.dprd@gmail.com','sekretariat_dprd','admin_opd',47,NULL,'$2y$10$Pl1Ifh/FnTZOdqOySEH7CuPMUEgrwGVRbtUEFAGWIAL6dCjN6AncO',NULL,'2022-03-02 03:19:56','2022-03-02 03:19:56'),(49,'Rumah Sakit Umum Daerah Cibinong','rsud.cibinong@gmail.com','rsud_cibinong','admin_opd',48,NULL,'$2y$10$9wkcKX9ZXwJOo58msnN0wuIznjUJJBz3aNab30yzApI6528URMVzq',NULL,'2022-03-02 03:20:16','2022-03-02 03:20:16'),(50,'Badan Pengelolaan Keuangan dan Aset Daerah','email@gmail.com','bpkad','admin_opd',49,NULL,'$2y$10$RJxT7mrFH9yc3KajDX2AxuJscfvlD3fTweJ1kq/N.VmNkk/ESDA.W',NULL,'2022-03-02 03:20:38','2022-03-02 03:20:38'),(52,'Dinas Perhubungan','dishub@gmail.com','dishub','admin_opd',50,NULL,'$2y$10$HcWyEeSSSLSt7McJ7R4uNevJLiAeVmZnFlq.dHCWTULHo305UAylq',NULL,'2022-03-02 03:22:22','2022-03-02 03:22:22'),(53,'Dinas Komunikasi dan Informatika','diskominfo@gmail.com','diskominfo','admin_opd',51,NULL,'$2y$10$O3kvE/KKaiNYsapCXQuBHuZYrockTGjTVK.g8TzwoKr3nXx94b68a',NULL,'2022-03-02 03:22:41','2022-03-02 03:22:41'),(54,'Dinas Penanaman Modal dan Pelayanan Terpadu Satu Pintu','dpmptsp@gmail.com','dpmptsp','admin_opd',52,NULL,'$2y$10$kiVFxeL1J9NMhjhM7rBTXuJWCqcA3EKxrVvoHXanWDgvHdWsgmfwO',NULL,'2022-03-02 03:22:58','2022-03-02 03:22:58'),(55,'Dinas Pemadam Kebakaran','damkar@gmail.com','damkar','admin_opd',53,NULL,'$2y$10$xQP1OQGqQ78WAvgtdulFS.dgebGejg6pCnxNsP/jkmQW/5aWZYLDK',NULL,'2022-03-02 03:23:19','2022-03-02 03:23:19'),(56,'Dinas Ketahanan Pangan','dkp@gmail.com','dkp','admin_opd',54,NULL,'$2y$10$mGvzwkFvwP4XmNQLuqkYPeqOQi17j6Fgr.ib9nF6kmMTrcloOXsIi',NULL,'2022-03-02 03:23:38','2022-03-02 03:23:38'),(57,'Dinas Tanaman Pangan Hortikultura dan Perkebunan','dtphp@gmail.com','dtphp','admin_opd',55,NULL,'$2y$10$Chm5chW7zwg.SzTpbCacPe.Pk6BiQlC/83qafmpoZElj8E0U5fEiW',NULL,'2022-03-02 03:25:13','2022-03-02 03:25:13'),(58,'Dinas Tenaga Kerja','disnaker@gmail.com','disnaker','admin_opd',56,NULL,'$2y$10$ZoM9SjARUFkfassLK2nEP.Q01ccpNYYewzJrCOBsbgpYPrsevjxmG',NULL,'2022-03-02 03:25:35','2022-03-02 03:25:35'),(59,'Badan Kesatuan Bangsa dan Politik','kesbangpol@gmail.com','kesbangpol','admin_opd',57,NULL,'$2y$10$Y5ejeJ/h1aonW8d5PH39YuteLnucBZL4PeG3xvnb7bBpC5Jdc1F7.',NULL,'2022-03-02 03:26:18','2022-03-02 03:26:18'),(60,'Badan Perencanaan Pembangunan  Penelitian dan Pengembangan Daerah','bappelitbang@gmail.com','bappelitbang','admin_opd',58,NULL,'$2y$10$HlqW7aVAVdFjHbuBPgSfi.xruPygZhZVzb/yXF6h6HiLqk1A1r4Sy',NULL,'2022-03-02 03:27:36','2022-03-02 03:27:36'),(61,'Dinas Pekerjaan Umum dan Penataan Ruang','pupr@gmail.com','pupr','admin_opd',59,NULL,'$2y$10$3nD48U.jk0C6EGXglofBveMvM4BhKAK9Wob5FFQFupNzSJ7xg/aF2',NULL,'2022-03-02 03:27:54','2022-03-02 03:27:54'),(62,'Dinas Perumahan Kawasan Pemukiman dan Pertanahan','disperumkim@gmail.com','disperumkim','admin_opd',60,NULL,'$2y$10$IDCmwXgIZ8p1N6J4T4Bb.Of8NfaavpVvRMKTzzRZIvM2CrjrBEvVa',NULL,'2022-03-02 03:28:13','2022-03-02 03:28:13'),(63,'Dinas Kebudayaan dan Pariwisata','disbudpar@gmail.com','disbudpar','admin_opd',61,NULL,'$2y$10$cuuBptdYGtJEK0J2le4n0eG81FVJX2b0QkwS80adutH1WQ6MIRb16',NULL,'2022-03-02 03:28:35','2022-03-02 03:28:35'),(64,'Badan Penanggulangan Bencana Daerah','bpbd@gmail.com','bpbd','admin_opd',62,NULL,'$2y$10$4dNJkdHqKyvE1ZwLuoW2H.UgrBCHSZTzVRz3WJNK6mOlNfcAf9PLO',NULL,'2022-03-02 03:28:53','2022-03-02 03:28:53'),(65,'Dinas Koperasi  Usaha Kecil dan Menengah','diskop@gmail.com','diskop','admin_opd',63,NULL,'$2y$10$OC.7vfGmfgbOMdHtkOCKc.b2KtqfiziO/QVInlQOdAAy8FWf/5W1y',NULL,'2022-03-02 03:29:08','2022-03-02 03:29:08'),(66,'Dinas Pemberdayaan Perempuan dan Perlindungan Anak Pengendalian Penduduk dan KB','dp3ap2kb@gmail.com','dp3ap2kb','admin_opd',64,NULL,'$2y$10$x0obhVEYBo28377Xm.34NeTzxIPJ6dhfVefLsLOQt702GhsIS4pJK',NULL,'2022-03-02 03:29:26','2022-03-02 03:29:26'),(67,'Dinas Perikanan dan Peternakan','diskanak@gmail.com','diskanak','admin_opd',65,NULL,'$2y$10$4V9bhbfu/YcCcNLtgoqV0u3UbVRIu41zMnNhj6B3Ed/1DAVjckpfC',NULL,'2022-03-02 03:29:46','2022-03-02 03:29:46'),(68,'Dinas Kesehatan','dinkes@gmail.com','dinkes','admin_opd',66,NULL,'$2y$10$WkCKfIgkgNTnsv1/eKexzeoAwogLH1w//fFGqP5zO2ovnGKBHIzaG',NULL,'2022-03-02 03:30:02','2022-03-02 03:30:02'),(69,'Satuan Polisi Pamong Praja','satpolpp@gmail.com','satpolpp','admin_opd',67,NULL,'$2y$10$TPUiQ/K7Y8wohk.VrKO1ju/9.eY9EsrJMkPK15nBUIfueuYXVBNx6',NULL,'2022-03-02 03:30:16','2022-03-02 03:30:16'),(70,'Dinas Pemuda dan Olah Raga','dispora@gmail.com','dispora','admin_opd',68,NULL,'$2y$10$l44mM1TFNyA8sFL5Ylm6.eWhwMDg9em4zSR/LYB1Ae.xaKYMvKRtS',NULL,'2022-03-02 03:30:31','2022-03-02 03:30:31'),(71,'Badan Pengelolaan Pendapatan Daerah','bappenda@gmail.com','bappenda','admin_opd',69,NULL,'$2y$10$1yHhKEG5t1ICdzYkhV1R..rdAwnBPzy0m6TJPkdIR8jFFOGgwVfje',NULL,'2022-03-02 03:30:49','2022-03-02 03:30:49'),(72,'Dinas Pemberdayaan Masyarakat dan Desa','dpmd@gmail.com','dpmd','admin_opd',70,NULL,'$2y$10$FsAjw7VYUzGDu9EpQrHig.4HgdZWa1sMyND/2vRkvVR2c/UFnIqFy',NULL,'2022-03-02 03:31:07','2022-03-02 03:31:07'),(73,'Dinas Sosial','dinsos@gmail.com','dinsos','admin_opd',71,NULL,'$2y$10$SyRiY/cWZTXYAbTsenwq3uNRHvw2jeMgwgDC0D0je4N8S2uvVOJZi',NULL,'2022-03-02 03:31:21','2022-03-02 03:31:21'),(74,'Dinas Arsip dan Perpustakaan Daerah','dapd@gmail.com','dapd','admin_opd',72,NULL,'$2y$10$X2shJhV6jUzad1F0.kmNZOLLWnYrLHNl/IKHGwnE4pR07WtV77ya.',NULL,'2022-03-02 03:31:38','2022-03-02 03:31:38'),(75,'Dinas Pendidikan','disdik@gmail.com','disdik','admin_opd',73,NULL,'$2y$10$JyJX0szAhcFgOij/IT8tt.8.FTKkyR/0uL1vZXTzgEbuw1dGiREYK',NULL,'2022-03-02 03:31:53','2022-03-02 03:31:53'),(76,'Dinas Lingkungan Hidup','dlh@gmail.com','dlh','admin_opd',74,NULL,'$2y$10$uq4kxH4F6Xt5fmZEO0gcLu6OSHimPx07mRcaEUzhFhhTg7FkyLBUS',NULL,'2022-03-02 03:32:12','2022-03-02 03:32:12'),(77,'Badan Kepegawaian dan Pengembangan Sumber Daya Manusia','bkpsdm@gmail.com','bkpsdm','admin_opd',75,NULL,'$2y$10$qfH8.3eNuZrAwGRK8mf80ORTdIBvDvYOmiempCvhvBI7lDHYlw3Dy',NULL,'2022-03-02 03:32:28','2022-03-02 03:32:28'),(78,'Dinas Perdagangan dan Perindustrian','disdagperin@gmail.com','disdagperin','admin_opd',76,NULL,'$2y$10$dalyALnVtdCeiPnlF9WqX.07ZewU6Gt/ou20lbcQhZFNc4M.UNm.G',NULL,'2022-03-02 03:32:44','2022-03-02 03:32:44');
/*!40000 ALTER TABLE `users` ENABLE KEYS */;
UNLOCK TABLES;
/*!40103 SET TIME_ZONE=@OLD_TIME_ZONE */;

/*!40101 SET SQL_MODE=@OLD_SQL_MODE */;
/*!40014 SET FOREIGN_KEY_CHECKS=@OLD_FOREIGN_KEY_CHECKS */;
/*!40014 SET UNIQUE_CHECKS=@OLD_UNIQUE_CHECKS */;
/*!40101 SET CHARACTER_SET_CLIENT=@OLD_CHARACTER_SET_CLIENT */;
/*!40101 SET CHARACTER_SET_RESULTS=@OLD_CHARACTER_SET_RESULTS */;
/*!40101 SET COLLATION_CONNECTION=@OLD_COLLATION_CONNECTION */;
/*!40111 SET SQL_NOTES=@OLD_SQL_NOTES */;

-- Dump completed on 2022-04-14 17:35:40
